timestamp,bar_index,trigger,zone_kind,source,zone_id,zone_top,zone_bottom,zone_delta,zone_age_bars,zone_pct,touches_count,label_bounce,label_break,label_bounce_bars,label_break_bars
2024-02-05 02:00:00,3,E5,supply,fvg,fvg:supply:2,2055.800048828125,2054.60009765625,,1,,0,1,0,4,4
2024-02-05 07:00:00,8,E5,supply,fvg,fvg:supply:7,2047.9000244140625,2047.4000244140625,,1,,0,1,0,6,6
2024-02-05 10:00:00,11,E5,supply,fvg,fvg:supply:10,2043.0999755859373,2040.300048828125,,1,,0,0,0,1,3
2024-02-05 14:00:00,15,E5,supply,fvg,fvg:supply:14,2040.300048828125,2039.0,,1,,0,0,0,10,10
2024-02-05 19:00:00,20,E5,demand,fvg,fvg:demand:19,2041.699951171875,2038.800048828125,,1,,0,0,0,10,10
2024-02-06 02:00:00,26,E5,demand,fvg,fvg:demand:25,2042.5,2041.699951171875,,1,,0,0,0,10,10
2024-02-06 03:00:00,27,E2,demand,sd,sd:demand:19,2039.699951171875,2029.7799072265625,25200.0,8,73.7,0,1,0,10,10
2024-02-06 05:00:00,29,E5,supply,fvg,fvg:supply:27,2042.5,2042.300048828125,,2,,0,0,1,9,8
2024-02-06 07:00:00,31,E4,demand,ob_internal,ob_internal:demand:29,2042.300048828125,2039.4000244140625,,2,,0,1,0,7,7
2024-02-06 10:00:00,34,E5,supply,fvg,fvg:supply:33,2042.0999755859373,2041.300048828125,,1,,0,0,1,1,3
2024-02-06 15:00:00,39,E1,supply,sd,sd:supply:5,2059.733439127604,2050.800048828125,-8973.0,34,12.7,0,0,0,10,10
2024-02-06 17:00:00,41,E5,demand,fvg,fvg:demand:40,2051.5,2049.39990234375,,1,,0,0,0,10,10
2024-02-07 03:00:00,50,E1,supply,sd,sd:supply:5,2059.733439127604,2050.800048828125,-8973.0,45,12.7,1,0,0,10,10
2024-02-07 13:00:00,60,E1,supply,sd,sd:supply:5,2059.733439127604,2050.800048828125,-8973.0,55,12.7,2,0,0,1,10
2024-02-08 02:00:00,72,E5,supply,fvg,fvg:supply:65,2053.60009765625,2053.39990234375,,7,,0,1,0,6,6
2024-02-08 02:00:00,72,E5,demand,fvg,fvg:demand:70,2051.199951171875,2051.0,,2,,0,0,1,1,1
2024-02-08 02:00:00,72,E5,demand,fvg,fvg:demand:71,2051.699951171875,2051.5,,1,,0,0,1,1,1
2024-02-08 03:00:00,73,E4,demand,ob_swing,ob_swing:demand:61,2050.10009765625,2046.4000244140625,,12,,0,0,1,5,8
2024-02-08 03:00:00,73,E4,demand,ob_internal,ob_internal:demand:61,2050.10009765625,2046.4000244140625,,12,,0,0,1,5,8
2024-02-08 07:00:00,77,E5,supply,fvg,fvg:supply:74,2051.10009765625,2049.39990234375,,3,,0,0,0,3,5
2024-02-08 09:00:00,79,E1,supply,sd,sd:supply:5,2059.733439127604,2050.800048828125,-8973.0,74,12.7,3,1,0,2,2
2024-02-08 11:00:00,81,E5,demand,fvg,fvg:demand:80,2049.5,2048.300048828125,,1,,0,0,1,1,1
2024-02-08 12:00:00,82,E2,demand,sd,sd:demand:38,2041.300048828125,2033.1205553886218,36637.0,44,51.7,0,0,0,1,2
2024-02-08 12:00:00,82,E2,demand,sd,sd:demand:19,2039.699951171875,2029.7799072265625,25200.0,63,35.6,1,0,0,1,2
2024-02-08 14:00:00,84,E5,supply,fvg,fvg:supply:82,2049.5,2044.0999755859373,,2,,0,0,0,1,10
2024-02-08 14:00:00,84,E5,supply,fvg,fvg:supply:83,2042.699951171875,2041.199951171875,,1,,0,0,1,1,1
2024-02-08 18:00:00,88,E1,supply,sd,sd:supply:83,2057.0833275204614,2049.5,-36061.0,5,33.7,0,0,0,10,10
2024-02-09 05:00:00,98,E5,supply,fvg,fvg:supply:97,2048.699951171875,2048.60009765625,,1,,0,0,0,8,8
2024-02-09 07:00:00,100,E1,supply,sd,sd:supply:83,2057.0833275204614,2049.5,-36061.0,17,33.7,1,0,0,6,6
2024-02-09 10:00:00,103,E4,supply,ob_internal,ob_internal:supply:102,2049.89990234375,2046.800048828125,,1,,0,0,0,3,3
2024-02-09 13:00:00,106,E1,supply,sd,sd:supply:5,2059.733439127604,2050.800048828125,-8973.0,101,8.4,4,0,0,1,3
2024-02-09 13:00:00,106,E2,demand,sd,sd:demand:38,2041.300048828125,2033.1205553886218,36637.0,68,34.3,1,0,0,1,10
2024-02-09 13:00:00,106,E5,demand,fvg,fvg:demand:85,2042.4000244140625,2041.199951171875,,21,,0,0,1,1,1
2024-02-09 14:00:00,107,E2,demand,sd,sd:demand:19,2039.699951171875,2029.7799072265625,25200.0,88,23.6,2,0,0,2,10
2024-02-12 04:00:00,120,E5,supply,fvg,fvg:supply:118,2039.0999755859373,2037.800048828125,,2,,0,0,0,3,10
2024-02-12 04:00:00,120,E5,supply,fvg,fvg:supply:119,2037.5,2036.800048828125,,1,,0,0,1,3,4
2024-02-12 11:00:00,127,E5,supply,fvg,fvg:supply:126,2037.4000244140625,2035.199951171875,,1,,0,0,1,2,2
2024-02-12 17:00:00,133,E1,supply,sd,sd:supply:130,2041.642035797352,2034.300048828125,-40518.0,3,30.9,0,0,0,10,10
2024-02-12 17:00:00,133,E5,supply,fvg,fvg:supply:130,2034.5,2034.199951171875,,3,,0,0,0,10,10
2024-02-12 17:00:00,133,E5,supply,fvg,fvg:supply:131,2032.199951171875,2030.800048828125,,2,,0,0,0,10,10
2024-02-13 01:00:00,140,E5,supply,fvg,fvg:supply:139,2033.4000244140625,2033.0999755859373,,1,,0,0,1,5,5
2024-02-13 03:00:00,142,E2,demand,sd,sd:demand:134,2030.800048828125,2023.3970829716434,24601.0,8,15.8,0,1,0,4,4
2024-02-13 03:00:00,142,E5,demand,fvg,fvg:demand:134,2031.5,2030.0999755859373,,8,,0,1,0,4,4
2024-02-13 04:00:00,143,E5,supply,fvg,fvg:supply:142,2032.9000244140625,2032.4000244140625,,1,,0,0,1,2,2
2024-02-13 05:00:00,144,E1,supply,sd,sd:supply:130,2041.642035797352,2034.300048828125,-40518.0,14,26.0,1,0,0,1,8
2024-02-13 13:00:00,152,E1,supply,sd,sd:supply:107,2053.053704155816,2045.5,-45527.0,45,39.5,0,1,0,1,1
2024-02-13 13:00:00,152,E2,demand,sd,sd:demand:134,2030.800048828125,2023.3970829716434,24601.0,18,21.4,1,0,1,1,1
2024-02-13 13:00:00,152,E5,demand,fvg,fvg:demand:145,2034.0,2033.0,,7,,0,0,1,1,1
2024-02-13 13:00:00,152,E5,demand,fvg,fvg:demand:146,2036.699951171875,2035.0,,6,,0,0,1,1,1
2024-02-13 13:00:00,152,E5,demand,fvg,fvg:demand:147,2037.9000244140625,2037.5999755859373,,5,,0,0,1,1,1
2024-02-13 16:00:00,155,E5,supply,fvg,fvg:supply:154,2016.199951171875,2009.0,,1,,0,0,0,10,10
2024-02-14 09:00:00,171,E5,supply,fvg,fvg:supply:170,2003.5,2003.300048828125,,1,,0,1,0,6,6
2024-02-14 16:00:00,178,E1,supply,sd,sd:supply:176,2010.2192589711335,2002.800048828125,-42335.0,2,16.4,0,0,0,10,10
2024-02-14 18:00:00,180,E2,demand,sd,sd:demand:179,2005.0,1997.5211113823784,65361.0,1,20.2,0,0,0,10,10
2024-02-14 19:00:00,181,E5,demand,fvg,fvg:demand:179,2003.300048828125,2001.5999755859373,,2,,0,0,0,10,10
2024-02-15 04:00:00,189,E1,supply,sd,sd:supply:176,2010.2192589711335,2002.800048828125,-42335.0,13,13.1,1,0,1,4,9
2024-02-15 05:00:00,190,E5,supply,fvg,fvg:supply:189,2003.800048828125,2003.699951171875,,1,,0,0,1,3,3
2024-02-15 08:00:00,193,E2,demand,sd,sd:demand:179,2005.0,1997.5211113823784,65361.0,14,20.2,1,1,0,5,5
2024-02-15 14:00:00,199,E5,supply,fvg,fvg:supply:153,2041.0,2019.0999755859373,,46,,0,0,0,1,10
2024-02-15 15:00:00,200,E5,demand,fvg,fvg:demand:199,2012.9000244140625,2010.699951171875,,1,,0,0,0,10,10
2024-02-16 00:00:00,208,E5,demand,fvg,fvg:demand:203,2014.300048828125,2013.0999755859373,,5,,0,0,0,10,10
2024-02-16 03:00:00,211,E5,demand,fvg,fvg:demand:210,2015.800048828125,2015.300048828125,,1,,0,0,1,10,10
2024-02-16 13:00:00,221,E2,demand,sd,sd:demand:198,2009.5,2002.2105584072708,52785.0,23,15.8,0,0,0,1,2
2024-02-16 15:00:00,223,E1,supply,sd,sd:supply:222,2024.8050354003906,2017.800048828125,-55132.0,1,14.2,0,0,1,2,8
2024-02-16 15:00:00,223,E4,supply,ob_swing,ob_swing:supply:221,2020.0999755859373,2018.0999755859373,,2,,0,0,1,2,2
2024-02-16 15:00:00,223,E4,supply,ob_internal,ob_internal:supply:221,2020.0999755859373,2018.0999755859373,,2,,0,0,1,2,2
2024-02-16 15:00:00,223,E5,supply,fvg,fvg:supply:222,2018.0999755859373,2015.0999755859373,,1,,0,0,1,2,1
2024-02-20 13:00:00,244,E1,supply,sd,sd:supply:154,2048.565161920363,2041.0,-125201.0,90,30.3,0,1,0,10,10
2024-02-21 00:00:00,254,E5,demand,fvg,fvg:demand:241,2034.800048828125,2034.300048828125,,13,,0,1,0,3,3
2024-02-21 01:00:00,255,E5,supply,fvg,fvg:supply:251,2038.0999755859373,2036.5999755859373,,4,,0,0,1,1,2
2024-02-21 02:00:00,256,E1,supply,sd,sd:supply:247,2044.5650158691406,2037.4000244140625,-34145.0,9,7.6,0,0,0,2,10
2024-02-21 03:00:00,257,E1,supply,sd,sd:supply:154,2048.565161920363,2041.0,-125201.0,103,28.0,1,0,0,10,10
2024-02-21 05:00:00,259,E5,demand,fvg,fvg:demand:258,2040.9000244140625,2040.300048828125,,1,,0,0,1,3,3
2024-02-21 08:00:00,262,E5,demand,fvg,fvg:demand:257,2038.9000244140625,2037.300048828125,,5,,0,0,1,8,8
2024-02-21 13:00:00,267,E1,supply,sd,sd:supply:154,2048.565161920363,2041.0,-125201.0,113,28.0,2,1,0,3,3
2024-02-21 15:00:00,269,E5,demand,fvg,fvg:demand:256,2036.4000244140625,2035.5999755859373,,13,,0,0,1,4,2
2024-02-21 19:00:00,273,E5,supply,fvg,fvg:supply:270,2038.0,2036.9000244140625,,3,,0,0,0,10,10
2024-02-21 20:00:00,274,E1,supply,sd,sd:supply:247,2044.5650158691406,2037.4000244140625,-34145.0,27,7.3,1,0,0,7,10
2024-02-22 03:00:00,280,E2,demand,sd,sd:demand:279,2036.699951171875,2029.6819580078125,14286.0,1,2.9,0,1,0,4,4
2024-02-22 04:00:00,281,E4,supply,ob_internal,ob_internal:supply:269,2042.5,2038.300048828125,,12,,0,0,1,3,4
2024-02-22 05:00:00,282,E1,supply,sd,sd:supply:269,2045.84904296875,2038.800048828125,-32404.0,13,6.7,0,0,0,2,8
2024-02-22 07:00:00,284,E1,supply,sd,sd:supply:154,2048.565161920363,2041.0,-125201.0,130,25.8,3,0,0,1,6
2024-02-22 07:00:00,284,E4,supply,ob_swing,ob_swing:supply:272,2043.5,2040.199951171875,,12,,0,0,0,1,6
2024-02-22 08:00:00,285,E1,supply,sd,sd:supply:107,2053.053704155816,2045.5,-45527.0,178,9.4,1,1,0,3,3
2024-02-22 09:00:00,286,E5,demand,fvg,fvg:demand:285,2041.5,2040.800048828125,,1,,0,0,1,2,2
2024-02-22 13:00:00,290,E2,demand,sd,sd:demand:279,2036.699951171875,2029.6819580078125,14286.0,11,2.9,1,0,0,1,10
2024-02-22 13:00:00,290,E4,demand,ob_internal,ob_internal:demand:285,2037.300048828125,2030.9000244140625,,5,,0,0,0,1,10
2024-02-22 15:00:00,292,E2,demand,sd,sd:demand:241,2030.699951171875,2023.6209631347656,27584.0,51,5.7,0,0,0,1,10
2024-02-22 16:00:00,293,E4,demand,ob_internal,ob_internal:demand:240,2030.699951171875,2028.5999755859373,,53,,0,0,0,10,10
2024-02-23 00:00:00,300,E5,demand,fvg,fvg:demand:298,2033.800048828125,2033.5999755859373,,2,,0,0,1,6,6
2024-02-23 01:00:00,301,E5,supply,fvg,fvg:supply:291,2037.5999755859373,2036.5999755859373,,10,,0,1,0,5,5
2024-02-23 06:00:00,306,E2,demand,sd,sd:demand:241,2030.699951171875,2023.6209631347656,27584.0,65,5.7,1,0,0,3,6
2024-02-23 06:00:00,306,E4,demand,ob_internal,ob_internal:demand:240,2030.699951171875,2028.5999755859373,,66,,1,0,1,3,3
2024-02-23 06:00:00,306,E5,demand,fvg,fvg:demand:232,2028.0999755859373,2028.0,,74,,0,0,0,3,6
2024-02-23 07:00:00,307,E5,supply,fvg,fvg:supply:306,2035.199951171875,2032.0,,1,,0,0,1,5,6
2024-02-23 09:00:00,309,E4,demand,ob_internal,ob_internal:demand:231,2027.199951171875,2020.5999755859373,,78,,0,1,0,2,2
2024-02-23 12:00:00,312,E1,supply,sd,sd:supply:247,2044.5650158691406,2037.4000244140625,-34145.0,65,7.3,2,0,1,3,4
2024-02-23 13:00:00,313,E1,supply,sd,sd:supply:269,2045.84904296875,2038.800048828125,-32404.0,44,6.5,1,0,1,2,4
2024-02-23 14:00:00,314,E5,demand,fvg,fvg:demand:313,2034.0,2033.5,,1,,0,1,0,2,2
2024-02-23 15:00:00,315,E1,supply,sd,sd:supply:154,2048.565161920363,2041.0,-125201.0,161,25.1,4,0,1,1,3
2024-02-23 15:00:00,315,E5,supply,fvg,fvg:supply:287,2041.5,2041.199951171875,,28,,0,0,1,1,1
2024-02-23 16:00:00,316,E1,supply,sd,sd:supply:107,2053.053704155816,2045.5,-45527.0,209,9.1,2,0,0,2,7
2024-02-23 17:00:00,317,E1,supply,sd,sd:supply:83,2057.0833275204614,2049.5,-36061.0,234,8.2,2,0,0,1,6
2024-02-23 18:00:00,318,E1,supply,sd,sd:supply:5,2059.733439127604,2050.800048828125,-8973.0,313,2.0,5,1,0,5,5
2024-02-23 20:00:00,320,E5,demand,fvg,fvg:demand:317,2046.4000244140625,2041.4000244140625,,3,,0,0,0,2,10
2024-02-26 00:00:00,323,E5,demand,fvg,fvg:demand:316,2040.0,2038.300048828125,,7,,0,0,0,10,10
2024-02-26 01:00:00,324,E5,supply,fvg,fvg:supply:323,2045.199951171875,2043.5999755859373,,1,,0,0,0,7,10
2024-02-26 08:00:00,331,E1,supply,sd,sd:supply:107,2053.053704155816,2045.5,-45527.0,224,14.4,3,1,0,6,6
2024-02-26 08:00:00,331,E5,supply,fvg,fvg:supply:322,2045.9000244140625,2044.9000244140625,,9,,0,1,0,6,6
2024-02-26 18:00:00,341,E5,supply,fvg,fvg:supply:338,2041.300048828125,2039.5,,3,,0,0,0,2,10
2024-02-26 23:00:00,345,E5,demand,fvg,fvg:demand:344,2040.699951171875,2039.800048828125,,1,,0,1,0,9,9
2024-02-27 04:00:00,350,E4,supply,ob_internal,ob_internal:supply:334,2046.0,2043.0999755859373,,16,,0,0,1,4,4
2024-02-27 04:00:00,350,E4,supply,ob_swing,ob_swing:supply:337,2046.0,2043.0999755859373,,13,,0,0,1,4,4
2024-02-27 07:00:00,353,E1,supply,sd,sd:supply:107,2053.053704155816,2045.5,-45527.0,246,17.0,4,0,0,1,10
2024-02-27 08:00:00,354,E5,supply,fvg,fvg:supply:321,2046.9000244140625,2046.800048828125,,33,,0,1,0,7,7
2024-02-27 13:00:00,359,E5,demand,fvg,fvg:demand:358,2046.699951171875,2046.0,,1,,0,0,1,2,1
2024-02-27 15:00:00,361,E4,demand,ob_internal,ob_internal:demand:353,2043.5,2039.5,,8,,0,0,0,2,10
2024-02-27 15:00:00,361,E5,supply,fvg,fvg:supply:360,2046.699951171875,2046.0,,1,,0,0,0,10,10
2024-02-27 18:00:00,364,E1,supply,sd,sd:supply:107,2053.053704155816,2045.5,-45527.0,257,14.6,5,0,0,10,10
2024-02-27 19:00:00,365,E2,demand,sd,sd:demand:342,2038.9000244140625,2031.8850354003907,16304.0,23,5.2,0,0,0,10,10
2024-02-27 20:00:00,366,E4,demand,ob_swing,ob_swing:demand:354,2039.5,2034.0999755859373,,12,,0,0,0,10,10
2024-02-27 21:00:00,367,E5,supply,fvg,fvg:supply:366,2041.4000244140625,2039.800048828125,,1,,0,0,0,3,10
2024-02-28 06:00:00,375,E2,demand,sd,sd:demand:342,2038.9000244140625,2031.8850354003907,16304.0,33,5.2,1,0,0,3,7
2024-02-28 08:00:00,377,E5,supply,fvg,fvg:supply:376,2038.800048828125,2038.199951171875,,1,,0,0,1,4,5
2024-02-28 10:00:00,379,E5,supply,fvg,fvg:supply:378,2036.5999755859373,2036.300048828125,,1,,0,0,1,2,2
2024-02-28 12:00:00,381,E4,supply,ob_internal,ob_internal:supply:376,2042.5,2038.5999755859373,,5,,0,0,1,1,1
2024-02-28 13:00:00,382,E1,supply,sd,sd:supply:107,2053.053704155816,2045.5,-45527.0,275,14.6,6,0,0,10,10
2024-02-28 13:00:00,382,E4,supply,ob_internal,ob_internal:supply:365,2049.10009765625,2044.199951171875,,17,,0,0,0,10,10
2024-02-28 13:00:00,382,E4,supply,ob_swing,ob_swing:supply:378,2049.10009765625,2044.199951171875,,4,,0,0,0,10,10
2024-02-28 14:00:00,383,E1,supply,sd,sd:supply:361,2053.2539416503905,2046.699951171875,-45393.0,22,14.5,0,0,0,3,10
2024-02-28 15:00:00,384,E5,demand,fvg,fvg:demand:383,2040.0999755859373,2039.5,,1,,0,0,0,10,10
2024-02-29 00:00:00,392,E5,demand,fvg,fvg:demand:390,2042.300048828125,2041.5999755859373,,2,,0,0,1,10,10
2024-02-29 01:00:00,393,E4,supply,ob_internal,ob_internal:supply:365,2049.10009765625,2044.199951171875,,28,,1,1,0,9,9
2024-02-29 01:00:00,393,E4,supply,ob_swing,ob_swing:supply:378,2049.10009765625,2044.199951171875,,15,,1,1,0,9,9
2024-02-29 02:00:00,394,E1,supply,sd,sd:supply:107,2053.053704155816,2045.5,-45527.0,287,14.6,7,1,0,8,8
2024-02-29 09:00:00,401,E4,demand,ob_internal,ob_internal:demand:399,2044.199951171875,2042.5999755859373,,2,,0,0,1,1,1
2024-02-29 10:00:00,402,E2,demand,sd,sd:demand:342,2038.9000244140625,2031.8850354003907,16304.0,60,5.2,2,0,0,2,3
2024-02-29 11:00:00,403,E5,demand,fvg,fvg:demand:382,2038.0999755859373,2037.0,,21,,0,1,0,2,2
2024-02-29 13:00:00,405,E1,supply,sd,sd:supply:403,2050.3379772949215,2044.0999755859373,-16981.0,2,5.1,0,0,1,10,1
2024-02-29 13:00:00,405,E1,supply,sd,sd:supply:361,2053.2539416503905,2046.699951171875,-45393.0,44,13.8,1,0,1,10,1
2024-02-29 13:00:00,405,E1,supply,sd,sd:supply:107,2053.053704155816,2045.5,-45527.0,298,13.8,8,0,1,10,1
2024-02-29 13:00:00,405,E1,supply,sd,sd:supply:83,2057.0833275204614,2049.5,-36061.0,322,10.9,3,0,0,10,10
2024-02-29 13:00:00,405,E1,supply,sd,sd:supply:5,2059.733439127604,2050.800048828125,-8973.0,400,2.7,6,0,0,10,10
2024-02-29 13:00:00,405,E4,supply,ob_swing,ob_swing:supply:78,2057.0,2053.60009765625,,327,,0,0,0,10,10
2024-02-29 13:00:00,405,E5,supply,fvg,fvg:supply:402,2043.800048828125,2043.0,,3,,0,0,1,10,1
2024-02-29 13:00:00,405,E5,supply,fvg,fvg:supply:403,2042.199951171875,2039.800048828125,,2,,0,0,1,10,1
2024-02-29 15:00:00,407,E5,demand,fvg,fvg:demand:406,2054.39990234375,2038.699951171875,,1,,0,0,0,1,10
2024-03-01 04:00:00,419,E5,demand,fvg,fvg:demand:418,2053.699951171875,2053.10009765625,,1,,0,0,1,4,4
2024-03-01 09:00:00,424,E1,supply,sd,sd:supply:83,2057.0833275204614,2049.5,-36061.0,341,16.3,4,0,1,1,1
2024-03-01 09:00:00,424,E1,supply,sd,sd:supply:5,2059.733439127604,2050.800048828125,-8973.0,419,4.0,7,0,1,1,1
2024-03-01 09:00:00,424,E4,supply,ob_internal,ob_internal:supply:423,2057.199951171875,2053.39990234375,,1,,0,0,1,1,1
2024-03-01 12:00:00,427,E5,demand,fvg,fvg:demand:426,2062.39990234375,2056.0,,1,,0,0,1,2,2
2024-03-01 14:00:00,429,E2,demand,sd,sd:demand:426,2053.89990234375,2047.5448986816407,36953.0,3,22.9,0,1,0,1,1
2024-03-01 14:00:00,429,E5,demand,fvg,fvg:demand:425,2054.300048828125,2053.89990234375,,4,,0,1,0,1,1
2024-03-01 15:00:00,430,E1,supply,sd,sd:supply:429,2068.9159045410156,2062.39990234375,-58381.0,1,26.6,0,0,1,1,1
2024-03-03 23:00:00,437,E5,demand,fvg,fvg:demand:433,2091.0,2090.800048828125,,4,,0,0,0,10,10
2024-03-03 23:00:00,437,E5,supply,fvg,fvg:supply:436,2093.5,2093.0,,1,,0,0,0,10,10
2024-03-04 01:00:00,439,E5,demand,fvg,fvg:demand:432,2088.699951171875,2079.800048828125,,7,,0,0,0,10,10
2024-03-04 08:00:00,446,E5,demand,fvg,fvg:demand:445,2092.10009765625,2090.800048828125,,1,,0,1,0,5,5
2024-03-04 19:00:00,457,E5,demand,fvg,fvg:demand:455,2122.10009765625,2118.10009765625,,2,,0,0,0,5,10
2024-03-05 03:00:00,464,E5,supply,fvg,fvg:supply:463,2122.5,2121.5,,1,,0,0,1,2,2
2024-03-05 07:00:00,468,E5,demand,fvg,fvg:demand:466,2123.300048828125,2122.0,,2,,0,1,0,2,2
2024-03-05 11:00:00,472,E5,demand,fvg,fvg:demand:471,2131.60009765625,2130.39990234375,,1,,0,1,0,2,2
2024-03-05 20:00:00,481,E5,demand,fvg,fvg:demand:479,2138.0,2137.300048828125,,2,,0,0,0,6,10
2024-03-06 07:00:00,491,E5,supply,fvg,fvg:supply:483,2136.89990234375,2136.699951171875,,8,,0,0,1,4,4
2024-03-06 15:00:00,499,E5,demand,fvg,fvg:demand:498,2143.699951171875,2143.10009765625,,1,,0,0,0,10,10
2024-03-07 06:00:00,513,E5,demand,fvg,fvg:demand:512,2161.699951171875,2159.89990234375,,1,,0,0,0,8,10
2024-03-07 14:00:00,521,E5,demand,fvg,fvg:demand:510,2157.199951171875,2156.60009765625,,11,,0,0,0,10,10
2024-03-08 03:00:00,533,E5,supply,fvg,fvg:supply:532,2166.800048828125,2165.60009765625,,1,,0,0,1,5,5
2024-03-08 13:00:00,543,E2,demand,sd,sd:demand:539,2166.199951171875,2157.451936035156,33690.0,4,15.0,0,0,0,1,4
2024-03-08 13:00:00,543,E5,demand,fvg,fvg:demand:537,2166.10009765625,2165.60009765625,,6,,0,0,0,1,4
2024-03-08 13:00:00,543,E5,demand,fvg,fvg:demand:539,2171.5,2169.0,,4,,0,0,0,1,4
2024-03-08 18:00:00,548,E5,demand,fvg,fvg:demand:547,2187.800048828125,2184.39990234375,,1,,0,0,1,10,1
2024-03-08 20:00:00,550,E5,supply,fvg,fvg:supply:549,2187.800048828125,2184.800048828125,,1,,0,0,1,4,4
2024-03-11 16:00:00,570,E2,demand,sd,sd:demand:569,2187.300048828125,2177.2000366210937,58078.0,1,21.8,0,0,0,10,10
2024-03-11 22:00:00,575,E5,demand,fvg,fvg:demand:574,2187.39990234375,2187.300048828125,,1,,0,0,1,7,7
2024-03-12 04:00:00,581,E5,supply,fvg,fvg:supply:580,2186.0,2185.0,,1,,0,1,0,8,8
2024-03-12 07:00:00,584,E5,supply,fvg,fvg:supply:583,2183.39990234375,2183.10009765625,,1,,0,0,0,5,5
2024-03-12 12:00:00,589,E2,demand,sd,sd:demand:539,2166.199951171875,2157.451936035156,33690.0,50,12.6,1,0,0,1,10
2024-03-12 19:00:00,596,E5,supply,fvg,fvg:supply:595,2167.0,2162.300048828125,,1,,0,0,0,10,10
2024-03-13 13:00:00,613,E5,supply,fvg,fvg:supply:590,2176.199951171875,2175.699951171875,,23,,0,0,1,2,4
2024-03-13 13:00:00,613,E5,demand,fvg,fvg:demand:611,2167.0,2165.60009765625,,2,,0,1,0,4,4
2024-03-13 17:00:00,617,E1,supply,sd,sd:supply:589,2192.4070166015626,2182.0,-80489.0,28,22.1,0,0,0,10,10
2024-03-14 06:00:00,629,E2,demand,sd,sd:demand:615,2171.699951171875,2160.7129345703124,74885.0,14,20.6,0,0,0,6,10
2024-03-14 08:00:00,631,E5,supply,fvg,fvg:supply:629,2175.199951171875,2174.60009765625,,2,,0,1,0,4,4
2024-03-14 12:00:00,635,E2,demand,sd,sd:demand:539,2166.199951171875,2157.451936035156,33690.0,96,9.3,2,0,0,1,10
2024-03-14 15:00:00,638,E4,demand,ob_internal,ob_internal:demand:614,2163.0,2156.199951171875,,24,,0,0,0,10,10
2024-03-14 20:00:00,643,E2,demand,sd,sd:demand:641,2166.60009765625,2155.932092285156,40635.0,2,9.5,0,0,0,10,10
2024-03-15 02:00:00,648,E5,demand,fvg,fvg:demand:647,2166.39990234375,2166.0,,1,,0,1,0,4,4
2024-03-15 05:00:00,651,E1,supply,sd,sd:supply:636,2182.9269091796873,2172.39990234375,-58293.0,15,13.6,0,1,0,7,7
2024-03-15 05:00:00,651,E5,supply,fvg,fvg:supply:636,2171.60009765625,2171.5,,15,,0,1,1,7,4
2024-03-15 05:00:00,651,E5,demand,fvg,fvg:demand:650,2167.699951171875,2166.89990234375,,1,,0,0,1,3,7
2024-03-15 06:00:00,652,E2,demand,sd,sd:demand:615,2171.699951171875,2160.7129345703124,74885.0,37,17.5,1,0,0,6,10
2024-03-15 07:00:00,653,E5,demand,fvg,fvg:demand:652,2171.10009765625,2169.39990234375,,1,,0,0,1,5,5
2024-03-15 12:00:00,658,E2,demand,sd,sd:demand:641,2166.60009765625,2155.932092285156,40635.0,17,9.5,1,0,0,1,10
2024-03-15 12:00:00,658,E4,demand,ob_internal,ob_internal:demand:651,2169.5,2162.300048828125,,7,,0,0,1,1,9
2024-03-15 14:00:00,660,E5,supply,fvg,fvg:supply:659,2170.199951171875,2167.300048828125,,1,,0,1,0,3,3
2024-03-15 16:00:00,662,E4,demand,ob_internal,ob_internal:demand:614,2163.0,2156.199951171875,,48,,1,0,1,5,9
2024-03-17 23:00:00,668,E5,supply,fvg,fvg:supply:667,2160.10009765625,2159.89990234375,,1,,0,1,0,3,3
2024-03-18 01:00:00,670,E4,demand,ob_internal,ob_internal:demand:511,2155.800048828125,2147.800048828125,,159,,0,0,0,1,10
2024-03-18 04:00:00,673,E5,supply,fvg,fvg:supply:672,2153.300048828125,2151.300048828125,,1,,0,0,1,3,4
2024-03-18 08:00:00,677,E5,supply,fvg,fvg:supply:671,2158.199951171875,2156.699951171875,,6,,0,0,1,2,3
2024-03-18 12:00:00,681,E5,demand,fvg,fvg:demand:680,2161.800048828125,2159.300048828125,,1,,0,0,0,4,10
2024-03-18 16:00:00,685,E5,demand,fvg,fvg:demand:679,2158.10009765625,2157.89990234375,,6,,0,0,0,10,10
2024-03-19 00:00:00,692,E2,demand,sd,sd:demand:685,2164.699951171875,2154.5359497070312,34668.0,7,8.4,0,0,1,5,8
2024-03-19 08:00:00,700,E5,demand,fvg,fvg:demand:677,2153.60009765625,2152.60009765625,,23,,0,0,0,6,10
2024-03-19 08:00:00,700,E5,demand,fvg,fvg:demand:678,2156.699951171875,2155.699951171875,,22,,0,0,1,6,6
2024-03-19 12:00:00,704,E5,supply,fvg,fvg:supply:698,2163.0,2160.800048828125,,6,,0,1,0,2,2
2024-03-19 13:00:00,705,E2,demand,sd,sd:demand:703,2159.10009765625,2149.5131005859375,20714.0,2,4.9,0,0,0,10,10
2024-03-19 13:00:00,705,E4,demand,ob_internal,ob_internal:demand:511,2155.800048828125,2147.800048828125,,194,,1,0,0,10,10
2024-03-20 00:00:00,715,E2,demand,sd,sd:demand:703,2159.10009765625,2149.5131005859375,20714.0,12,5.2,1,0,0,9,10
2024-03-20 01:00:00,716,E5,supply,fvg,fvg:supply:715,2160.800048828125,2160.5,,1,,0,0,0,10,10
2024-03-20 07:00:00,722,E5,supply,fvg,fvg:supply:720,2161.5,2161.199951171875,,2,,0,1,0,5,5
2024-03-20 09:00:00,724,E4,demand,ob_internal,ob_internal:demand:717,2158.800048828125,2151.300048828125,,7,,0,0,0,3,5
2024-03-20 13:00:00,728,E1,supply,sd,sd:supply:725,2168.842941894531,2159.699951171875,-21647.0,3,5.1,0,0,1,1,5
2024-03-20 13:00:00,728,E5,supply,fvg,fvg:supply:724,2159.699951171875,2159.0,,4,,0,0,1,1,1
2024-03-20 14:00:00,729,E2,demand,sd,sd:demand:703,2159.10009765625,2149.5131005859375,20714.0,26,4.9,2,1,0,4,4
2024-03-20 15:00:00,730,E5,demand,fvg,fvg:demand:729,2158.60009765625,2158.10009765625,,1,,0,1,0,3,3
2024-03-20 18:00:00,733,E1,supply,sd,sd:supply:659,2182.092961425781,2171.699951171875,-50712.0,74,12.0,0,0,1,1,1
2024-03-20 18:00:00,733,E1,supply,sd,sd:supply:636,2182.9269091796873,2172.39990234375,-58293.0,97,13.8,1,0,1,1,1
2024-03-20 18:00:00,733,E1,supply,sd,sd:supply:589,2192.4070166015626,2182.0,-80489.0,144,19.0,1,0,1,1,3
2024-03-20 18:00:00,733,E5,supply,fvg,fvg:supply:658,2172.699951171875,2171.39990234375,,75,,0,0,1,1,1
2024-03-20 20:00:00,735,E4,supply,ob_swing,ob_swing:supply:588,2192.199951171875,2186.39990234375,,147,,0,0,1,1,1
2024-03-21 00:00:00,738,E5,demand,fvg,fvg:demand:737,2198.5,2190.39990234375,,1,,0,0,0,10,10
2024-03-21 08:00:00,746,E5,demand,fvg,fvg:demand:744,2206.60009765625,2206.39990234375,,2,,0,0,1,5,5
2024-03-21 08:00:00,746,E5,demand,fvg,fvg:demand:745,2208.5,2207.199951171875,,1,,0,0,1,5,5
2024-03-21 10:00:00,748,E5,supply,fvg,fvg:supply:747,2208.5,2208.300048828125,,1,,0,1,0,3,3
2024-03-21 14:00:00,752,E5,demand,fvg,fvg:demand:734,2181.800048828125,2162.699951171875,,18,,0,0,0,1,10
2024-03-21 16:00:00,754,E5,supply,fvg,fvg:supply:753,2193.699951171875,2178.699951171875,,1,,0,0,0,10,10
2024-03-21 19:00:00,757,E5,demand,fvg,fvg:demand:756,2182.699951171875,2182.5,,1,,0,0,1,5,5
2024-03-22 01:00:00,762,E2,demand,sd,sd:demand:756,2178.699951171875,2168.882966308594,51050.0,6,11.3,0,0,0,6,10
2024-03-22 01:00:00,762,E5,demand,fvg,fvg:demand:755,2180.60009765625,2178.699951171875,,7,,0,0,1,6,5
2024-03-22 09:00:00,770,E5,supply,fvg,fvg:supply:769,2171.10009765625,2170.699951171875,,1,,0,0,1,3,3
2024-03-22 12:00:00,773,E1,supply,sd,sd:supply:769,2183.9519360351565,2174.199951171875,-29726.0,4,6.4,0,1,0,4,4
2024-03-22 12:00:00,773,E5,supply,fvg,fvg:supply:768,2174.199951171875,2171.800048828125,,5,,0,1,1,4,1
2024-03-22 13:00:00,774,E5,supply,fvg,fvg:supply:763,2182.89990234375,2179.0,,11,,0,1,0,2,2
2024-03-22 14:00:00,775,E5,demand,fvg,fvg:demand:774,2174.0,2169.39990234375,,1,,0,0,1,1,2
2024-03-22 17:00:00,778,E2,demand,sd,sd:demand:735,2162.699951171875,2153.1029663085938,92042.0,43,19.7,0,1,0,7,7
2024-03-22 17:00:00,778,E2,demand,sd,sd:demand:703,2159.10009765625,2149.5131005859375,20714.0,75,4.4,3,1,0,7,7
2024-03-22 19:00:00,780,E5,supply,fvg,fvg:supply:778,2167.0,2166.39990234375,,2,,0,0,1,5,5
2024-03-24 23:00:00,783,E5,supply,fvg,fvg:supply:777,2172.699951171875,2169.10009765625,,6,,0,0,1,2,3
2024-03-25 01:00:00,785,E1,supply,sd,sd:supply:769,2183.9519360351565,2174.199951171875,-29726.0,16,6.4,1,0,0,10,10
2024-03-25 01:00:00,785,E4,supply,ob_internal,ob_internal:supply:777,2181.800048828125,2174.0,,8,,0,0,0,10,10
2024-03-25 03:00:00,787,E5,demand,fvg,fvg:demand:786,2174.89990234375,2170.5,,1,,0,0,1,3,4
2024-03-25 11:00:00,795,E5,supply,fvg,fvg:supply:788,2174.89990234375,2172.89990234375,,7,,0,0,1,1,2
2024-03-25 12:00:00,796,E1,supply,sd,sd:supply:769,2183.9519360351565,2174.199951171875,-29726.0,27,6.4,2,0,0,1,10
2024-03-25 12:00:00,796,E4,supply,ob_internal,ob_internal:supply:777,2181.800048828125,2174.0,,19,,1,0,0,1,10
2024-03-25 18:00:00,802,E5,demand,fvg,fvg:demand:797,2174.0,2173.0,,5,,0,0,0,6,10
2024-03-25 22:00:00,805,E5,supply,fvg,fvg:supply:804,2174.0,2173.39990234375,,1,,0,0,1,10,10
2024-03-26 00:00:00,807,E1,supply,sd,sd:supply:769,2183.9519360351565,2174.199951171875,-29726.0,38,6.2,3,0,1,8,9
2024-03-26 00:00:00,807,E5,supply,fvg,fvg:supply:803,2175.199951171875,2174.699951171875,,4,,0,0,1,8,8
2024-03-26 01:00:00,808,E2,demand,sd,sd:demand:797,2170.0,2160.2540185546877,45122.0,11,9.5,0,1,0,7,7
2024-03-26 03:00:00,810,E5,supply,fvg,fvg:supply:809,2172.800048828125,2172.10009765625,,1,,0,0,1,4,5
2024-03-26 05:00:00,812,E4,supply,ob_internal,ob_internal:supply:808,2175.0,2172.800048828125,,4,,0,0,1,3,3
2024-03-26 08:00:00,815,E5,supply,fvg,fvg:supply:802,2176.0,2175.699951171875,,13,,0,0,1,1,1
2024-03-26 09:00:00,816,E5,supply,fvg,fvg:supply:752,2205.10009765625,2194.10009765625,,64,,0,0,0,1,4
2024-03-26 12:00:00,819,E5,demand,fvg,fvg:demand:817,2191.10009765625,2179.800048828125,,2,,0,0,1,1,3
2024-03-26 12:00:00,819,E5,demand,fvg,fvg:demand:818,2195.800048828125,2195.60009765625,,1,,0,0,1,1,1
2024-03-26 13:00:00,820,E5,demand,fvg,fvg:demand:816,2178.800048828125,2174.699951171875,,4,,0,0,0,2,10
2024-03-26 15:00:00,822,E2,demand,sd,sd:demand:816,2174.5,2164.8020166015626,24144.0,6,5.3,0,0,0,10,10
2024-03-26 17:00:00,824,E5,supply,fvg,fvg:supply:823,2179.60009765625,2178.699951171875,,1,,0,0,0,10,10
2024-03-27 01:00:00,831,E4,demand,ob_internal,ob_internal:demand:815,2174.699951171875,2168.300048828125,,16,,0,1,0,6,6
2024-03-27 01:00:00,831,E4,demand,ob_swing,ob_swing:demand:816,2174.699951171875,2168.300048828125,,15,,0,1,0,6,6
2024-03-27 03:00:00,833,E4,supply,ob_internal,ob_internal:supply:831,2179.800048828125,2175.300048828125,,2,,0,0,1,4,4
2024-03-27 05:00:00,835,E2,demand,sd,sd:demand:816,2174.5,2164.8020166015626,24144.0,19,5.3,1,1,0,2,2
2024-03-27 07:00:00,837,E1,supply,sd,sd:supply:820,2201.0260815429688,2191.10009765625,-67376.0,17,14.9,0,1,0,1,1
2024-03-27 07:00:00,837,E5,supply,fvg,fvg:supply:820,2195.800048828125,2193.300048828125,,17,,0,1,0,1,1
2024-03-27 07:00:00,837,E5,supply,fvg,fvg:supply:821,2187.10009765625,2186.60009765625,,16,,0,1,0,1,1
2024-03-27 09:00:00,839,E1,supply,sd,sd:supply:753,2214.956083984375,2205.10009765625,-150454.0,86,39.0,0,1,0,1,1
2024-03-27 09:00:00,839,E4,supply,ob_swing,ob_swing:supply:751,2214.10009765625,2207.39990234375,,88,,0,1,0,1,1
2024-03-27 09:00:00,839,E4,supply,ob_internal,ob_internal:supply:751,2214.10009765625,2207.39990234375,,88,,0,1,0,1,1
2024-03-28 17:00:00,870,E2,demand,sd,sd:demand:869,2238.699951171875,2221.2369604492187,57956.0,1,24.2,0,0,0,10,10
2024-04-01 09:00:00,885,E5,demand,fvg,fvg:demand:877,2270.5,2267.800048828125,,8,,0,0,1,5,5
2024-04-01 13:00:00,889,E5,supply,fvg,fvg:supply:886,2276.39990234375,2273.89990234375,,3,,0,0,0,10,10
2024-04-01 14:00:00,890,E5,demand,fvg,fvg:demand:874,2255.5,2242.89990234375,,16,,0,0,0,10,10
2024-04-01 23:00:00,898,E5,demand,fvg,fvg:demand:897,2269.199951171875,2265.199951171875,,1,,0,0,0,10,10
2024-04-02 04:00:00,903,E5,demand,fvg,fvg:demand:902,2271.5,2270.89990234375,,1,,0,1,0,10,10
2024-04-02 10:00:00,909,E5,demand,fvg,fvg:demand:907,2276.5,2276.39990234375,,2,,0,0,0,2,9
2024-04-02 10:00:00,909,E5,demand,fvg,fvg:demand:908,2280.199951171875,2278.0,,1,,0,0,0,2,9
2024-04-02 23:00:00,921,E5,demand,fvg,fvg:demand:920,2300.39990234375,2300.199951171875,,1,,0,0,1,8,8
2024-04-03 07:00:00,929,E5,demand,fvg,fvg:demand:918,2291.89990234375,2287.60009765625,,11,,0,1,0,7,7
2024-04-03 07:00:00,929,E5,demand,fvg,fvg:demand:919,2296.300048828125,2293.699951171875,,10,,0,1,1,7,5
2024-04-03 12:00:00,934,E5,demand,fvg,fvg:demand:917,2286.199951171875,2281.89990234375,,17,,0,1,0,4,4
2024-04-03 13:00:00,935,E5,supply,fvg,fvg:supply:930,2301.10009765625,2296.300048828125,,5,,0,0,1,1,2
2024-04-03 14:00:00,936,E2,demand,sd,sd:demand:935,2295.199951171875,2275.5179614257813,58019.0,1,26.5,0,1,0,4,4
2024-04-03 15:00:00,937,E4,supply,ob_internal,ob_internal:supply:929,2308.300048828125,2303.300048828125,,8,,0,0,1,1,1
2024-04-04 07:00:00,952,E5,supply,fvg,fvg:supply:951,2317.5,2316.89990234375,,1,,0,0,0,7,10
2024-04-04 10:00:00,955,E5,supply,fvg,fvg:supply:953,2314.199951171875,2313.89990234375,,2,,0,1,0,2,2
2024-04-04 11:00:00,956,E5,demand,fvg,fvg:demand:939,2309.39990234375,2309.199951171875,,17,,0,0,1,1,1
2024-04-04 13:00:00,958,E5,supply,fvg,fvg:supply:957,2311.800048828125,2309.199951171875,,1,,0,0,1,1,1
2024-04-04 14:00:00,959,E1,supply,sd,sd:supply:958,2330.8500366210938,2311.800048828125,-49391.0,1,18.4,0,0,0,4,5
2024-04-04 19:00:00,964,E5,demand,fvg,fvg:demand:937,2300.89990234375,2299.5,,27,,0,0,1,5,5
2024-04-04 22:00:00,966,E5,supply,fvg,fvg:supply:965,2312.199951171875,2311.0,,1,,0,1,0,3,3
2024-04-05 01:00:00,969,E2,demand,sd,sd:demand:935,2295.199951171875,2275.5179614257813,58019.0,34,21.6,1,1,0,6,6
2024-04-05 01:00:00,969,E4,demand,ob_swing,ob_swing:demand:938,2295.5,2285.699951171875,,31,,0,1,0,6,6
2024-04-05 01:00:00,969,E4,demand,ob_internal,ob_internal:demand:938,2295.5,2285.699951171875,,31,,0,1,0,6,6
2024-04-05 03:00:00,971,E5,supply,fvg,fvg:supply:970,2301.5,2293.60009765625,,1,,0,0,1,4,4
2024-04-05 07:00:00,975,E5,supply,fvg,fvg:supply:969,2307.5,2302.699951171875,,6,,0,0,1,5,3
2024-04-05 09:00:00,977,E1,supply,sd,sd:supply:958,2330.8500366210938,2311.800048828125,-49391.0,19,18.4,1,0,1,4,5
2024-04-05 10:00:00,978,E4,supply,ob_internal,ob_internal:supply:968,2325.300048828125,2312.199951171875,,10,,0,0,1,3,4
2024-04-05 12:00:00,980,E5,demand,fvg,fvg:demand:976,2303.89990234375,2301.800048828125,,4,,0,1,0,2,2
2024-04-07 22:00:00,989,E5,demand,fvg,fvg:demand:983,2334.199951171875,2323.0,,6,,0,1,0,4,4
2024-04-08 01:00:00,992,E5,supply,fvg,fvg:supply:990,2341.89990234375,2333.5,,2,,0,0,1,1,1
2024-04-08 04:00:00,995,E5,demand,fvg,fvg:demand:994,2359.800048828125,2344.300048828125,,1,,0,0,0,8,10
2024-04-08 14:00:00,1005,E5,demand,fvg,fvg:demand:993,2340.5,2331.199951171875,,12,,0,0,0,10,10
2024-04-08 17:00:00,1008,E1,supply,sd,sd:supply:1004,2375.423996582031,2354.0,-69022.0,4,18.9,0,0,0,7,10
2024-04-08 17:00:00,1008,E4,supply,ob_internal,ob_internal:supply:1003,2362.60009765625,2354.0,,5,,0,0,0,7,10
2024-04-08 17:00:00,1008,E5,supply,fvg,fvg:supply:1004,2355.39990234375,2354.800048828125,,4,,0,0,1,7,7
2024-04-08 22:00:00,1012,E5,demand,fvg,fvg:demand:1009,2356.0,2349.10009765625,,3,,0,1,0,9,9
2024-04-09 10:00:00,1024,E5,demand,fvg,fvg:demand:1023,2376.10009765625,2376.0,,1,,0,0,1,2,1
2024-04-09 11:00:00,1025,E5,demand,fvg,fvg:demand:1022,2370.300048828125,2365.300048828125,,3,,0,0,1,1,4
2024-04-09 12:00:00,1026,E2,demand,sd,sd:demand:1023,2365.300048828125,2343.8660546875,38935.0,3,13.8,0,0,0,3,10
2024-04-09 12:00:00,1026,E5,supply,fvg,fvg:supply:1025,2376.10009765625,2375.60009765625,,1,,0,0,0,1,10
2024-04-09 13:00:00,1027,E1,supply,sd,sd:supply:1026,2397.7360888671874,2376.10009765625,-46309.0,1,14.1,0,0,0,1,2
2024-04-09 15:00:00,1029,E4,demand,ob_internal,ob_internal:demand:1021,2367.5,2356.300048828125,,8,,0,0,0,10,10
2024-04-09 22:00:00,1035,E5,demand,fvg,fvg:demand:1034,2369.199951171875,2368.60009765625,,1,,0,0,0,3,10
2024-04-10 01:00:00,1038,E2,demand,sd,sd:demand:1023,2365.300048828125,2343.8660546875,38935.0,15,11.9,1,0,0,10,10
2024-04-10 05:00:00,1042,E1,supply,sd,sd:supply:1026,2397.7360888671874,2376.10009765625,-46309.0,16,14.1,1,1,0,7,7
2024-04-10 06:00:00,1043,E5,demand,fvg,fvg:demand:1042,2373.699951171875,2371.60009765625,,1,,0,0,1,3,3
2024-04-10 09:00:00,1046,E4,demand,ob_internal,ob_internal:demand:1021,2367.5,2356.300048828125,,25,,1,0,1,3,3
2024-04-10 11:00:00,1048,E2,demand,sd,sd:demand:1023,2365.300048828125,2343.8660546875,38935.0,25,11.9,2,0,1,1,2
2024-04-10 12:00:00,1049,E2,demand,sd,sd:demand:1009,2350.699951171875,2329.0309545898435,28745.0,40,8.8,0,0,0,1,10
2024-04-10 12:00:00,1049,E4,demand,ob_internal,ob_internal:demand:1016,2358.199951171875,2355.699951171875,,33,,0,0,1,1,1
2024-04-10 12:00:00,1049,E5,supply,fvg,fvg:supply:1047,2370.60009765625,2368.699951171875,,2,,0,1,0,1,1
2024-04-10 14:00:00,1051,E1,supply,sd,sd:supply:1050,2382.7909887695314,2363.5,-125533.0,1,27.7,0,1,0,3,3
2024-04-10 14:00:00,1051,E5,supply,fvg,fvg:supply:1050,2363.300048828125,2358.10009765625,,1,,0,1,0,3,3
2024-04-10 18:00:00,1055,E4,demand,ob_swing,ob_swing:demand:1021,2348.199951171875,2336.800048828125,,34,,0,0,0,10,10
2024-04-11 00:00:00,1060,E2,demand,sd,sd:demand:1009,2350.699951171875,2329.0309545898435,28745.0,51,6.3,1,0,0,8,10
2024-04-11 00:00:00,1060,E5,demand,fvg,fvg:demand:1058,2350.699951171875,2349.10009765625,,2,,0,0,0,8,10
2024-04-11 03:00:00,1063,E1,supply,sd,sd:supply:1050,2382.7909887695314,2363.5,-125533.0,13,27.7,1,1,0,5,5
2024-04-11 04:00:00,1064,E5,demand,fvg,fvg:demand:1063,2360.39990234375,2359.5,,1,,0,0,1,2,2
2024-04-11 05:00:00,1065,E5,demand,fvg,fvg:demand:1062,2356.89990234375,2353.300048828125,,3,,0,0,1,1,3
2024-04-11 08:00:00,1068,E4,demand,ob_swing,ob_swing:demand:1021,2348.199951171875,2336.800048828125,,47,,1,1,0,4,4
2024-04-11 10:00:00,1070,E5,supply,fvg,fvg:supply:1069,2352.39990234375,2350.60009765625,,1,,0,0,1,3,2
2024-04-11 12:00:00,1072,E2,demand,sd,sd:demand:1009,2350.699951171875,2329.0309545898435,28745.0,63,6.3,2,0,0,2,5
2024-04-11 12:00:00,1072,E5,demand,fvg,fvg:demand:1071,2353.0,2350.60009765625,,1,,0,0,0,2,5
2024-04-11 13:00:00,1073,E1,supply,sd,sd:supply:1050,2382.7909887695314,2363.5,-125533.0,23,27.7,2,0,1,4,6
2024-04-11 13:00:00,1073,E4,supply,ob_internal,ob_internal:supply:1068,2364.10009765625,2360.39990234375,,5,,0,0,1,4,4
2024-04-11 17:00:00,1077,E4,supply,ob_swing,ob_swing:supply:1049,2378.10009765625,2373.699951171875,,28,,0,0,1,1,2
2024-04-11 17:00:00,1077,E4,supply,ob_internal,ob_internal:supply:1049,2378.10009765625,2373.699951171875,,28,,0,0,1,1,2
2024-04-11 18:00:00,1078,E1,supply,sd,sd:supply:1026,2397.7360888671874,2376.10009765625,-46309.0,52,9.8,2,0,1,1,6
2024-04-11 22:00:00,1081,E5,demand,fvg,fvg:demand:1080,2389.39990234375,2382.800048828125,,1,,0,1,0,4,4
2024-04-12 03:00:00,1086,E5,demand,fvg,fvg:demand:1085,2405.0,2396.5,,1,,0,1,0,10,10
2024-04-12 05:00:00,1088,E5,supply,fvg,fvg:supply:1087,2405.0,2404.5,,1,,0,0,1,1,2
2024-04-12 11:00:00,1094,E5,demand,fvg,fvg:demand:1090,2410.39990234375,2407.300048828125,,4,,0,1,0,3,3
2024-04-12 15:00:00,1098,E2,demand,sd,sd:demand:1097,2415.5,2399.3099975585938,106568.0,1,30.4,0,0,1,1,1
2024-04-12 15:00:00,1098,E4,demand,ob_internal,ob_internal:demand:1096,2415.5,2407.5,,2,,0,0,1,1,1
2024-04-12 15:00:00,1098,E5,demand,fvg,fvg:demand:1097,2417.89990234375,2415.0,,1,,0,0,1,1,1
2024-04-12 16:00:00,1099,E5,demand,fvg,fvg:demand:1079,2379.199951171875,2375.0,,20,,0,0,1,1,2
2024-04-12 16:00:00,1099,E5,demand,fvg,fvg:demand:1084,2396.10009765625,2394.699951171875,,15,,0,0,1,1,1
2024-04-12 17:00:00,1100,E2,demand,sd,sd:demand:1077,2364.5,2348.575007324219,53582.0,23,17.7,0,0,0,1,10
2024-04-12 17:00:00,1100,E2,demand,sd,sd:demand:1023,2365.300048828125,2343.8660546875,38935.0,77,12.9,3,0,0,1,10
2024-04-12 17:00:00,1100,E5,demand,fvg,fvg:demand:1077,2365.60009765625,2363.0,,23,,0,0,0,1,10
2024-04-12 17:00:00,1100,E5,demand,fvg,fvg:demand:1078,2373.39990234375,2368.5,,22,,0,0,1,1,1
2024-04-12 18:00:00,1101,E4,demand,ob_internal,ob_internal:demand:1076,2355.5,2343.10009765625,,25,,0,1,0,3,3
2024-04-12 18:00:00,1101,E4,demand,ob_swing,ob_swing:demand:1077,2355.5,2343.10009765625,,24,,0,1,0,3,3
2024-04-12 19:00:00,1102,E2,demand,sd,sd:demand:1009,2350.699951171875,2329.0309545898435,28745.0,93,5.9,3,0,0,10,10
2024-04-14 22:00:00,1104,E5,supply,fvg,fvg:supply:1101,2377.5,2373.60009765625,,3,,0,0,0,10,10
2024-04-14 22:00:00,1104,E5,supply,fvg,fvg:supply:1102,2363.0,2362.300048828125,,2,,0,0,1,10,1
2024-04-15 00:00:00,1106,E5,demand,fvg,fvg:demand:1105,2370.89990234375,2361.89990234375,,1,,0,0,0,10,10
2024-04-15 08:00:00,1114,E2,demand,sd,sd:demand:1077,2364.5,2348.575007324219,53582.0,37,11.0,1,0,0,6,10
2024-04-15 08:00:00,1114,E2,demand,sd,sd:demand:1023,2365.300048828125,2343.8660546875,38935.0,91,8.0,4,0,0,6,10
2024-04-15 08:00:00,1114,E5,demand,fvg,fvg:demand:1104,2363.0,2362.300048828125,,10,,0,0,1,6,6
2024-04-15 09:00:00,1115,E1,supply,sd,sd:supply:1114,2387.19310546875,2369.60009765625,-35703.0,1,6.8,0,0,0,2,5
2024-04-15 12:00:00,1118,E5,demand,fvg,fvg:demand:1117,2372.199951171875,2370.300048828125,,1,,0,0,1,1,2
2024-04-15 14:00:00,1120,E2,demand,sd,sd:demand:1009,2350.699951171875,2329.0309545898435,28745.0,111,5.5,4,1,0,4,4
2024-04-15 18:00:00,1124,E5,supply,fvg,fvg:supply:1100,2399.199951171875,2390.300048828125,,24,,0,0,0,3,10
2024-04-16 00:00:00,1129,E5,demand,fvg,fvg:demand:1126,2396.800048828125,2395.0,,3,,0,0,1,6,7
2024-04-16 06:00:00,1135,E5,demand,fvg,fvg:demand:1125,2390.699951171875,2387.300048828125,,10,,0,1,0,10,10
2024-04-16 07:00:00,1136,E5,demand,fvg,fvg:demand:1124,2380.39990234375,2376.60009765625,,12,,0,1,0,8,8
2024-04-16 10:00:00,1139,E5,supply,fvg,fvg:supply:1136,2401.10009765625,2391.5,,3,,0,0,1,4,6
2024-04-16 15:00:00,1144,E4,supply,ob_internal,ob_internal:supply:1135,2405.89990234375,2400.800048828125,,9,,0,0,0,1,10
2024-04-16 16:00:00,1145,E5,supply,fvg,fvg:supply:1099,2417.89990234375,2412.60009765625,,46,,0,0,0,10,10
2024-04-16 17:00:00,1146,E5,demand,fvg,fvg:demand:1145,2402.10009765625,2399.800048828125,,1,,0,0,0,10,10
2024-04-16 20:00:00,1149,E2,demand,sd,sd:demand:1145,2395.60009765625,2376.7110888671873,90205.0,4,18.5,0,0,0,10,10
2024-04-17 07:00:00,1159,E2,demand,sd,sd:demand:1145,2395.60009765625,2376.7110888671873,90205.0,14,18.5,1,0,0,9,10
2024-04-17 08:00:00,1160,E5,supply,fvg,fvg:supply:1150,2405.699951171875,2403.300048828125,,10,,0,1,0,8,8
2024-04-17 10:00:00,1162,E5,demand,fvg,fvg:demand:1161,2406.0,2399.39990234375,,1,,0,0,1,2,6
2024-04-17 12:00:00,1164,E5,demand,fvg,fvg:demand:1160,2398.800048828125,2397.89990234375,,4,,0,0,1,4,4
2024-04-17 16:00:00,1168,E2,demand,sd,sd:demand:1122,2378.199951171875,2360.169943847656,89637.0,46,18.4,0,0,0,4,10
2024-04-17 16:00:00,1168,E4,demand,ob_swing,ob_swing:demand:1145,2391.5,2379.199951171875,,23,,0,0,0,4,10
2024-04-17 16:00:00,1168,E4,demand,ob_internal,ob_internal:demand:1145,2391.5,2379.199951171875,,23,,0,0,0,4,10
2024-04-17 18:00:00,1170,E5,supply,fvg,fvg:supply:1169,2397.89990234375,2391.89990234375,,1,,0,1,0,2,2
2024-04-17 23:00:00,1174,E5,supply,fvg,fvg:supply:1173,2383.60009765625,2383.300048828125,,1,,0,0,1,7,7
2024-04-18 10:00:00,1185,E1,supply,sd,sd:supply:1168,2418.311018066406,2399.0,-82638.0,17,13.7,0,0,0,3,10
2024-04-18 12:00:00,1187,E5,supply,fvg,fvg:supply:1168,2402.39990234375,2400.800048828125,,19,,0,0,0,1,2
2024-04-18 16:00:00,1191,E4,supply,ob_internal,ob_internal:supply:1168,2412.0,2402.39990234375,,23,,0,0,1,8,8
2024-04-18 16:00:00,1191,E4,supply,ob_swing,ob_swing:supply:1172,2414.800048828125,2402.10009765625,,19,,0,0,1,8,8
2024-04-19 01:00:00,1199,E1,supply,sd,sd:supply:1168,2418.311018066406,2399.0,-82638.0,31,15.5,1,1,1,2,1
2024-04-19 01:00:00,1199,E1,supply,sd,sd:supply:1100,2435.0619091796875,2417.89990234375,-186406.0,99,35.0,0,1,0,2,2
2024-04-19 03:00:00,1201,E2,demand,sd,sd:demand:1191,2408.0,2389.2759814453125,52352.0,10,11.6,0,0,0,1,10
2024-04-19 03:00:00,1201,E5,demand,fvg,fvg:demand:1200,2410.199951171875,2394.699951171875,,1,,0,0,0,1,10
2024-04-19 04:00:00,1202,E4,demand,ob_swing,ob_swing:demand:1199,2400.0,2384.300048828125,,3,,0,0,0,7,10
2024-04-19 06:00:00,1204,E5,supply,fvg,fvg:supply:1202,2410.199951171875,2405.89990234375,,2,,0,0,0,10,10
2024-04-19 08:00:00,1206,E5,demand,fvg,fvg:demand:1205,2399.199951171875,2399.0,,1,,0,0,1,3,3
2024-04-19 11:00:00,1209,E4,demand,ob_internal,ob_internal:demand:1199,2394.699951171875,2388.5,,10,,0,1,0,4,4
2024-04-19 12:00:00,1210,E1,supply,sd,sd:supply:1202,2412.4529663085937,2393.699951171875,-53721.0,8,10.7,0,0,0,2,10
2024-04-19 16:00:00,1214,E2,demand,sd,sd:demand:1191,2408.0,2389.2759814453125,52352.0,23,10.4,1,0,1,3,10
2024-04-19 19:00:00,1217,E2,demand,sd,sd:demand:1214,2401.699951171875,2382.6469409179685,42769.0,3,9.2,0,0,1,5,10
2024-04-19 19:00:00,1217,E5,demand,fvg,fvg:demand:1213,2404.10009765625,2401.699951171875,,4,,0,0,1,5,5
2024-04-21 22:00:00,1219,E4,demand,ob_swing,ob_swing:demand:1199,2400.0,2384.300048828125,,20,,1,0,1,4,5
2024-04-22 03:00:00,1224,E2,demand,sd,sd:demand:1122,2378.199951171875,2360.169943847656,89637.0,102,20.4,1,0,1,3,9
2024-04-22 06:00:00,1227,E2,demand,sd,sd:demand:1023,2365.300048828125,2343.8660546875,38935.0,204,7.5,5,0,0,5,10
2024-04-22 06:00:00,1227,E5,demand,fvg,fvg:demand:1123,2370.5,2369.300048828125,,104,,0,0,1,5,5
2024-04-22 11:00:00,1232,E2,demand,sd,sd:demand:1077,2364.5,2348.575007324219,53582.0,155,10.3,2,0,1,1,7
2024-04-22 12:00:00,1233,E2,demand,sd,sd:demand:1009,2350.699951171875,2329.0309545898435,28745.0,224,5.9,5,0,0,6,10
2024-04-22 16:00:00,1237,E4,demand,ob_swing,ob_swing:demand:1021,2348.199951171875,2336.800048828125,,216,,2,0,1,8,8
2024-04-23 01:00:00,1245,E2,demand,sd,sd:demand:983,2315.699951171875,2295.506962890625,122669.0,262,22.6,0,0,0,10,10
2024-04-23 05:00:00,1249,E5,supply,fvg,fvg:supply:1246,2343.199951171875,2327.89990234375,,3,,0,0,0,8,10
2024-04-23 11:00:00,1255,E2,demand,sd,sd:demand:983,2315.699951171875,2295.506962890625,122669.0,272,22.8,1,1,0,2,2
2024-04-23 12:00:00,1256,E4,supply,ob_internal,ob_internal:supply:1253,2328.39990234375,2317.800048828125,,3,,0,0,1,1,1
2024-04-23 18:00:00,1262,E5,demand,fvg,fvg:demand:1261,2338.699951171875,2338.39990234375,,1,,0,0,0,10,10
2024-04-23 23:00:00,1266,E5,supply,fvg,fvg:supply:1264,2337.300048828125,2337.10009765625,,2,,0,0,0,10,10
2024-04-24 05:00:00,1272,E5,demand,fvg,fvg:demand:1271,2338.39990234375,2335.5,,1,,0,0,1,2,4
2024-04-24 09:00:00,1276,E5,demand,fvg,fvg:demand:1258,2327.800048828125,2327.300048828125,,18,,0,1,0,5,5
2024-04-24 12:00:00,1279,E5,supply,fvg,fvg:supply:1275,2337.199951171875,2334.89990234375,,4,,0,0,1,2,3
2024-04-24 12:00:00,1279,E5,supply,fvg,fvg:supply:1276,2333.60009765625,2332.5,,3,,0,0,1,2,2
2024-04-24 14:00:00,1281,E4,supply,ob_swing,ob_swing:supply:1276,2345.199951171875,2338.699951171875,,5,,0,1,0,6,6
2024-04-24 14:00:00,1281,E4,supply,ob_internal,ob_internal:supply:1276,2344.39990234375,2337.199951171875,,5,,0,1,0,6,6
2024-04-25 00:00:00,1290,E5,supply,fvg,fvg:supply:1288,2330.89990234375,2330.699951171875,,2,,0,1,0,3,3
2024-04-25 03:00:00,1293,E5,demand,fvg,fvg:demand:1257,2323.0,2317.300048828125,,36,,0,1,0,5,5
2024-04-25 05:00:00,1295,E4,supply,ob_internal,ob_internal:supply:1293,2333.89990234375,2330.5,,2,,0,0,1,2,3
2024-04-25 05:00:00,1295,E5,supply,fvg,fvg:supply:1294,2330.5,2327.60009765625,,1,,0,0,1,2,2
2024-04-25 09:00:00,1299,E5,demand,fvg,fvg:demand:1298,2337.199951171875,2336.699951171875,,1,,0,0,1,4,4
2024-04-25 13:00:00,1303,E5,demand,fvg,fvg:demand:1296,2329.5,2327.60009765625,,7,,0,1,0,1,1
2024-04-26 01:00:00,1314,E5,supply,fvg,fvg:supply:1313,2343.89990234375,2343.39990234375,,1,,0,0,1,3,3
2024-04-26 09:00:00,1322,E5,supply,fvg,fvg:supply:1233,2370.0,2364.39990234375,,89,,0,1,0,5,5
2024-04-26 11:00:00,1324,E5,demand,fvg,fvg:demand:1321,2355.60009765625,2355.0,,3,,0,0,1,2,2
2024-04-26 14:00:00,1327,E4,demand,ob_internal,ob_internal:demand:1318,2345.39990234375,2338.10009765625,,9,,0,0,0,10,10
2024-04-29 00:00:00,1336,E4,demand,ob_swing,ob_swing:demand:1321,2344.699951171875,2335.199951171875,,15,,0,0,0,1,10
2024-04-29 04:00:00,1340,E5,supply,fvg,fvg:supply:1337,2345.800048828125,2343.5,,3,,0,0,1,4,4
2024-04-29 08:00:00,1344,E4,supply,ob_internal,ob_internal:supply:1337,2353.199951171875,2349.39990234375,,7,,0,0,0,8,10
2024-04-29 11:00:00,1347,E5,demand,fvg,fvg:demand:1344,2347.60009765625,2344.800048828125,,3,,0,0,1,1,2
2024-04-29 12:00:00,1348,E4,demand,ob_internal,ob_internal:demand:1345,2343.5,2331.0,,3,,0,1,0,4,4
2024-04-29 14:00:00,1350,E5,supply,fvg,fvg:supply:1348,2351.199951171875,2349.0,,2,,0,0,1,2,2
2024-04-29 16:00:00,1352,E1,supply,sd,sd:supply:1326,2375.5359521484374,2358.699951171875,-48494.0,26,8.1,0,1,0,9,9
2024-04-29 18:00:00,1354,E5,demand,fvg,fvg:demand:1353,2351.39990234375,2350.60009765625,,1,,0,0,1,1,5
2024-04-29 19:00:00,1355,E2,demand,sd,sd:demand:1351,2349.0,2332.8260009765627,36582.0,4,6.1,0,0,0,6,10
2024-04-30 01:00:00,1360,E5,supply,fvg,fvg:supply:1358,2347.0,2346.5,,2,,0,1,0,4,4
2024-04-30 02:00:00,1361,E4,demand,ob_internal,ob_internal:demand:1345,2343.5,2331.0,,16,,1,0,1,2,6
2024-04-30 12:00:00,1371,E2,demand,sd,sd:demand:983,2315.699951171875,2295.506962890625,122669.0,388,20.9,2,0,0,2,10
2024-04-30 12:00:00,1371,E4,demand,ob_internal,ob_internal:demand:1257,2317.0,2304.60009765625,,114,,0,0,1,2,8
2024-04-30 13:00:00,1372,E5,supply,fvg,fvg:supply:1371,2325.199951171875,2324.39990234375,,1,,0,1,0,1,1
2024-04-30 18:00:00,1377,E4,demand,ob_swing,ob_swing:demand:982,2302.699951171875,2286.199951171875,,395,,0,0,0,8,10
2024-04-30 18:00:00,1377,E4,demand,ob_internal,ob_internal:demand:982,2302.699951171875,2286.199951171875,,395,,0,0,0,8,10
2024-05-01 03:00:00,1385,E2,demand,sd,sd:demand:935,2295.199951171875,2275.5179614257813,58019.0,450,9.9,2,1,0,8,8
2024-05-01 03:00:00,1385,E4,demand,ob_swing,ob_swing:demand:938,2295.5,2285.699951171875,,447,,1,1,0,8,8
2024-05-01 03:00:00,1385,E4,demand,ob_internal,ob_internal:demand:938,2295.5,2285.699951171875,,447,,1,1,0,8,8
2024-05-01 03:00:00,1385,E5,demand,fvg,fvg:demand:972,2295.10009765625,2293.60009765625,,413,,0,1,0,8,8
2024-05-01 05:00:00,1387,E5,supply,fvg,fvg:supply:1386,2297.10009765625,2295.89990234375,,1,,0,0,1,5,4
2024-05-01 06:00:00,1388,E5,supply,fvg,fvg:supply:1383,2300.699951171875,2299.89990234375,,5,,0,0,1,3,5
2024-05-01 07:00:00,1389,E5,demand,fvg,fvg:demand:1388,2296.89990234375,2295.89990234375,,1,,0,1,0,5,5
2024-05-01 13:00:00,1395,E5,supply,fvg,fvg:supply:1374,2313.10009765625,2311.300048828125,,21,,0,0,1,1,1
2024-05-01 18:00:00,1400,E5,supply,fvg,fvg:supply:1364,2339.800048828125,2338.0,,36,,0,1,0,2,2
2024-05-01 18:00:00,1400,E5,supply,fvg,fvg:supply:1365,2336.0,2334.5,,35,,0,1,0,2,2
2024-05-01 18:00:00,1400,E5,supply,fvg,fvg:supply:1367,2329.60009765625,2329.39990234375,,33,,0,1,1,2,1
2024-05-01 20:00:00,1402,E5,demand,fvg,fvg:demand:1401,2320.60009765625,2315.800048828125,,1,,0,0,0,10,10
2024-05-02 04:00:00,1409,E5,supply,fvg,fvg:supply:1408,2331.39990234375,2329.89990234375,,1,,0,1,0,4,4
2024-05-02 11:00:00,1416,E5,supply,fvg,fvg:supply:1415,2311.699951171875,2311.199951171875,,1,,0,0,0,4,10
2024-05-02 13:00:00,1418,E2,demand,sd,sd:demand:935,2295.199951171875,2275.5179614257813,58019.0,483,11.4,3,1,0,2,2
2024-05-02 13:00:00,1418,E4,demand,ob_swing,ob_swing:demand:982,2302.699951171875,2286.199951171875,,436,,1,1,0,2,2
2024-05-02 13:00:00,1418,E4,demand,ob_internal,ob_internal:demand:982,2302.699951171875,2286.199951171875,,436,,1,1,0,2,2
2024-05-02 13:00:00,1418,E5,demand,fvg,fvg:demand:1392,2299.60009765625,2297.199951171875,,26,,0,1,0,2,2
2024-05-02 14:00:00,1419,E5,supply,fvg,fvg:supply:1418,2306.699951171875,2305.199951171875,,1,,0,0,1,10,1
2024-05-02 15:00:00,1420,E5,supply,fvg,fvg:supply:1414,2317.5,2314.800048828125,,6,,0,0,0,2,10
2024-05-02 19:00:00,1424,E5,demand,fvg,fvg:demand:1423,2314.300048828125,2313.300048828125,,1,,0,0,0,10,10
2024-05-02 22:00:00,1426,E5,supply,fvg,fvg:supply:1425,2314.300048828125,2313.60009765625,,1,,0,0,0,10,10
2024-05-03 06:00:00,1434,E5,demand,fvg,fvg:demand:1433,2314.60009765625,2311.0,,1,,0,1,1,6,5
2024-05-03 07:00:00,1435,E5,demand,fvg,fvg:demand:1420,2306.39990234375,2305.199951171875,,15,,0,1,0,5,5
2024-05-03 08:00:00,1436,E5,supply,fvg,fvg:supply:1435,2314.60009765625,2310.199951171875,,1,,0,0,1,4,4
2024-05-03 12:00:00,1440,E5,supply,fvg,fvg:supply:1413,2321.800048828125,2320.5,,27,,0,1,0,1,1
2024-05-03 13:00:00,1441,E2,demand,sd,sd:demand:935,2295.199951171875,2275.5179614257813,58019.0,506,11.4,4,0,0,10,10
2024-05-03 13:00:00,1441,E4,demand,ob_swing,ob_swing:demand:982,2302.699951171875,2286.199951171875,,459,,2,0,0,10,10
2024-05-03 13:00:00,1441,E4,demand,ob_internal,ob_internal:demand:982,2302.699951171875,2286.199951171875,,459,,2,0,0,10,10
2024-05-06 01:00:00,1452,E5,supply,fvg,fvg:supply:1451,2309.199951171875,2307.0,,1,,0,0,1,6,1
2024-05-06 03:00:00,1454,E2,demand,sd,sd:demand:1444,2317.60009765625,2302.4781103515625,57701.0,10,11.1,0,1,0,9,9
2024-05-06 07:00:00,1458,E4,supply,ob_internal,ob_internal:supply:1413,2336.10009765625,2331.39990234375,,45,,0,0,0,6,10
2024-05-06 09:00:00,1460,E5,demand,fvg,fvg:demand:1459,2326.0,2323.5,,1,,0,0,0,10,10
2024-05-06 14:00:00,1465,E4,demand,ob_internal,ob_internal:demand:1464,2333.10009765625,2321.10009765625,,1,,0,0,0,10,10
2024-05-07 01:00:00,1475,E4,demand,ob_internal,ob_internal:demand:1464,2333.10009765625,2321.10009765625,,11,,1,0,0,7,10
2024-05-07 03:00:00,1477,E5,supply,fvg,fvg:supply:1476,2334.300048828125,2332.800048828125,,1,,0,1,0,5,5
2024-05-07 07:00:00,1481,E5,supply,fvg,fvg:supply:1480,2329.699951171875,2329.60009765625,,1,,0,0,0,10,10
2024-05-07 08:00:00,1482,E4,demand,ob_internal,ob_internal:demand:1458,2324.5,2316.39990234375,,24,,0,0,0,10,10
2024-05-08 01:00:00,1498,E2,demand,sd,sd:demand:1444,2317.60009765625,2302.4781103515625,57701.0,54,11.1,1,1,0,3,3
2024-05-08 01:00:00,1498,E5,demand,fvg,fvg:demand:1453,2316.39990234375,2307.0,,45,,0,1,0,3,3
2024-05-08 02:00:00,1499,E4,supply,ob_swing,ob_swing:supply:1498,2332.5,2323.699951171875,,1,,0,1,0,5,5
2024-05-08 02:00:00,1499,E4,supply,ob_internal,ob_internal:supply:1498,2325.199951171875,2321.39990234375,,1,,0,1,0,5,5
2024-05-08 06:00:00,1503,E5,demand,fvg,fvg:demand:1500,2323.0,2322.39990234375,,3,,0,0,1,1,1
2024-05-08 09:00:00,1506,E5,supply,fvg,fvg:supply:1505,2321.199951171875,2317.60009765625,,1,,0,0,1,1,3
2024-05-08 10:00:00,1507,E5,supply,fvg,fvg:supply:1504,2325.5,2322.60009765625,,3,,0,0,0,6,10
2024-05-08 13:00:00,1510,E2,demand,sd,sd:demand:1444,2317.60009765625,2302.4781103515625,57701.0,66,11.1,2,0,0,10,10
2024-05-08 13:00:00,1510,E5,demand,fvg,fvg:demand:1507,2318.5,2317.60009765625,,3,,0,0,0,10,10
2024-05-08 13:00:00,1510,E5,demand,fvg,fvg:demand:1508,2320.5,2319.300048828125,,2,,0,0,0,10,10
2024-05-08 15:00:00,1512,E4,supply,ob_swing,ob_swing:supply:1498,2332.5,2323.699951171875,,14,,1,1,0,4,4
2024-05-08 15:00:00,1512,E4,supply,ob_internal,ob_internal:supply:1504,2329.60009765625,2325.5,,8,,0,1,0,4,4
2024-05-08 22:00:00,1518,E5,supply,fvg,fvg:supply:1517,2319.10009765625,2317.60009765625,,1,,0,0,1,6,7
2024-05-09 04:00:00,1524,E1,supply,sd,sd:supply:1515,2334.075983886719,2320.5,-31906.0,9,5.8,0,0,1,1,10
2024-05-09 04:00:00,1524,E5,supply,fvg,fvg:supply:1515,2323.60009765625,2321.60009765625,,9,,0,0,1,1,8
2024-05-09 04:00:00,1524,E5,supply,fvg,fvg:supply:1516,2321.0,2320.60009765625,,8,,0,0,1,1,1
2024-05-09 06:00:00,1526,E5,demand,fvg,fvg:demand:1525,2321.300048828125,2320.199951171875,,1,,0,0,1,1,1
2024-05-09 07:00:00,1527,E2,demand,sd,sd:demand:1444,2317.60009765625,2302.4781103515625,57701.0,83,10.4,3,1,0,5,5
2024-05-09 07:00:00,1527,E5,demand,fvg,fvg:demand:1524,2318.89990234375,2318.39990234375,,3,,0,1,1,5,2
2024-05-09 11:00:00,1531,E4,supply,ob_internal,ob_internal:supply:1529,2326.5,2321.300048828125,,2,,0,0,1,1,1
2024-05-09 11:00:00,1531,E5,supply,fvg,fvg:supply:1528,2320.300048828125,2320.0,,3,,0,0,1,1,1
2024-05-09 12:00:00,1532,E4,supply,ob_swing,ob_swing:supply:1482,2338.60009765625,2331.10009765625,,50,,0,1,0,1,1
2024-05-09 12:00:00,1532,E4,supply,ob_internal,ob_internal:supply:1482,2338.60009765625,2331.10009765625,,50,,0,1,0,1,1
2024-05-09 13:00:00,1533,E5,demand,fvg,fvg:demand:1532,2321.199951171875,2319.39990234375,,1,,0,1,0,1,1
2024-05-09 14:00:00,1534,E5,supply,fvg,fvg:supply:1362,2343.60009765625,2343.0,,172,,0,0,1,5,5
2024-05-09 19:00:00,1539,E4,supply,ob_internal,ob_internal:supply:1364,2358.89990234375,2349.10009765625,,175,,0,0,1,5,9
2024-05-09 19:00:00,1539,E4,supply,ob_swing,ob_swing:supply:1366,2358.89990234375,2349.10009765625,,173,,0,0,1,5,9
2024-05-09 19:00:00,1539,E5,supply,fvg,fvg:supply:1356,2349.10009765625,2348.89990234375,,183,,0,0,1,5,5
2024-05-09 20:00:00,1540,E5,demand,fvg,fvg:demand:1539,2342.39990234375,2342.0,,1,,0,1,0,9,9
2024-05-10 01:00:00,1544,E1,supply,sd,sd:supply:1326,2375.5359521484374,2358.699951171875,-48494.0,218,9.1,1,0,1,4,8
2024-05-10 06:00:00,1549,E1,supply,sd,sd:supply:1233,2392.0810107421876,2373.0,-55010.0,316,10.4,0,0,0,3,10
2024-05-10 06:00:00,1549,E5,supply,fvg,fvg:supply:1232,2373.0,2371.60009765625,,317,,0,0,1,3,3
2024-05-10 09:00:00,1552,E5,supply,fvg,fvg:supply:1227,2382.39990234375,2380.699951171875,,325,,0,1,0,5,5
2024-05-10 12:00:00,1555,E5,demand,fvg,fvg:demand:1550,2371.800048828125,2365.89990234375,,5,,0,0,0,3,10
2024-05-10 16:00:00,1559,E1,supply,sd,sd:supply:1233,2392.0810107421876,2373.0,-55010.0,326,11.4,1,0,0,10,10
2024-05-10 18:00:00,1561,E5,demand,fvg,fvg:demand:1560,2373.5,2373.10009765625,,1,,0,0,1,2,6
2024-05-13 01:00:00,1567,E5,demand,fvg,fvg:demand:1549,2362.89990234375,2361.300048828125,,18,,0,0,1,4,5
2024-05-13 08:00:00,1574,E5,demand,fvg,fvg:demand:1541,2352.0,2351.199951171875,,33,,0,0,1,7,1
2024-05-13 11:00:00,1577,E5,supply,fvg,fvg:supply:1575,2352.39990234375,2350.5,,2,,0,0,0,10,10
2024-05-13 13:00:00,1579,E2,demand,sd,sd:demand:1578,2350.5,2337.1690087890624,46117.0,1,9.8,0,0,0,2,10
2024-05-13 15:00:00,1581,E2,demand,sd,sd:demand:1540,2341.300048828125,2327.8420654296874,34061.0,41,7.2,0,0,0,10,10
2024-05-13 15:00:00,1581,E4,demand,ob_internal,ob_internal:demand:1539,2344.60009765625,2334.699951171875,,42,,0,0,0,10,10
2024-05-13 17:00:00,1583,E5,supply,fvg,fvg:supply:1582,2346.800048828125,2343.89990234375,,1,,0,0,0,8,10
2024-05-14 02:00:00,1591,E1,supply,sd,sd:supply:1581,2363.312893066406,2349.89990234375,-73584.0,10,13.5,0,0,0,3,10
2024-05-14 03:00:00,1592,E5,demand,fvg,fvg:demand:1591,2345.60009765625,2345.39990234375,,1,,0,0,0,3,10
2024-05-14 06:00:00,1595,E4,demand,ob_internal,ob_internal:demand:1539,2344.60009765625,2334.699951171875,,56,,1,1,0,3,3
2024-05-14 08:00:00,1597,E5,supply,fvg,fvg:supply:1596,2348.199951171875,2345.5,,1,,0,0,1,4,1
2024-05-14 10:00:00,1599,E2,demand,sd,sd:demand:1578,2350.5,2337.1690087890624,46117.0,21,8.5,1,0,0,2,4
2024-05-14 10:00:00,1599,E5,demand,fvg,fvg:demand:1598,2349.39990234375,2345.5,,1,,0,0,0,2,4
2024-05-14 12:00:00,1601,E1,supply,sd,sd:supply:1581,2363.312893066406,2349.89990234375,-73584.0,20,13.5,1,0,0,1,10
2024-05-14 14:00:00,1603,E5,supply,fvg,fvg:supply:1571,2362.60009765625,2361.300048828125,,32,,0,0,0,4,10
2024-05-14 18:00:00,1607,E5,supply,fvg,fvg:supply:1570,2363.800048828125,2363.5,,37,,0,0,0,10,10
2024-05-14 19:00:00,1608,E5,demand,fvg,fvg:demand:1607,2361.39990234375,2361.199951171875,,1,,0,0,0,10,10
2024-05-15 04:00:00,1616,E4,demand,ob_internal,ob_internal:demand:1615,2362.800048828125,2360.300048828125,,1,,0,1,0,3,3
2024-05-15 07:00:00,1619,E5,supply,fvg,fvg:supply:1563,2373.199951171875,2371.60009765625,,56,,0,0,1,1,1
2024-05-15 08:00:00,1620,E1,supply,sd,sd:supply:1233,2392.0810107421876,2373.0,-55010.0,387,11.8,2,1,0,3,3
2024-05-15 10:00:00,1622,E5,demand,fvg,fvg:demand:1621,2374.10009765625,2371.800048828125,,1,,0,0,0,2,2
2024-05-15 11:00:00,1623,E5,demand,fvg,fvg:demand:1620,2368.0,2365.10009765625,,3,,0,0,0,1,1
2024-05-15 12:00:00,1624,E5,supply,fvg,fvg:supply:1623,2374.10009765625,2372.60009765625,,1,,0,1,0,1,1
2024-05-15 13:00:00,1625,E2,demand,sd,sd:demand:1607,2359.699951171875,2346.92896484375,28496.0,18,6.1,0,1,0,1,1
2024-05-15 15:00:00,1627,E5,supply,fvg,fvg:supply:1223,2395.60009765625,2392.39990234375,,404,,0,0,0,2,10
2024-05-15 15:00:00,1627,E5,supply,fvg,fvg:supply:1224,2390.39990234375,2386.800048828125,,403,,0,0,1,2,8
2024-05-16 02:00:00,1637,E4,demand,ob_internal,ob_internal:demand:1634,2396.10009765625,2389.10009765625,,3,,0,0,0,10,10
2024-05-16 12:00:00,1647,E5,demand,fvg,fvg:demand:1628,2382.699951171875,2379.60009765625,,19,,0,0,0,1,10
2024-05-16 13:00:00,1648,E2,demand,sd,sd:demand:1628,2381.300048828125,2368.3410498046874,77121.0,20,17.9,0,0,0,10,10
2024-05-16 18:00:00,1653,E5,demand,fvg,fvg:demand:1651,2383.60009765625,2383.39990234375,,2,,0,0,0,7,10
2024-05-17 01:00:00,1659,E2,demand,sd,sd:demand:1628,2381.300048828125,2368.3410498046874,77121.0,31,17.9,1,1,0,10,10
2024-05-17 08:00:00,1666,E5,demand,fvg,fvg:demand:1665,2386.89990234375,2386.800048828125,,1,,0,1,0,4,4
2024-05-17 12:00:00,1670,E4,supply,ob_internal,ob_internal:supply:1646,2402.699951171875,2394.199951171875,,24,,0,0,1,1,1
2024-05-17 13:00:00,1671,E5,supply,fvg,fvg:supply:1218,2407.800048828125,2407.300048828125,,453,,0,0,1,1,1
2024-05-17 14:00:00,1672,E1,supply,sd,sd:supply:1100,2435.0619091796875,2417.89990234375,-186406.0,572,42.6,1,0,1,6,10
2024-05-20 11:00:00,1692,E5,demand,fvg,fvg:demand:1683,2432.699951171875,2431.0,,9,,0,0,1,1,1
2024-05-20 12:00:00,1693,E5,demand,fvg,fvg:demand:1682,2430.0,2425.300048828125,,11,,0,1,1,5,1
2024-05-20 14:00:00,1695,E5,supply,fvg,fvg:supply:1694,2431.39990234375,2426.699951171875,,1,,0,0,1,3,4
2024-05-20 17:00:00,1698,E5,supply,fvg,fvg:supply:1693,2438.800048828125,2434.699951171875,,5,,0,1,0,8,8
2024-05-20 19:00:00,1700,E2,demand,sd,sd:demand:1696,2434.699951171875,2421.488942871094,77329.0,4,22.1,0,0,1,6,7
2024-05-20 19:00:00,1700,E5,demand,fvg,fvg:demand:1699,2435.89990234375,2432.39990234375,,1,,0,0,1,6,6
2024-05-20 22:00:00,1702,E5,supply,fvg,fvg:supply:1701,2435.89990234375,2432.199951171875,,1,,0,1,0,5,5
2024-05-21 05:00:00,1709,E5,supply,fvg,fvg:supply:1707,2423.10009765625,2420.699951171875,,2,,0,0,1,7,7
2024-05-21 11:00:00,1715,E5,supply,fvg,fvg:supply:1706,2428.199951171875,2426.300048828125,,9,,0,0,1,4,4
2024-05-21 13:00:00,1717,E5,demand,fvg,fvg:demand:1716,2426.199951171875,2424.0,,1,,0,0,0,3,10
2024-05-21 15:00:00,1719,E2,demand,sd,sd:demand:1717,2424.199951171875,2410.519951171875,61295.0,2,18.4,0,0,0,10,10
2024-05-21 17:00:00,1721,E5,supply,fvg,fvg:supply:1720,2429.300048828125,2427.60009765625,,1,,0,0,0,10,10
2024-05-22 02:00:00,1729,E1,supply,sd,sd:supply:1721,2443.1890478515625,2429.300048828125,-37581.0,8,10.1,0,1,0,9,9
2024-05-22 02:00:00,1729,E2,demand,sd,sd:demand:1717,2424.199951171875,2410.519951171875,61295.0,12,16.5,1,0,0,3,10
2024-05-22 05:00:00,1732,E4,supply,ob_internal,ob_internal:supply:1730,2430.5,2419.39990234375,,2,,0,1,0,9,9
2024-05-22 14:00:00,1741,E2,demand,sd,sd:demand:1671,2391.0,2379.1159912109374,64959.0,70,17.5,0,0,1,4,10
2024-05-22 14:00:00,1741,E5,demand,fvg,fvg:demand:1671,2397.800048828125,2394.39990234375,,70,,0,0,1,4,4
2024-05-22 14:00:00,1741,E5,demand,fvg,fvg:demand:1672,2403.199951171875,2398.800048828125,,69,,0,0,1,4,1
2024-05-22 18:00:00,1745,E2,demand,sd,sd:demand:1628,2381.300048828125,2368.3410498046874,77121.0,117,22.4,2,0,0,6,10
2024-05-22 18:00:00,1745,E4,demand,ob_swing,ob_swing:demand:1664,2385.0,2377.800048828125,,81,,0,0,1,6,6
2024-05-22 18:00:00,1745,E4,demand,ob_internal,ob_internal:demand:1664,2385.0,2377.800048828125,,81,,0,0,1,6,6
2024-05-22 18:00:00,1745,E5,demand,fvg,fvg:demand:1663,2382.39990234375,2381.199951171875,,82,,0,0,1,6,6
2024-05-22 18:00:00,1745,E5,demand,fvg,fvg:demand:1664,2385.0,2382.89990234375,,81,,0,0,1,6,6
2024-05-22 20:00:00,1747,E5,supply,fvg,fvg:supply:1746,2389.699951171875,2383.300048828125,,1,,0,1,0,8,8
2024-05-23 06:00:00,1756,E2,demand,sd,sd:demand:1607,2359.699951171875,2346.92896484375,28496.0,149,7.9,1,0,0,1,10
2024-05-23 10:00:00,1760,E5,supply,fvg,fvg:supply:1756,2373.5,2369.300048828125,,4,,0,1,0,3,3
2024-05-23 12:00:00,1762,E5,demand,fvg,fvg:demand:1760,2365.60009765625,2363.699951171875,,2,,0,0,1,1,1
2024-05-23 12:00:00,1762,E5,demand,fvg,fvg:demand:1761,2367.60009765625,2366.39990234375,,1,,0,0,1,1,1
2024-05-23 14:00:00,1764,E2,demand,sd,sd:demand:1578,2350.5,2337.1690087890624,46117.0,186,12.7,2,0,1,3,10
2024-05-23 14:00:00,1764,E4,demand,ob_swing,ob_swing:demand:1628,2349.89990234375,2338.699951171875,,136,,0,0,1,3,6
2024-05-23 15:00:00,1765,E2,demand,sd,sd:demand:1540,2341.300048828125,2327.8420654296874,34061.0,225,7.4,1,0,0,2,10
2024-05-23 16:00:00,1766,E4,demand,ob_internal,ob_internal:demand:1539,2344.60009765625,2334.699951171875,,227,,2,0,0,1,10
2024-05-23 16:00:00,1766,E5,supply,fvg,fvg:supply:1765,2352.10009765625,2351.60009765625,,1,,0,0,0,10,10
2024-05-23 17:00:00,1767,E5,demand,fvg,fvg:demand:1535,2334.699951171875,2333.60009765625,,232,,0,0,0,10,10
2024-05-24 05:00:00,1778,E5,supply,fvg,fvg:supply:1768,2341.39990234375,2338.0,,10,,0,0,1,8,8
2024-05-24 09:00:00,1782,E2,demand,sd,sd:demand:1540,2341.300048828125,2327.8420654296874,34061.0,242,7.1,2,0,0,10,10
2024-05-24 12:00:00,1785,E5,demand,fvg,fvg:demand:1779,2336.39990234375,2336.199951171875,,6,,0,0,0,3,10
2024-05-24 15:00:00,1788,E5,demand,fvg,fvg:demand:1778,2334.10009765625,2332.800048828125,,10,,0,0,0,10,10
2024-05-26 23:00:00,1795,E2,demand,sd,sd:demand:1540,2341.300048828125,2327.8420654296874,34061.0,255,7.1,3,1,0,5,5
2024-05-27 00:00:00,1796,E5,demand,fvg,fvg:demand:1795,2338.10009765625,2336.39990234375,,1,,0,1,0,4,4
2024-05-28 05:00:00,1801,E5,demand,fvg,fvg:demand:1800,2351.5,2348.0,,1,,0,0,1,1,1
2024-05-28 06:00:00,1802,E5,demand,fvg,fvg:demand:1799,2345.10009765625,2341.800048828125,,3,,0,1,0,6,6
2024-05-28 06:00:00,1802,E5,demand,fvg,fvg:demand:1801,2350.5,2348.89990234375,,1,,0,1,1,6,1
2024-05-28 08:00:00,1804,E5,supply,fvg,fvg:supply:1803,2350.5,2345.60009765625,,1,,0,0,1,4,4
2024-05-28 12:00:00,1808,E5,supply,fvg,fvg:supply:1802,2351.5,2351.300048828125,,6,,0,0,1,1,1
2024-05-28 14:00:00,1810,E5,demand,fvg,fvg:demand:1809,2353.199951171875,2349.60009765625,,1,,0,0,0,10,10
2024-05-29 08:00:00,1827,E2,demand,sd,sd:demand:1809,2346.0,2331.670012207031,64151.0,18,13.3,0,0,0,3,10
2024-05-29 08:00:00,1827,E4,demand,ob_internal,ob_internal:demand:1809,2345.800048828125,2340.800048828125,,18,,0,0,1,3,4
2024-05-29 09:00:00,1828,E2,demand,sd,sd:demand:1540,2341.300048828125,2327.8420654296874,34061.0,288,7.0,4,0,0,2,10
2024-05-29 10:00:00,1829,E5,supply,fvg,fvg:supply:1828,2350.5,2346.5,,1,,0,1,0,2,2
2024-05-29 11:00:00,1830,E5,demand,fvg,fvg:demand:1798,2340.199951171875,2338.89990234375,,32,,0,0,0,1,10
2024-05-29 17:00:00,1836,E5,supply,fvg,fvg:supply:1835,2341.800048828125,2341.60009765625,,1,,0,1,0,8,8
2024-05-30 01:00:00,1843,E4,demand,ob_swing,ob_swing:demand:1800,2335.699951171875,2332.800048828125,,43,,0,0,1,1,1
2024-05-30 01:00:00,1843,E4,demand,ob_internal,ob_internal:demand:1800,2335.699951171875,2332.800048828125,,43,,0,0,1,1,1
2024-05-30 01:00:00,1843,E5,supply,fvg,fvg:supply:1838,2338.89990234375,2338.800048828125,,5,,0,1,0,4,4
2024-05-30 07:00:00,1849,E5,supply,fvg,fvg:supply:1825,2357.699951171875,2356.89990234375,,24,,0,1,0,1,1
2024-05-30 07:00:00,1849,E5,supply,fvg,fvg:supply:1826,2356.60009765625,2356.5,,23,,0,1,0,1,1
2024-05-30 07:00:00,1849,E5,supply,fvg,fvg:supply:1848,2332.60009765625,2331.699951171875,,1,,0,1,0,1,1
2024-05-30 09:00:00,1851,E2,demand,sd,sd:demand:1850,2333.699951171875,2319.4529809570313,61424.0,1,12.2,0,0,0,1,10
2024-05-30 10:00:00,1852,E4,supply,ob_internal,ob_internal:supply:1826,2363.699951171875,2358.89990234375,,26,,0,1,0,1,1
2024-05-30 10:00:00,1852,E4,supply,ob_swing,ob_swing:supply:1827,2363.699951171875,2358.89990234375,,25,,0,1,0,1,1
2024-05-30 13:00:00,1855,E1,supply,sd,sd:supply:1764,2381.694089355469,2367.60009765625,-98342.0,91,19.5,0,1,0,6,6
2024-05-31 00:00:00,1865,E1,supply,sd,sd:supply:1764,2381.694089355469,2367.60009765625,-98342.0,101,19.5,1,0,0,10,10
2024-05-31 12:00:00,1877,E1,supply,sd,sd:supply:1764,2381.694089355469,2367.60009765625,-98342.0,113,19.5,2,1,0,3,3
2024-05-31 12:00:00,1877,E5,supply,fvg,fvg:supply:1752,2380.39990234375,2377.60009765625,,125,,0,1,0,3,3
2024-05-31 14:00:00,1879,E2,demand,sd,sd:demand:1850,2333.699951171875,2319.4529809570313,61424.0,29,12.2,1,0,0,1,10
2024-06-03 00:00:00,1888,E5,supply,fvg,fvg:supply:1887,2347.60009765625,2346.89990234375,,1,,0,0,0,10,10
2024-06-03 05:00:00,1893,E1,supply,sd,sd:supply:1880,2362.6868798828127,2341.89990234375,-67158.0,13,11.7,0,0,0,8,10
2024-06-03 05:00:00,1893,E5,supply,fvg,fvg:supply:1892,2345.300048828125,2342.89990234375,,1,,0,0,1,8,9
2024-06-03 09:00:00,1897,E5,demand,fvg,fvg:demand:1896,2345.10009765625,2343.10009765625,,1,,0,1,0,8,8
2024-06-03 16:00:00,1904,E1,supply,sd,sd:supply:1764,2381.694089355469,2367.60009765625,-98342.0,140,19.5,3,0,0,10,10
2024-06-03 19:00:00,1907,E5,demand,fvg,fvg:demand:1905,2366.800048828125,2364.5,,2,,0,0,0,10,10
2024-06-03 23:00:00,1910,E5,demand,fvg,fvg:demand:1909,2370.300048828125,2369.699951171875,,1,,0,0,1,8,8
2024-06-04 04:00:00,1915,E1,supply,sd,sd:supply:1764,2381.694089355469,2367.60009765625,-98342.0,151,19.7,4,1,0,4,4
2024-06-04 04:00:00,1915,E5,supply,fvg,fvg:supply:1913,2370.39990234375,2370.10009765625,,2,,0,1,0,4,4
2024-06-04 06:00:00,1917,E5,demand,fvg,fvg:demand:1916,2367.39990234375,2367.300048828125,,1,,0,0,1,2,1
2024-06-04 08:00:00,1919,E2,demand,sd,sd:demand:1904,2357.5,2336.4570263671876,51259.0,15,10.3,0,0,0,3,10
2024-06-04 10:00:00,1921,E5,supply,fvg,fvg:supply:1920,2359.0,2354.199951171875,,1,,0,0,0,3,10
2024-06-04 14:00:00,1925,E4,demand,ob_internal,ob_internal:demand:1900,2343.10009765625,2334.800048828125,,25,,0,0,0,10,10
2024-06-05 05:00:00,1939,E2,demand,sd,sd:demand:1904,2357.5,2336.4570263671876,51259.0,35,9.6,1,0,0,1,9
2024-06-05 05:00:00,1939,E5,supply,fvg,fvg:supply:1919,2364.300048828125,2359.800048828125,,20,,0,0,1,7,9
2024-06-05 06:00:00,1940,E5,demand,fvg,fvg:demand:1936,2349.39990234375,2349.10009765625,,4,,0,1,0,7,7
2024-06-05 06:00:00,1940,E5,demand,fvg,fvg:demand:1937,2352.60009765625,2350.699951171875,,3,,0,1,0,7,7
2024-06-05 06:00:00,1940,E5,demand,fvg,fvg:demand:1938,2355.60009765625,2353.300048828125,,2,,0,1,0,7,7
2024-06-05 08:00:00,1942,E5,supply,fvg,fvg:supply:1941,2357.199951171875,2353.39990234375,,1,,0,0,1,4,4
2024-06-05 13:00:00,1947,E1,supply,sd,sd:supply:1920,2385.788876953125,2365.39990234375,-36981.0,27,6.9,0,0,0,2,10
2024-06-05 13:00:00,1947,E5,supply,fvg,fvg:supply:1918,2367.39990234375,2365.199951171875,,29,,0,0,1,2,2
2024-06-05 14:00:00,1948,E1,supply,sd,sd:supply:1764,2381.694089355469,2367.60009765625,-98342.0,184,18.4,5,0,1,1,10
2024-06-05 14:00:00,1948,E5,demand,fvg,fvg:demand:1947,2358.0,2355.39990234375,,1,,0,1,0,10,10
2024-06-06 01:00:00,1958,E1,supply,sd,sd:supply:1745,2403.9379931640624,2390.0,-44424.0,213,7.9,0,0,0,1,10
2024-06-06 06:00:00,1963,E5,demand,fvg,fvg:demand:1959,2384.199951171875,2374.89990234375,,4,,0,0,0,2,10
2024-06-06 09:00:00,1966,E5,supply,fvg,fvg:supply:1965,2382.10009765625,2382.0,,1,,0,0,1,6,6
2024-06-06 12:00:00,1969,E4,demand,ob_internal,ob_internal:demand:1958,2377.60009765625,2369.0,,11,,0,1,0,3,3
2024-06-06 15:00:00,1972,E1,supply,sd,sd:supply:1745,2403.9379931640624,2390.0,-44424.0,227,10.4,1,0,0,10,10
2024-06-06 18:00:00,1975,E5,demand,fvg,fvg:demand:1973,2389.5,2385.60009765625,,2,,0,1,0,9,9
2024-06-07 01:00:00,1981,E5,supply,fvg,fvg:supply:1742,2409.0,2398.89990234375,,239,,0,0,0,1,7
2024-06-07 05:00:00,1985,E4,demand,ob_internal,ob_internal:demand:1983,2397.800048828125,2383.199951171875,,2,,0,0,1,3,3
2024-06-07 05:00:00,1985,E5,demand,fvg,fvg:demand:1984,2398.0,2397.39990234375,,1,,0,0,1,3,3
2024-06-07 07:00:00,1987,E5,supply,fvg,fvg:supply:1986,2398.0,2396.699951171875,,1,,0,1,0,1,1
2024-06-07 08:00:00,1988,E2,demand,sd,sd:demand:1972,2384.5,2364.60501953125,57705.0,16,15.1,0,0,1,1,1
2024-06-07 08:00:00,1988,E5,demand,fvg,fvg:demand:1949,2369.0,2366.10009765625,,39,,0,0,1,1,1
2024-06-07 08:00:00,1988,E5,demand,fvg,fvg:demand:1950,2371.199951171875,2370.39990234375,,38,,0,0,1,1,1
2024-06-07 09:00:00,1989,E2,demand,sd,sd:demand:1904,2357.5,2336.4570263671876,51259.0,85,13.4,2,0,1,3,4
2024-06-07 09:00:00,1989,E4,demand,ob_internal,ob_internal:demand:1946,2358.39990234375,2347.800048828125,,43,,0,0,1,3,3
2024-06-07 10:00:00,1990,E2,demand,sd,sd:demand:1948,2355.39990234375,2335.0149267578126,59971.0,42,13.3,0,0,1,2,3
2024-06-07 10:00:00,1990,E4,demand,ob_swing,ob_swing:demand:1952,2352.60009765625,2335.10009765625,,38,,0,0,1,2,3
2024-06-07 11:00:00,1991,E5,supply,fvg,fvg:supply:1990,2360.699951171875,2357.5,,1,,0,1,0,1,1
2024-06-07 12:00:00,1992,E2,demand,sd,sd:demand:1850,2333.699951171875,2319.4529809570313,61424.0,142,13.6,2,0,1,1,7
2024-06-07 12:00:00,1992,E4,demand,ob_internal,ob_internal:demand:1900,2343.10009765625,2334.800048828125,,92,,1,0,1,1,1
2024-06-07 18:00:00,1998,E2,demand,sd,sd:demand:1444,2317.60009765625,2302.4781103515625,57701.0,554,13.3,4,0,0,1,10
2024-06-07 19:00:00,1999,E4,demand,ob_swing,ob_swing:demand:1453,2307.699951171875,2298.10009765625,,546,,0,0,0,10,10
2024-06-07 19:00:00,1999,E4,demand,ob_internal,ob_internal:demand:1453,2307.699951171875,2298.10009765625,,546,,0,0,0,10,10
2024-06-07 20:00:00,2000,E5,supply,fvg,fvg:supply:1999,2321.5,2319.10009765625,,1,,0,0,0,10,10
2024-06-10 13:00:00,2016,E2,demand,sd,sd:demand:1444,2317.60009765625,2302.4781103515625,57701.0,572,14.6,5,0,0,10,10
2024-06-10 13:00:00,2016,E5,demand,fvg,fvg:demand:2015,2320.39990234375,2316.300048828125,,1,,0,0,0,10,10
2024-06-10 19:00:00,2022,E5,demand,fvg,fvg:demand:2020,2326.60009765625,2326.0,,2,,0,0,1,5,5
2024-06-11 02:00:00,2028,E2,demand,sd,sd:demand:1444,2317.60009765625,2302.4781103515625,57701.0,584,14.6,6,1,0,10,10
2024-06-11 03:00:00,2029,E5,supply,fvg,fvg:supply:2028,2326.300048828125,2321.60009765625,,1,,0,0,1,9,9
2024-06-11 05:00:00,2031,E5,demand,fvg,fvg:demand:2014,2315.10009765625,2314.39990234375,,17,,0,1,0,7,7
2024-06-11 16:00:00,2042,E5,demand,fvg,fvg:demand:2039,2325.699951171875,2325.300048828125,,3,,0,0,0,10,10
2024-06-12 12:00:00,2061,E5,supply,fvg,fvg:supply:1993,2349.0,2346.199951171875,,68,,0,0,1,1,1
2024-06-12 14:00:00,2063,E5,demand,fvg,fvg:demand:2062,2341.800048828125,2331.39990234375,,1,,0,1,0,3,3
2024-06-12 17:00:00,2066,E5,demand,fvg,fvg:demand:2065,2350.10009765625,2346.800048828125,,1,,0,0,1,1,1
2024-06-12 20:00:00,2069,E5,supply,fvg,fvg:supply:2068,2350.0,2341.39990234375,,1,,0,1,0,4,4
2024-06-13 01:00:00,2073,E4,demand,ob_swing,ob_swing:demand:2061,2329.699951171875,2322.699951171875,,12,,0,0,0,10,10
2024-06-13 01:00:00,2073,E4,demand,ob_internal,ob_internal:demand:2061,2332.5,2327.60009765625,,12,,0,0,1,10,10
2024-06-13 03:00:00,2075,E5,supply,fvg,fvg:supply:2074,2333.199951171875,2331.89990234375,,1,,0,0,1,9,9
2024-06-13 06:00:00,2078,E5,supply,fvg,fvg:supply:2077,2328.10009765625,2327.800048828125,,1,,0,0,1,6,4
2024-06-13 11:00:00,2083,E5,demand,fvg,fvg:demand:2079,2328.800048828125,2327.800048828125,,4,,0,1,0,1,1
2024-06-13 12:00:00,2084,E4,supply,ob_internal,ob_internal:supply:2073,2341.5,2336.800048828125,,11,,0,1,0,1,1
2024-06-13 15:00:00,2087,E2,demand,sd,sd:demand:1444,2317.60009765625,2302.4781103515625,57701.0,643,13.0,7,0,0,10,10
2024-06-13 17:00:00,2089,E5,supply,fvg,fvg:supply:2088,2321.199951171875,2315.89990234375,,1,,0,0,0,10,10
2024-06-14 10:00:00,2105,E4,supply,ob_swing,ob_swing:supply:2083,2358.800048828125,2341.800048828125,,22,,0,0,0,10,10
2024-06-14 11:00:00,2106,E1,supply,sd,sd:supply:2068,2366.860090332031,2350.10009765625,-48421.0,38,10.9,0,0,0,10,10
2024-06-14 13:00:00,2108,E5,demand,fvg,fvg:demand:2106,2341.199951171875,2338.199951171875,,2,,0,0,0,10,10
2024-06-14 19:00:00,2114,E2,demand,sd,sd:demand:2113,2347.800048828125,2334.1030541992186,19568.0,1,4.5,0,0,0,4,10
2024-06-14 19:00:00,2114,E5,demand,fvg,fvg:demand:2113,2347.89990234375,2347.60009765625,,1,,0,0,1,4,4
2024-06-17 07:00:00,2125,E5,supply,fvg,fvg:supply:2124,2337.5,2333.800048828125,,1,,0,0,0,1,10
2024-06-17 15:00:00,2133,E2,demand,sd,sd:demand:2132,2336.60009765625,2323.2851049804685,29674.0,1,6.6,0,1,0,8,8
2024-06-17 15:00:00,2133,E5,demand,fvg,fvg:demand:2103,2329.89990234375,2327.699951171875,,30,,0,1,0,8,8
2024-06-17 17:00:00,2135,E5,supply,fvg,fvg:supply:2134,2333.199951171875,2331.89990234375,,1,,0,0,1,6,6
2024-06-17 19:00:00,2137,E4,supply,ob_internal,ob_internal:supply:2133,2342.60009765625,2333.199951171875,,4,,0,0,0,4,10
2024-06-18 02:00:00,2143,E2,demand,sd,sd:demand:2132,2336.60009765625,2323.2851049804685,29674.0,11,6.6,1,0,0,3,10
2024-06-18 10:00:00,2151,E5,demand,fvg,fvg:demand:2101,2322.199951171875,2321.199951171875,,50,,0,1,0,2,2
2024-06-18 12:00:00,2153,E5,supply,fvg,fvg:supply:2149,2333.300048828125,2329.89990234375,,4,,0,0,1,1,1
2024-06-18 12:00:00,2153,E5,supply,fvg,fvg:supply:2150,2329.5,2328.89990234375,,3,,0,0,1,1,1
2024-06-18 13:00:00,2154,E4,supply,ob_internal,ob_internal:supply:2133,2342.60009765625,2333.199951171875,,21,,1,0,0,4,10
2024-06-18 15:00:00,2156,E5,supply,fvg,fvg:supply:2117,2346.60009765625,2344.699951171875,,39,,0,0,0,2,10
2024-06-18 16:00:00,2157,E4,supply,ob_swing,ob_swing:supply:2083,2358.800048828125,2341.800048828125,,74,,1,0,0,10,10
2024-06-18 16:00:00,2157,E4,supply,ob_swing,ob_swing:supply:2120,2351.60009765625,2344.0,,37,,0,0,0,10,10
2024-06-18 16:00:00,2157,E4,supply,ob_internal,ob_internal:supply:2120,2351.60009765625,2344.0,,37,,0,0,0,10,10
2024-06-20 04:00:00,2168,E1,supply,sd,sd:supply:2068,2366.860090332031,2350.10009765625,-48421.0,100,10.2,1,0,1,9,10
2024-06-20 07:00:00,2171,E5,demand,fvg,fvg:demand:2169,2353.5,2346.300048828125,,2,,0,0,0,1,6
2024-06-20 08:00:00,2172,E5,demand,fvg,fvg:demand:2168,2347.39990234375,2345.800048828125,,4,,0,1,0,4,4
2024-06-20 10:00:00,2174,E5,supply,fvg,fvg:supply:2172,2353.800048828125,2352.199951171875,,2,,0,0,1,2,3
2024-06-20 10:00:00,2174,E5,supply,fvg,fvg:supply:2173,2351.89990234375,2349.10009765625,,1,,0,0,1,2,2
2024-06-20 12:00:00,2176,E5,demand,fvg,fvg:demand:2175,2351.199951171875,2349.10009765625,,1,,0,1,0,1,1
2024-06-20 14:00:00,2178,E5,supply,fvg,fvg:supply:1989,2391.5,2366.39990234375,,189,,0,0,0,10,10
2024-06-21 01:00:00,2188,E4,demand,ob_internal,ob_internal:demand:2187,2374.60009765625,2370.89990234375,,1,,0,0,0,10,10
2024-06-21 01:00:00,2188,E5,demand,fvg,fvg:demand:2182,2370.89990234375,2370.800048828125,,6,,0,0,0,10,10
2024-06-21 09:00:00,2196,E4,demand,ob_internal,ob_internal:demand:2195,2378.10009765625,2368.60009765625,,1,,0,0,1,4,4
2024-06-21 13:00:00,2200,E5,demand,fvg,fvg:demand:2178,2362.699951171875,2358.5,,22,,0,0,1,1,1
2024-06-21 13:00:00,2200,E5,demand,fvg,fvg:demand:2179,2364.89990234375,2363.300048828125,,21,,0,0,1,1,1
2024-06-21 14:00:00,2201,E4,demand,ob_internal,ob_internal:demand:2168,2345.5,2341.10009765625,,33,,0,0,1,3,3
2024-06-21 19:00:00,2206,E5,supply,fvg,fvg:supply:2205,2336.699951171875,2335.800048828125,,1,,0,0,0,10,10
2024-06-24 09:00:00,2219,E5,demand,fvg,fvg:demand:2218,2341.89990234375,2337.60009765625,,1,,0,0,0,10,10
2024-06-24 11:00:00,2221,E5,supply,fvg,fvg:supply:2220,2341.89990234375,2339.5,,1,,0,0,0,2,10
2024-06-24 17:00:00,2227,E2,demand,sd,sd:demand:2224,2343.699951171875,2331.746953125,42907.0,3,8.9,0,0,0,7,10
2024-06-24 19:00:00,2229,E4,demand,ob_internal,ob_internal:demand:2228,2346.5,2338.300048828125,,1,,0,0,0,5,10
2024-06-25 03:00:00,2236,E5,supply,fvg,fvg:supply:2235,2340.5,2339.5,,1,,0,0,1,2,6
2024-06-25 09:00:00,2242,E4,supply,ob_internal,ob_internal:supply:2234,2347.5,2344.60009765625,,8,,0,1,0,4,4
2024-06-25 09:00:00,2242,E5,supply,fvg,fvg:supply:2232,2344.5,2344.39990234375,,10,,0,1,1,4,1
2024-06-25 09:00:00,2242,E5,supply,fvg,fvg:supply:2233,2344.199951171875,2343.39990234375,,9,,0,1,1,4,1
2024-06-25 11:00:00,2244,E2,demand,sd,sd:demand:2224,2343.699951171875,2331.746953125,42907.0,20,8.9,1,0,0,1,10
2024-06-25 11:00:00,2244,E5,demand,fvg,fvg:demand:2242,2341.60009765625,2339.699951171875,,2,,0,0,1,1,2
2024-06-25 11:00:00,2244,E5,demand,fvg,fvg:demand:2243,2344.89990234375,2342.89990234375,,1,,0,0,1,1,1
2024-06-25 12:00:00,2245,E4,demand,ob_swing,ob_swing:demand:2243,2339.800048828125,2334.800048828125,,2,,0,0,1,3,3
2024-06-25 12:00:00,2245,E4,demand,ob_internal,ob_internal:demand:2243,2339.800048828125,2334.800048828125,,2,,0,0,1,3,3
2024-06-26 01:00:00,2257,E2,demand,sd,sd:demand:2154,2326.89990234375,2313.565908203125,55406.0,103,11.1,0,0,0,9,10
2024-06-26 01:00:00,2257,E4,demand,ob_swing,ob_swing:demand:2154,2326.89990234375,2320.199951171875,,103,,0,0,0,9,10
2024-06-26 01:00:00,2257,E4,demand,ob_internal,ob_internal:demand:2154,2326.89990234375,2320.199951171875,,103,,0,0,0,9,10
2024-06-26 02:00:00,2258,E4,supply,ob_internal,ob_internal:supply:2257,2335.800048828125,2329.5,,1,,0,1,0,8,8
2024-06-26 11:00:00,2267,E2,demand,sd,sd:demand:1444,2317.60009765625,2302.4781103515625,57701.0,823,11.6,8,0,0,2,10
2024-06-26 11:00:00,2267,E4,supply,ob_internal,ob_internal:supply:2266,2333.10009765625,2323.800048828125,,1,,0,1,0,2,2
2024-06-26 12:00:00,2268,E5,supply,fvg,fvg:supply:2267,2327.300048828125,2325.800048828125,,1,,0,1,0,1,1
2024-06-26 13:00:00,2269,E4,demand,ob_swing,ob_swing:demand:1453,2307.699951171875,2298.10009765625,,816,,1,0,0,10,10
2024-06-26 13:00:00,2269,E4,demand,ob_internal,ob_internal:demand:1453,2307.699951171875,2298.10009765625,,816,,1,0,0,10,10
2024-06-26 13:00:00,2269,E4,demand,ob_internal,ob_internal:demand:2014,2313.5,2304.5,,255,,0,0,0,10,10
2024-06-26 15:00:00,2271,E5,supply,fvg,fvg:supply:2270,2321.800048828125,2312.5,,1,,0,0,0,10,10
2024-06-27 10:00:00,2289,E4,supply,ob_internal,ob_internal:supply:2266,2333.10009765625,2323.800048828125,,23,,1,0,1,2,2
2024-06-27 12:00:00,2291,E4,supply,ob_internal,ob_internal:supply:2257,2335.800048828125,2329.5,,34,,1,0,1,2,2
2024-06-28 01:00:00,2303,E5,demand,fvg,fvg:demand:2292,2330.199951171875,2328.5,,11,,0,1,0,7,7
2024-06-28 03:00:00,2305,E5,supply,fvg,fvg:supply:2303,2336.89990234375,2335.300048828125,,2,,0,0,1,2,5
2024-06-28 05:00:00,2307,E4,supply,ob_internal,ob_internal:supply:2302,2339.39990234375,2336.300048828125,,5,,0,0,1,3,5
2024-06-28 07:00:00,2309,E5,demand,fvg,fvg:demand:2308,2335.800048828125,2332.60009765625,,1,,0,1,0,3,3
2024-06-28 10:00:00,2312,E4,supply,ob_internal,ob_internal:supply:2249,2349.699951171875,2344.89990234375,,63,,0,1,0,3,3
2024-06-28 10:00:00,2312,E4,supply,ob_swing,ob_swing:supply:2257,2349.699951171875,2344.89990234375,,55,,0,1,0,3,3
2024-06-28 10:00:00,2312,E5,supply,fvg,fvg:supply:2245,2344.89990234375,2343.199951171875,,67,,0,1,1,3,2
2024-06-28 12:00:00,2314,E5,demand,fvg,fvg:demand:2313,2343.800048828125,2340.699951171875,,1,,0,0,1,1,2
2024-06-28 20:00:00,2322,E5,supply,fvg,fvg:supply:2321,2336.800048828125,2336.699951171875,,1,,0,0,0,10,10
2024-06-30 22:00:00,2323,E4,demand,ob_internal,ob_internal:demand:2311,2335.300048828125,2329.699951171875,,12,,0,0,0,7,10
2024-06-30 22:00:00,2323,E4,demand,ob_swing,ob_swing:demand:2312,2335.300048828125,2329.699951171875,,11,,0,0,0,7,10
2024-07-01 06:00:00,2331,E5,supply,fvg,fvg:supply:2330,2334.699951171875,2334.0,,1,,0,0,1,4,4
2024-07-01 12:00:00,2337,E5,demand,fvg,fvg:demand:2335,2337.199951171875,2336.10009765625,,2,,0,0,1,2,2
2024-07-01 12:00:00,2337,E5,demand,fvg,fvg:demand:2336,2342.199951171875,2339.39990234375,,1,,0,0,1,2,1
2024-07-01 20:00:00,2345,E1,supply,sd,sd:supply:2339,2353.386953125,2342.199951171875,-50414.0,6,9.8,0,0,0,10,10
2024-07-02 01:00:00,2349,E5,demand,fvg,fvg:demand:2345,2340.89990234375,2340.800048828125,,4,,0,0,1,2,2
2024-07-02 05:00:00,2353,E5,supply,fvg,fvg:supply:2352,2340.60009765625,2337.39990234375,,1,,0,1,0,6,6
2024-07-02 12:00:00,2360,E5,supply,fvg,fvg:supply:2358,2337.60009765625,2335.699951171875,,2,,0,0,1,1,1
2024-07-02 13:00:00,2361,E1,supply,sd,sd:supply:2339,2353.386953125,2342.199951171875,-50414.0,22,9.8,1,1,0,1,1
2024-07-02 13:00:00,2361,E4,supply,ob_swing,ob_swing:supply:2359,2343.800048828125,2340.60009765625,,2,,0,1,0,1,1
2024-07-02 13:00:00,2361,E4,supply,ob_internal,ob_internal:supply:2359,2343.800048828125,2340.60009765625,,2,,0,1,0,1,1
2024-07-02 14:00:00,2362,E5,demand,fvg,fvg:demand:2361,2335.0,2334.800048828125,,1,,0,0,0,10,10
2024-07-03 02:00:00,2373,E5,demand,fvg,fvg:demand:2367,2337.10009765625,2334.10009765625,,6,,0,1,0,2,2
2024-07-03 13:30:00,2375,E1,supply,sd,sd:supply:2339,2353.386953125,2342.199951171875,-50414.0,36,9.8,2,0,1,1,1
2024-07-03 13:30:00,2375,E5,supply,fvg,fvg:supply:2201,2373.89990234375,2353.60009765625,,174,,0,0,0,1,10
2024-07-03 16:30:00,2378,E5,demand,fvg,fvg:demand:2376,2365.39990234375,2341.699951171875,,2,,0,0,0,9,9
2024-07-03 16:30:00,2378,E5,demand,fvg,fvg:demand:2377,2369.39990234375,2368.10009765625,,1,,0,0,0,9,9
2024-07-05 12:00:00,2387,E1,supply,sd,sd:supply:2201,2388.8629956054688,2377.0,-71158.0,186,14.3,0,0,1,1,3
2024-07-05 12:00:00,2387,E4,supply,ob_swing,ob_swing:supply:2200,2382.60009765625,2377.0,,187,,0,0,1,1,1
2024-07-05 12:00:00,2387,E4,supply,ob_internal,ob_internal:supply:2200,2382.60009765625,2377.0,,187,,0,0,1,1,1
2024-07-05 12:00:00,2387,E5,demand,fvg,fvg:demand:2375,2356.89990234375,2340.300048828125,,12,,0,1,0,3,3
2024-07-05 15:00:00,2390,E4,supply,ob_swing,ob_swing:supply:1988,2406.699951171875,2393.0,,402,,0,0,0,3,10
2024-07-05 15:00:00,2390,E4,supply,ob_internal,ob_internal:supply:1988,2406.699951171875,2393.0,,402,,0,0,0,3,10
2024-07-05 17:00:00,2392,E1,supply,sd,sd:supply:1989,2418.156979980469,2398.0,-70786.0,403,16.6,0,0,0,10,10
2024-07-08 00:00:00,2398,E5,supply,fvg,fvg:supply:2397,2396.699951171875,2395.199951171875,,1,,0,1,0,8,8
2024-07-08 04:00:00,2402,E4,supply,ob_swing,ob_swing:supply:1988,2406.699951171875,2393.0,,414,,1,1,0,4,4
2024-07-08 04:00:00,2402,E4,supply,ob_internal,ob_internal:supply:1988,2406.699951171875,2393.0,,414,,1,1,0,4,4
2024-07-08 09:00:00,2407,E5,demand,fvg,fvg:demand:2388,2378.699951171875,2373.89990234375,,19,,0,0,1,6,6
2024-07-08 10:00:00,2408,E5,supply,fvg,fvg:supply:2407,2384.699951171875,2381.800048828125,,1,,0,1,0,5,5
2024-07-08 17:00:00,2415,E5,supply,fvg,fvg:supply:2414,2380.800048828125,2366.39990234375,,1,,0,0,0,7,10
2024-07-09 02:00:00,2423,E5,demand,fvg,fvg:demand:2421,2367.800048828125,2367.199951171875,,2,,0,0,0,5,10
2024-07-09 09:00:00,2430,E5,supply,fvg,fvg:supply:2427,2373.10009765625,2372.300048828125,,3,,0,0,0,5,5
2024-07-09 13:00:00,2434,E5,supply,fvg,fvg:supply:2433,2369.0,2368.300048828125,,1,,0,1,0,1,1
2024-07-10 08:00:00,2452,E5,demand,fvg,fvg:demand:2451,2377.800048828125,2376.800048828125,,1,,0,1,0,4,4
2024-07-10 11:00:00,2455,E4,supply,ob_internal,ob_internal:supply:2413,2387.39990234375,2380.800048828125,,42,,0,0,1,2,2
2024-07-10 13:00:00,2457,E5,supply,fvg,fvg:supply:2405,2389.60009765625,2389.199951171875,,52,,0,1,0,1,1
2024-07-10 13:00:00,2457,E5,demand,fvg,fvg:demand:2456,2383.800048828125,2382.0,,1,,0,0,1,1,4
2024-07-11 01:00:00,2468,E1,supply,sd,sd:supply:2462,2391.572004394531,2380.5,-30962.0,6,6.8,0,0,0,3,10
2024-07-11 01:00:00,2468,E5,supply,fvg,fvg:supply:2462,2383.10009765625,2380.199951171875,,6,,0,0,1,3,3
2024-07-11 06:00:00,2473,E5,demand,fvg,fvg:demand:2471,2383.800048828125,2383.5,,2,,0,1,0,6,6
2024-07-11 06:00:00,2473,E5,demand,fvg,fvg:demand:2472,2386.39990234375,2385.39990234375,,1,,0,1,0,6,6
2024-07-11 12:00:00,2479,E1,supply,sd,sd:supply:1989,2418.156979980469,2398.0,-70786.0,490,15.5,1,0,1,1,3
2024-07-11 14:00:00,2481,E4,supply,ob_internal,ob_internal:supply:1730,2430.5,2419.39990234375,,751,,1,0,0,10,10
2024-07-11 15:00:00,2482,E1,supply,sd,sd:supply:1721,2443.1890478515625,2429.300048828125,-37581.0,761,8.6,1,0,0,10,10
2024-07-12 12:00:00,2502,E5,demand,fvg,fvg:demand:2480,2401.199951171875,2388.800048828125,,22,,0,1,0,2,2
2024-07-12 12:00:00,2502,E5,supply,fvg,fvg:supply:2501,2408.300048828125,2407.89990234375,,1,,0,0,1,1,2
2024-07-12 16:00:00,2506,E4,supply,ob_internal,ob_internal:supply:1730,2430.5,2419.39990234375,,776,,2,0,0,10,10
2024-07-12 16:00:00,2506,E4,supply,ob_internal,ob_internal:supply:2491,2424.300048828125,2419.60009765625,,15,,0,0,0,10,10
2024-07-12 18:00:00,2508,E5,demand,fvg,fvg:demand:2507,2419.60009765625,2418.89990234375,,1,,0,0,1,3,3
2024-07-12 20:00:00,2510,E5,demand,fvg,fvg:demand:2506,2416.89990234375,2416.0,,4,,0,0,1,2,2
2024-07-14 22:00:00,2511,E5,demand,fvg,fvg:demand:2505,2413.199951171875,2410.800048828125,,6,,0,0,0,9,10
2024-07-14 22:00:00,2511,E5,supply,fvg,fvg:supply:2510,2418.699951171875,2417.699951171875,,1,,0,0,0,6,10
2024-07-15 00:00:00,2513,E5,supply,fvg,fvg:supply:2512,2415.60009765625,2413.300048828125,,1,,0,0,0,5,10
2024-07-15 01:00:00,2514,E2,demand,sd,sd:demand:2505,2409.60009765625,2398.126105957031,52403.0,9,11.4,0,0,0,5,10
2024-07-15 08:00:00,2521,E4,supply,ob_internal,ob_internal:supply:2519,2418.699951171875,2412.800048828125,,2,,0,0,1,3,3
2024-07-15 08:00:00,2521,E5,supply,fvg,fvg:supply:2519,2415.39990234375,2413.10009765625,,2,,0,0,1,3,2
2024-07-15 08:00:00,2521,E5,supply,fvg,fvg:supply:2520,2412.800048828125,2412.699951171875,,1,,0,0,1,3,2
2024-07-15 10:00:00,2523,E4,supply,ob_internal,ob_internal:supply:1730,2430.5,2419.39990234375,,793,,3,0,1,1,4
2024-07-15 10:00:00,2523,E4,supply,ob_internal,ob_internal:supply:2491,2424.300048828125,2419.60009765625,,32,,1,0,1,1,4
2024-07-15 12:00:00,2525,E5,demand,fvg,fvg:demand:2524,2419.5,2417.300048828125,,1,,0,1,0,2,2
2024-07-15 14:00:00,2527,E1,supply,sd,sd:supply:1721,2443.1890478515625,2429.300048828125,-37581.0,806,8.2,2,0,0,2,10
2024-07-15 15:00:00,2528,E5,supply,fvg,fvg:supply:1692,2443.0,2441.60009765625,,836,,0,0,0,1,2
2024-07-15 16:00:00,2529,E1,supply,sd,sd:supply:1693,2456.0030078125,2443.0,-55574.0,836,11.9,0,0,0,10,10
2024-07-15 16:00:00,2529,E5,demand,fvg,fvg:demand:2528,2436.300048828125,2424.0,,1,,0,0,0,1,10
2024-07-15 17:00:00,2530,E2,demand,sd,sd:demand:2528,2425.800048828125,2414.314060058594,68993.0,2,14.7,0,0,0,10,10
2024-07-16 01:00:00,2537,E1,supply,sd,sd:supply:1721,2443.1890478515625,2429.300048828125,-37581.0,816,8.0,3,0,0,4,10
2024-07-16 01:00:00,2537,E5,supply,fvg,fvg:supply:2531,2434.60009765625,2429.5,,6,,0,0,1,4,6
2024-07-16 03:00:00,2539,E5,supply,fvg,fvg:supply:2530,2436.300048828125,2435.300048828125,,9,,0,0,1,4,4
2024-07-16 04:00:00,2540,E5,demand,fvg,fvg:demand:2538,2430.800048828125,2427.39990234375,,2,,0,1,0,5,5
2024-07-16 07:00:00,2543,E1,supply,sd,sd:supply:1693,2456.0030078125,2443.0,-55574.0,850,11.9,1,0,1,2,8
2024-07-16 11:00:00,2547,E5,demand,fvg,fvg:demand:2546,2444.39990234375,2443.39990234375,,1,,0,0,1,1,1
2024-07-16 13:00:00,2549,E1,supply,sd,sd:supply:2548,2451.417880859375,2439.89990234375,-51374.0,1,10.6,0,0,1,1,1
2024-07-16 22:00:00,2557,E5,demand,fvg,fvg:demand:2556,2471.699951171875,2471.39990234375,,1,,0,1,0,4,4
2024-07-17 09:00:00,2568,E2,demand,sd,sd:demand:2567,2475.60009765625,2463.6431176757815,28220.0,1,7.4,0,0,1,1,8
2024-07-17 09:00:00,2568,E5,demand,fvg,fvg:demand:2567,2476.199951171875,2472.60009765625,,1,,0,0,1,1,6
2024-07-17 14:00:00,2573,E4,demand,ob_swing,ob_swing:demand:2572,2472.60009765625,2466.60009765625,,1,,0,0,1,2,2
2024-07-17 15:00:00,2574,E5,demand,fvg,fvg:demand:2552,2462.699951171875,2458.800048828125,,22,,0,0,0,1,10
2024-07-17 17:00:00,2576,E5,demand,fvg,fvg:demand:2551,2456.800048828125,2452.60009765625,,25,,0,0,0,10,10
2024-07-18 03:00:00,2585,E5,supply,fvg,fvg:supply:2574,2475.800048828125,2470.699951171875,,11,,0,0,0,4,10
2024-07-18 04:00:00,2586,E5,demand,fvg,fvg:demand:2585,2468.699951171875,2467.89990234375,,1,,0,0,1,9,9
2024-07-18 08:00:00,2590,E5,demand,fvg,fvg:demand:2589,2474.199951171875,2473.39990234375,,1,,0,0,1,5,2
2024-07-18 12:00:00,2594,E5,supply,fvg,fvg:supply:2591,2474.199951171875,2471.0,,3,,0,0,0,2,5
2024-07-18 19:00:00,2601,E2,demand,sd,sd:demand:2551,2448.5,2436.667021484375,88950.0,50,21.9,0,0,1,4,4
2024-07-19 01:00:00,2606,E2,demand,sd,sd:demand:2528,2425.800048828125,2414.314060058594,68993.0,78,17.0,1,0,0,5,10
2024-07-19 01:00:00,2606,E4,demand,ob_swing,ob_swing:demand:2545,2429.5,2424.5,,61,,0,0,1,5,6
2024-07-19 01:00:00,2606,E4,demand,ob_internal,ob_internal:demand:2545,2429.5,2424.5,,61,,0,0,1,5,6
2024-07-19 10:00:00,2615,E5,demand,fvg,fvg:demand:2522,2413.300048828125,2412.699951171875,,93,,0,0,1,2,2
2024-07-19 11:00:00,2616,E4,demand,ob_internal,ob_internal:demand:2523,2412.699951171875,2406.10009765625,,93,,0,0,1,1,2
2024-07-19 11:00:00,2616,E4,demand,ob_swing,ob_swing:demand:2526,2412.699951171875,2406.10009765625,,90,,0,0,1,1,2
2024-07-19 12:00:00,2617,E2,demand,sd,sd:demand:2505,2409.60009765625,2398.126105957031,52403.0,112,13.4,1,0,0,1,10
2024-07-19 15:00:00,2620,E5,supply,fvg,fvg:supply:2618,2410.60009765625,2408.699951171875,,2,,0,0,0,10,10
2024-07-21 22:00:00,2626,E5,supply,fvg,fvg:supply:2617,2412.60009765625,2412.300048828125,,9,,0,0,0,10,10
2024-07-22 00:00:00,2628,E2,demand,sd,sd:demand:2505,2409.60009765625,2398.126105957031,52403.0,123,13.4,2,0,0,6,10
2024-07-22 00:00:00,2628,E5,demand,fvg,fvg:demand:2627,2410.60009765625,2402.60009765625,,1,,0,0,0,6,10
2024-07-22 06:00:00,2634,E5,demand,fvg,fvg:demand:2626,2402.5,2402.0,,8,,0,0,1,6,6
2024-07-22 08:00:00,2636,E4,demand,ob_internal,ob_internal:demand:2626,2402.699951171875,2397.300048828125,,10,,0,0,1,4,4
2024-07-22 13:00:00,2641,E5,supply,fvg,fvg:supply:2640,2405.39990234375,2401.10009765625,,1,,0,0,0,6,10
2024-07-22 14:00:00,2642,E2,demand,sd,sd:demand:2481,2388.800048828125,2377.6110546875,142210.0,161,32.9,0,1,0,10,10
2024-07-22 16:00:00,2644,E5,supply,fvg,fvg:supply:2643,2392.800048828125,2392.0,,1,,0,0,1,3,3
2024-07-23 02:00:00,2653,E5,demand,fvg,fvg:demand:2652,2399.0,2397.300048828125,,1,,0,0,1,3,4
2024-07-23 05:00:00,2656,E2,demand,sd,sd:demand:2646,2392.0,2379.304030761719,32702.0,10,7.6,0,1,0,3,3
2024-07-23 05:00:00,2656,E5,demand,fvg,fvg:demand:2645,2393.0,2392.0,,11,,0,1,0,3,3
2024-07-23 07:00:00,2658,E5,supply,fvg,fvg:supply:2657,2396.800048828125,2394.89990234375,,1,,0,0,1,1,1
2024-07-23 08:00:00,2659,E1,supply,sd,sd:supply:2641,2417.9188720703123,2405.39990234375,-59712.0,18,13.9,0,0,0,3,10
2024-07-23 08:00:00,2659,E4,supply,ob_internal,ob_internal:supply:2656,2405.300048828125,2399.0,,3,,0,0,1,3,3
2024-07-23 09:00:00,2660,E4,supply,ob_internal,ob_internal:supply:2639,2410.0,2405.39990234375,,21,,0,0,0,10,10
2024-07-23 09:00:00,2660,E4,supply,ob_swing,ob_swing:supply:2641,2414.39990234375,2407.699951171875,,19,,0,0,0,10,10
2024-07-23 13:00:00,2664,E5,demand,fvg,fvg:demand:2660,2404.199951171875,2400.300048828125,,4,,0,0,0,10,10
2024-07-23 14:00:00,2665,E1,supply,sd,sd:supply:2664,2419.605017089844,2406.800048828125,-47152.0,1,10.4,0,0,0,6,10
2024-07-23 19:00:00,2670,E4,supply,ob_swing,ob_swing:supply:2641,2414.39990234375,2407.699951171875,,29,,1,0,1,6,10
2024-07-24 02:00:00,2676,E5,supply,fvg,fvg:supply:2616,2416.89990234375,2416.5,,60,,0,0,1,10,10
2024-07-24 03:00:00,2677,E5,supply,fvg,fvg:supply:2615,2418.60009765625,2418.5,,62,,0,0,1,9,10
2024-07-24 05:00:00,2679,E5,demand,fvg,fvg:demand:2677,2414.800048828125,2413.10009765625,,2,,0,0,0,3,8
2024-07-24 13:00:00,2687,E2,demand,sd,sd:demand:2686,2416.10009765625,2403.656120605469,41908.0,1,12.7,0,0,1,4,7
2024-07-24 13:00:00,2687,E5,supply,fvg,fvg:supply:2611,2426.60009765625,2426.5,,76,,0,0,1,1,1
2024-07-24 20:00:00,2694,E5,demand,fvg,fvg:demand:2659,2397.199951171875,2394.89990234375,,35,,0,1,0,3,3
2024-07-24 22:00:00,2695,E2,demand,sd,sd:demand:2661,2394.89990234375,2382.224931640625,33221.0,34,8.2,0,1,0,2,2
2024-07-24 23:00:00,2696,E5,supply,fvg,fvg:supply:2695,2398.699951171875,2398.5,,1,,0,0,1,1,1
2024-07-25 00:00:00,2697,E5,supply,fvg,fvg:supply:2692,2419.10009765625,2410.10009765625,,5,,0,1,0,1,1
2024-07-25 00:00:00,2697,E5,supply,fvg,fvg:supply:2694,2406.199951171875,2400.89990234375,,3,,0,1,0,1,1
2024-07-25 01:00:00,2698,E2,demand,sd,sd:demand:2646,2392.0,2379.304030761719,32702.0,52,8.0,1,0,1,2,1
2024-07-25 01:00:00,2698,E2,demand,sd,sd:demand:2481,2388.800048828125,2377.6110546875,142210.0,217,35.0,1,0,1,2,2
2024-07-25 01:00:00,2698,E5,demand,fvg,fvg:demand:2440,2369.60009765625,2369.300048828125,,258,,0,0,0,2,10
2024-07-25 01:00:00,2698,E5,demand,fvg,fvg:demand:2468,2378.60009765625,2378.5,,230,,0,0,1,2,1
2024-07-25 01:00:00,2698,E5,demand,fvg,fvg:demand:2470,2382.300048828125,2381.89990234375,,228,,0,0,1,2,1
2024-07-25 10:00:00,2707,E5,supply,fvg,fvg:supply:2699,2395.300048828125,2379.699951171875,,8,,0,1,0,2,2
2024-07-25 11:00:00,2708,E4,demand,ob_swing,ob_swing:demand:2451,2370.199951171875,2363.10009765625,,257,,0,0,1,3,6
2024-07-25 18:00:00,2715,E1,supply,sd,sd:supply:2714,2371.1079345703124,2357.199951171875,-53104.0,1,13.2,0,0,0,6,10
2024-07-26 01:00:00,2721,E4,supply,ob_internal,ob_internal:supply:2710,2382.199951171875,2371.300048828125,,11,,0,0,0,10,10
2024-07-26 04:00:00,2724,E5,demand,fvg,fvg:demand:2722,2369.0,2364.300048828125,,2,,0,1,0,10,10
2024-07-29 01:00:00,2744,E5,demand,fvg,fvg:demand:2742,2393.39990234375,2387.89990234375,,2,,0,0,0,10,10
2024-07-29 03:00:00,2746,E5,supply,fvg,fvg:supply:2745,2396.0,2393.39990234375,,1,,0,0,0,10,10
2024-07-29 11:00:00,2754,E4,demand,ob_internal,ob_internal:demand:2741,2388.300048828125,2380.10009765625,,13,,0,0,1,3,4
2024-07-29 15:00:00,2758,E2,demand,sd,sd:demand:2733,2374.0,2360.0610107421876,39960.0,25,12.1,0,0,0,10,10
2024-07-29 15:00:00,2758,E5,demand,fvg,fvg:demand:2734,2378.0,2377.89990234375,,24,,0,0,0,10,10
2024-07-29 17:00:00,2760,E5,supply,fvg,fvg:supply:2759,2378.199951171875,2376.699951171875,,1,,0,0,1,2,10
2024-07-29 19:00:00,2762,E5,supply,fvg,fvg:supply:2758,2387.60009765625,2381.10009765625,,4,,0,0,0,10,10
2024-07-29 23:00:00,2765,E5,demand,fvg,fvg:demand:2763,2378.39990234375,2378.199951171875,,2,,0,1,0,8,8
2024-07-30 04:00:00,2770,E1,supply,sd,sd:supply:2758,2398.177077636719,2384.10009765625,-36288.0,12,9.9,0,0,1,3,3
2024-07-30 07:00:00,2773,E1,supply,sd,sd:supply:2691,2432.63087890625,2419.89990234375,-60593.0,82,16.5,0,1,0,1,1
2024-07-30 07:00:00,2773,E5,supply,fvg,fvg:supply:2691,2423.10009765625,2420.10009765625,,82,,0,1,0,1,1
2024-07-30 10:00:00,2776,E5,supply,fvg,fvg:supply:2606,2443.60009765625,2437.5,,170,,0,1,0,1,1
2024-07-30 12:00:00,2778,E5,demand,fvg,fvg:demand:2771,2382.89990234375,2381.699951171875,,7,,0,0,0,1,10
2024-07-30 16:00:00,2782,E1,supply,sd,sd:supply:2606,2456.1040185546876,2443.800048828125,-26057.0,176,9.7,0,0,0,10,10
2024-07-30 16:00:00,2782,E5,supply,fvg,fvg:supply:2605,2446.0,2443.800048828125,,177,,0,0,0,10,10
2024-07-31 03:00:00,2792,E5,supply,fvg,fvg:supply:2599,2464.300048828125,2460.39990234375,,193,,0,0,0,10,10
2024-07-31 14:00:00,2803,E2,demand,sd,sd:demand:2802,2467.60009765625,2450.961105957031,29639.0,1,12.4,0,1,0,5,5
2024-07-31 18:00:00,2807,E5,demand,fvg,fvg:demand:2806,2470.60009765625,2469.0,,1,,0,1,0,6,6
2024-07-31 23:00:00,2811,E5,demand,fvg,fvg:demand:2809,2491.5,2480.60009765625,,2,,0,0,0,3,10
2024-08-01 04:00:00,2816,E5,supply,fvg,fvg:supply:2815,2490.5,2489.0,,1,,0,0,1,8,8
2024-08-01 09:00:00,2821,E5,demand,fvg,fvg:demand:2808,2476.199951171875,2474.300048828125,,13,,0,1,0,3,3
2024-08-01 10:00:00,2822,E5,supply,fvg,fvg:supply:2821,2484.0,2479.39990234375,,1,,0,0,1,1,2
2024-08-01 11:00:00,2823,E5,supply,fvg,fvg:supply:2820,2488.300048828125,2486.5,,3,,0,0,1,1,1
2024-08-01 12:00:00,2824,E1,supply,sd,sd:supply:2821,2504.2639477539065,2487.699951171875,-31903.0,3,11.7,0,0,0,2,6
2024-08-01 14:00:00,2826,E5,demand,fvg,fvg:demand:2825,2492.699951171875,2487.39990234375,,1,,0,0,0,3,10
2024-08-01 17:00:00,2829,E5,demand,fvg,fvg:demand:2824,2484.60009765625,2480.800048828125,,5,,0,1,0,9,9
2024-08-01 18:00:00,2830,E2,demand,sd,sd:demand:2825,2479.39990234375,2462.6019067382813,52401.0,5,19.7,0,1,0,8,8
2024-08-01 19:00:00,2831,E5,supply,fvg,fvg:supply:2830,2487.5,2484.699951171875,,1,,0,0,1,4,4
2024-08-02 01:00:00,2836,E5,demand,fvg,fvg:demand:2832,2486.199951171875,2484.699951171875,,4,,0,1,0,4,4
2024-08-02 07:00:00,2842,E5,demand,fvg,fvg:demand:2841,2506.89990234375,2504.5,,1,,0,1,0,5,5
2024-08-02 14:00:00,2849,E2,demand,sd,sd:demand:2825,2479.39990234375,2462.6019067382813,52401.0,24,22.4,1,0,0,1,10
2024-08-02 14:00:00,2849,E4,demand,ob_internal,ob_internal:demand:2824,2479.39990234375,2474.0,,25,,0,0,1,1,1
2024-08-02 14:00:00,2849,E5,demand,fvg,fvg:demand:2838,2496.0,2495.0,,11,,0,0,1,1,1
2024-08-02 15:00:00,2850,E2,demand,sd,sd:demand:2802,2467.60009765625,2450.961105957031,29639.0,48,12.7,1,0,0,8,10
2024-08-02 15:00:00,2850,E5,demand,fvg,fvg:demand:2793,2459.5,2454.5,,57,,0,0,0,8,10
2024-08-02 16:00:00,2851,E5,supply,fvg,fvg:supply:2850,2499.39990234375,2478.89990234375,,1,,0,0,0,4,10
2024-08-05 00:00:00,2858,E5,demand,fvg,fvg:demand:2855,2478.10009765625,2476.5,,3,,0,1,1,3,1
2024-08-05 02:00:00,2860,E2,demand,sd,sd:demand:2825,2479.39990234375,2462.6019067382813,52401.0,35,22.4,2,0,1,4,8
2024-08-05 05:00:00,2863,E4,demand,ob_internal,ob_internal:demand:2861,2488.5,2475.10009765625,,2,,0,0,1,1,4
2024-08-05 05:00:00,2863,E5,demand,fvg,fvg:demand:2861,2484.60009765625,2484.199951171875,,2,,0,0,1,1,1
2024-08-05 05:00:00,2863,E5,demand,fvg,fvg:demand:2862,2492.800048828125,2488.5,,1,,0,0,1,1,1
2024-08-05 06:00:00,2864,E2,demand,sd,sd:demand:2802,2467.60009765625,2450.961105957031,29639.0,62,12.7,2,0,1,4,5
2024-08-05 07:00:00,2865,E5,supply,fvg,fvg:supply:2864,2492.800048828125,2480.300048828125,,1,,0,1,0,4,4
2024-08-05 10:00:00,2868,E5,demand,fvg,fvg:demand:2784,2448.699951171875,2445.60009765625,,84,,0,0,1,1,1
2024-08-05 11:00:00,2869,E5,demand,fvg,fvg:demand:2783,2445.10009765625,2437.39990234375,,86,,0,0,1,1,1
2024-08-05 13:00:00,2871,E5,supply,fvg,fvg:supply:2870,2448.60009765625,2433.0,,1,,0,0,0,2,10
2024-08-05 15:00:00,2873,E5,supply,fvg,fvg:supply:2869,2460.0,2449.0,,4,,0,0,0,8,10
2024-08-06 02:00:00,2883,E5,demand,fvg,fvg:demand:2882,2451.699951171875,2451.300048828125,,1,,0,0,1,4,3
2024-08-06 05:00:00,2886,E5,demand,fvg,fvg:demand:2874,2439.5,2438.0,,12,,0,0,1,9,9
2024-08-06 12:00:00,2893,E2,demand,sd,sd:demand:2873,2433.0,2412.6570166015626,78195.0,20,23.8,0,0,0,3,10
2024-08-06 14:00:00,2895,E5,supply,fvg,fvg:supply:2894,2450.699951171875,2439.89990234375,,1,,0,0,0,10,10
2024-08-06 22:00:00,2902,E5,supply,fvg,fvg:supply:2901,2432.39990234375,2432.10009765625,,1,,0,0,0,10,10
2024-08-07 01:00:00,2905,E5,supply,fvg,fvg:supply:2904,2428.800048828125,2427.60009765625,,1,,0,0,1,3,5
2024-08-07 07:00:00,2911,E2,demand,sd,sd:demand:2873,2433.0,2412.6570166015626,78195.0,38,23.8,1,1,0,5,5
2024-08-07 07:00:00,2911,E5,demand,fvg,fvg:demand:2909,2428.39990234375,2427.39990234375,,2,,0,1,0,5,5
2024-08-07 13:00:00,2917,E5,demand,fvg,fvg:demand:2916,2439.199951171875,2438.39990234375,,1,,0,0,1,2,4
2024-08-07 16:00:00,2920,E1,supply,sd,sd:supply:2919,2459.2939379882814,2439.199951171875,-40548.0,1,11.0,0,1,0,2,2
2024-08-07 17:00:00,2921,E2,demand,sd,sd:demand:2873,2433.0,2412.6570166015626,78195.0,48,21.2,2,0,0,3,10
2024-08-07 18:00:00,2922,E4,demand,ob_internal,ob_internal:demand:2914,2428.0,2418.800048828125,,8,,0,0,0,10,10
2024-08-07 23:00:00,2926,E5,supply,fvg,fvg:supply:2925,2425.300048828125,2423.5,,1,,0,0,1,4,4
2024-08-08 03:00:00,2930,E5,supply,fvg,fvg:supply:2922,2433.10009765625,2432.0,,8,,0,0,1,7,7
2024-08-08 05:00:00,2932,E2,demand,sd,sd:demand:2873,2433.0,2412.6570166015626,78195.0,59,21.2,3,1,0,6,6
2024-08-08 05:00:00,2932,E5,demand,fvg,fvg:demand:2931,2431.5,2429.699951171875,,1,,0,1,0,6,6
2024-08-08 06:00:00,2933,E1,supply,sd,sd:supply:2919,2459.2939379882814,2439.199951171875,-40548.0,14,11.0,1,0,0,4,10
2024-08-08 13:00:00,2940,E4,supply,ob_internal,ob_internal:supply:2893,2457.10009765625,2451.89990234375,,47,,0,0,1,1,4
2024-08-08 13:00:00,2940,E5,demand,fvg,fvg:demand:2938,2444.199951171875,2437.89990234375,,2,,0,0,0,10,10
2024-08-08 13:00:00,2940,E5,demand,fvg,fvg:demand:2939,2446.60009765625,2445.699951171875,,1,,0,0,0,10,10
2024-08-08 20:00:00,2947,E1,supply,sd,sd:supply:2868,2485.322888183594,2465.89990234375,-40430.0,79,12.3,0,0,0,10,10
2024-08-09 07:00:00,2957,E1,supply,sd,sd:supply:2868,2485.322888183594,2465.89990234375,-40430.0,89,12.3,1,0,0,3,10
2024-08-09 13:00:00,2963,E5,demand,fvg,fvg:demand:2958,2461.199951171875,2461.10009765625,,5,,0,0,0,10,10
2024-08-09 17:00:00,2967,E2,demand,sd,sd:demand:2966,2472.699951171875,2452.4649658203125,38721.0,1,12.5,0,0,0,8,10
2024-08-09 20:00:00,2970,E5,supply,fvg,fvg:supply:2969,2469.89990234375,2469.60009765625,,1,,0,0,1,10,9
2024-08-12 02:00:00,2975,E1,supply,sd,sd:supply:2868,2485.322888183594,2465.89990234375,-40430.0,107,13.1,2,0,0,2,10
2024-08-12 06:00:00,2979,E2,demand,sd,sd:demand:2966,2472.699951171875,2452.4649658203125,38721.0,13,12.5,1,1,0,7,7
2024-08-12 11:00:00,2984,E5,demand,fvg,fvg:demand:2981,2478.89990234375,2476.199951171875,,3,,0,1,0,2,2
2024-08-12 13:00:00,2986,E4,supply,ob_swing,ob_swing:supply:2868,2500.800048828125,2492.800048828125,,118,,0,0,1,2,4
2024-08-12 13:00:00,2986,E4,supply,ob_internal,ob_internal:supply:2868,2500.800048828125,2492.800048828125,,118,,0,0,1,2,4
2024-08-13 00:00:00,2996,E5,demand,fvg,fvg:demand:2992,2509.800048828125,2508.5,,4,,0,0,1,1,1
2024-08-13 01:00:00,2997,E5,demand,fvg,fvg:demand:2990,2501.300048828125,2500.300048828125,,7,,0,0,0,3,10
2024-08-13 01:00:00,2997,E5,demand,fvg,fvg:demand:2991,2506.300048828125,2505.800048828125,,6,,0,0,1,3,4
2024-08-13 08:00:00,3004,E5,demand,fvg,fvg:demand:2989,2498.5,2495.10009765625,,15,,0,1,0,4,4
2024-08-13 12:00:00,3008,E5,supply,fvg,fvg:supply:2998,2508.39990234375,2507.800048828125,,10,,0,0,1,1,1
2024-08-13 13:00:00,3009,E5,demand,fvg,fvg:demand:3008,2503.699951171875,2502.89990234375,,1,,0,0,0,1,10
2024-08-13 14:00:00,3010,E2,demand,sd,sd:demand:3009,2503.89990234375,2487.302922363281,53325.0,1,21.4,0,0,0,5,10
2024-08-14 01:00:00,3020,E2,demand,sd,sd:demand:3009,2503.89990234375,2487.302922363281,53325.0,11,21.4,1,0,0,1,7
2024-08-14 02:00:00,3021,E2,demand,sd,sd:demand:2990,2495.10009765625,2478.21310546875,39451.0,31,15.8,0,1,0,6,6
2024-08-14 04:00:00,3023,E5,supply,fvg,fvg:supply:3022,2503.89990234375,2501.0,,1,,0,0,1,3,3
2024-08-14 06:00:00,3025,E4,supply,ob_internal,ob_internal:supply:3021,2512.800048828125,2503.199951171875,,4,,0,0,1,2,6
2024-08-14 12:00:00,3031,E2,demand,sd,sd:demand:3009,2503.89990234375,2487.302922363281,53325.0,22,21.4,2,0,1,1,3
2024-08-14 12:00:00,3031,E5,demand,fvg,fvg:demand:3026,2505.300048828125,2501.89990234375,,5,,0,0,1,1,1
2024-08-14 12:00:00,3031,E5,demand,fvg,fvg:demand:3027,2507.699951171875,2506.800048828125,,4,,0,0,1,1,1
2024-08-14 13:00:00,3032,E2,demand,sd,sd:demand:2990,2495.10009765625,2478.21310546875,39451.0,42,15.8,1,0,0,1,10
2024-08-14 13:00:00,3032,E4,demand,ob_internal,ob_internal:demand:3027,2505.10009765625,2494.5,,5,,0,0,1,1,1
2024-08-14 18:00:00,3037,E5,supply,fvg,fvg:supply:3035,2485.39990234375,2484.0,,2,,0,0,0,10,10
2024-08-15 05:00:00,3047,E5,demand,fvg,fvg:demand:3046,2490.300048828125,2490.0,,1,,0,0,0,7,7
2024-08-15 10:00:00,3052,E5,supply,fvg,fvg:supply:3033,2500.800048828125,2497.10009765625,,19,,0,0,0,1,2
2024-08-15 12:00:00,3054,E2,demand,sd,sd:demand:2990,2495.10009765625,2478.21310546875,39451.0,64,12.8,2,0,1,1,1
2024-08-15 12:00:00,3054,E5,demand,fvg,fvg:demand:3053,2495.300048828125,2494.800048828125,,1,,0,0,1,1,1
2024-08-15 13:00:00,3055,E2,demand,sd,sd:demand:2966,2472.699951171875,2452.4649658203125,38721.0,89,12.6,2,1,0,6,6
2024-08-15 13:00:00,3055,E5,demand,fvg,fvg:demand:2980,2474.39990234375,2473.800048828125,,75,,0,1,0,6,6
2024-08-15 14:00:00,3056,E5,supply,fvg,fvg:supply:3055,2495.300048828125,2488.800048828125,,1,,0,0,0,5,10
2024-08-16 01:00:00,3066,E2,demand,sd,sd:demand:2990,2495.10009765625,2478.21310546875,39451.0,76,12.8,3,0,0,2,10
2024-08-16 05:00:00,3070,E5,supply,fvg,fvg:supply:3069,2491.199951171875,2491.10009765625,,1,,0,0,1,2,2
2024-08-16 07:00:00,3072,E5,demand,fvg,fvg:demand:3071,2491.89990234375,2491.10009765625,,1,,0,1,0,5,5
2024-08-16 11:00:00,3076,E1,supply,sd,sd:supply:3032,2525.876989746094,2509.5,-57220.0,44,18.6,0,0,1,1,2
2024-08-16 11:00:00,3076,E5,supply,fvg,fvg:supply:3032,2510.699951171875,2508.800048828125,,44,,0,0,1,1,1
2024-08-16 14:00:00,3079,E5,demand,fvg,fvg:demand:3078,2522.199951171875,2510.300048828125,,1,,0,1,0,4,4
2024-08-19 00:00:00,3088,E5,demand,fvg,fvg:demand:3084,2540.199951171875,2538.699951171875,,4,,0,0,1,10,10
2024-08-19 01:00:00,3089,E2,demand,sd,sd:demand:3082,2533.89990234375,2520.3479077148436,33675.0,7,14.6,0,0,0,9,10
2024-08-19 01:00:00,3089,E5,demand,fvg,fvg:demand:3083,2536.800048828125,2536.300048828125,,6,,0,0,1,9,9
2024-08-19 10:00:00,3098,E5,demand,fvg,fvg:demand:3082,2531.39990234375,2531.0,,16,,0,1,1,4,3
2024-08-19 12:00:00,3100,E5,supply,fvg,fvg:supply:3099,2538.199951171875,2533.5,,1,,0,0,1,2,4
2024-08-19 14:00:00,3102,E5,supply,fvg,fvg:supply:3098,2540.699951171875,2538.5,,4,,0,0,0,10,10
2024-08-19 15:00:00,3103,E4,supply,ob_internal,ob_internal:supply:3098,2545.800048828125,2540.699951171875,,5,,0,0,0,10,10
2024-08-20 02:00:00,3113,E5,demand,fvg,fvg:demand:3103,2538.199951171875,2534.300048828125,,10,,0,1,0,5,5
2024-08-20 03:00:00,3114,E4,supply,ob_internal,ob_internal:supply:3113,2546.39990234375,2539.300048828125,,1,,0,0,1,4,4
2024-08-20 05:00:00,3116,E5,supply,fvg,fvg:supply:3113,2541.5,2540.60009765625,,3,,0,0,1,1,2
2024-08-20 13:00:00,3124,E5,demand,fvg,fvg:demand:3120,2558.39990234375,2553.699951171875,,4,,0,0,1,1,2
2024-08-20 15:00:00,3126,E5,demand,fvg,fvg:demand:3119,2552.800048828125,2543.800048828125,,7,,0,0,0,1,10
2024-08-20 16:00:00,3127,E2,demand,sd,sd:demand:3119,2541.39990234375,2528.4769091796875,31335.0,8,17.0,0,0,0,10,10
2024-08-20 17:00:00,3128,E5,supply,fvg,fvg:supply:3127,2558.39990234375,2548.60009765625,,1,,0,0,0,8,10
2024-08-21 03:00:00,3137,E4,demand,ob_internal,ob_internal:demand:3136,2555.199951171875,2548.800048828125,,1,,0,0,1,4,10
2024-08-21 09:00:00,3143,E4,demand,ob_internal,ob_internal:demand:3118,2543.800048828125,2535.10009765625,,25,,0,0,1,4,5
2024-08-21 13:00:00,3147,E2,demand,sd,sd:demand:3119,2541.39990234375,2528.4769091796875,31335.0,28,17.0,1,0,0,1,5
2024-08-21 14:00:00,3148,E2,demand,sd,sd:demand:3103,2533.800048828125,2520.52904296875,40627.0,45,22.1,0,1,0,4,4
2024-08-21 14:00:00,3148,E2,demand,sd,sd:demand:3082,2533.89990234375,2520.3479077148436,33675.0,66,18.3,1,1,0,4,4
2024-08-21 15:00:00,3149,E1,supply,sd,sd:supply:3148,2558.0339990234374,2545.0,-51697.0,1,22.0,0,0,0,3,10
2024-08-21 15:00:00,3149,E5,supply,fvg,fvg:supply:3148,2544.89990234375,2544.5,,1,,0,0,1,3,3
2024-08-21 18:00:00,3152,E4,supply,ob_internal,ob_internal:supply:3141,2558.0,2553.89990234375,,11,,0,1,0,7,7
2024-08-22 01:00:00,3158,E5,demand,fvg,fvg:demand:3152,2547.0,2546.800048828125,,6,,0,0,1,1,1
2024-08-22 02:00:00,3159,E2,demand,sd,sd:demand:3119,2541.39990234375,2528.4769091796875,31335.0,40,13.3,2,0,0,10,10
2024-08-22 05:00:00,3162,E5,supply,fvg,fvg:supply:3160,2543.39990234375,2541.300048828125,,2,,0,1,0,8,8
2024-08-22 06:00:00,3163,E1,supply,sd,sd:supply:3148,2558.0339990234374,2545.0,-51697.0,15,22.0,1,1,0,6,6
2024-08-22 06:00:00,3163,E5,supply,fvg,fvg:supply:3159,2548.0,2544.89990234375,,4,,0,1,0,6,6
2024-08-22 08:00:00,3165,E5,demand,fvg,fvg:demand:3163,2539.699951171875,2539.199951171875,,2,,0,0,1,3,4
2024-08-22 11:00:00,3168,E2,demand,sd,sd:demand:3103,2533.800048828125,2520.52904296875,40627.0,65,17.3,1,0,1,2,3
2024-08-22 11:00:00,3168,E2,demand,sd,sd:demand:3082,2533.89990234375,2520.3479077148436,33675.0,86,14.3,2,0,1,2,3
2024-08-22 14:00:00,3171,E5,demand,fvg,fvg:demand:3077,2509.300048828125,2506.0,,94,,0,0,0,10,10
2024-08-23 00:00:00,3180,E5,supply,fvg,fvg:supply:3171,2531.300048828125,2523.699951171875,,9,,0,0,0,8,10
2024-08-23 02:00:00,3182,E5,demand,fvg,fvg:demand:3181,2523.300048828125,2523.0,,1,,0,1,0,9,9
2024-08-23 05:00:00,3185,E5,demand,fvg,fvg:demand:3184,2528.0,2527.199951171875,,1,,0,1,0,8,8
2024-08-23 10:00:00,3190,E5,demand,fvg,fvg:demand:3189,2532.39990234375,2529.800048828125,,1,,0,1,0,4,4
2024-08-23 14:00:00,3194,E1,supply,sd,sd:supply:3148,2558.0339990234374,2545.0,-51697.0,46,17.1,2,0,0,1,10
2024-08-23 14:00:00,3194,E4,supply,ob_internal,ob_internal:supply:3168,2547.199951171875,2539.699951171875,,26,,0,0,1,1,1
2024-08-23 16:00:00,3196,E5,demand,fvg,fvg:demand:3195,2543.800048828125,2539.60009765625,,1,,0,0,0,10,10
2024-08-23 20:00:00,3200,E4,supply,ob_swing,ob_swing:supply:3170,2557.300048828125,2547.0,,30,,0,0,0,10,10
2024-08-26 05:00:00,3208,E5,supply,fvg,fvg:supply:3207,2547.300048828125,2546.199951171875,,1,,0,0,1,2,2
2024-08-26 07:00:00,3210,E4,supply,ob_internal,ob_internal:supply:3141,2558.0,2553.89990234375,,69,,1,0,0,3,7
2024-08-26 10:00:00,3213,E5,demand,fvg,fvg:demand:3212,2559.10009765625,2557.300048828125,,1,,0,0,1,3,3
2024-08-26 13:00:00,3216,E5,demand,fvg,fvg:demand:3211,2556.300048828125,2550.800048828125,,5,,0,0,0,10,10
2024-08-26 14:00:00,3217,E2,demand,sd,sd:demand:3211,2546.199951171875,2533.31294921875,23443.0,6,9.3,0,0,0,10,10
2024-08-26 14:00:00,3217,E5,demand,fvg,fvg:demand:3210,2549.60009765625,2546.699951171875,,7,,0,0,0,10,10
2024-08-26 16:00:00,3219,E5,supply,fvg,fvg:supply:3217,2558.199951171875,2554.699951171875,,2,,0,1,0,8,8
2024-08-27 01:00:00,3227,E2,demand,sd,sd:demand:3211,2546.199951171875,2533.31294921875,23443.0,16,9.3,1,0,0,6,10
2024-08-27 01:00:00,3227,E4,demand,ob_swing,ob_swing:demand:3210,2546.5,2537.5,,17,,0,0,0,6,10
2024-08-27 01:00:00,3227,E4,demand,ob_internal,ob_internal:demand:3210,2546.199951171875,2544.0,,17,,0,0,1,6,7
2024-08-27 05:00:00,3231,E5,supply,fvg,fvg:supply:3228,2548.10009765625,2545.5,,3,,0,1,0,3,3
2024-08-27 06:00:00,3232,E5,supply,fvg,fvg:supply:3226,2552.300048828125,2552.0,,6,,0,1,0,1,1
2024-08-27 06:00:00,3232,E5,supply,fvg,fvg:supply:3227,2550.5,2549.199951171875,,5,,0,1,0,1,1
2024-08-27 07:00:00,3233,E2,demand,sd,sd:demand:3196,2539.60009765625,2526.3081005859376,72567.0,37,28.8,0,1,0,7,7
2024-08-27 07:00:00,3233,E5,demand,fvg,fvg:demand:3232,2547.89990234375,2544.800048828125,,1,,0,1,1,7,1
2024-08-27 09:00:00,3235,E5,supply,fvg,fvg:supply:3234,2547.89990234375,2547.5,,1,,0,0,1,4,6
2024-08-27 12:00:00,3238,E2,demand,sd,sd:demand:3211,2546.199951171875,2533.31294921875,23443.0,27,9.3,2,0,0,1,3
2024-08-27 12:00:00,3238,E4,demand,ob_swing,ob_swing:demand:3210,2546.5,2537.5,,28,,1,0,0,1,3
2024-08-27 14:00:00,3240,E5,supply,fvg,fvg:supply:3225,2553.10009765625,2552.89990234375,,15,,0,0,1,1,4
2024-08-27 17:00:00,3243,E4,supply,ob_internal,ob_internal:supply:3227,2559.39990234375,2552.199951171875,,16,,0,0,0,5,10
2024-08-28 01:00:00,3250,E2,demand,sd,sd:demand:3244,2556.699951171875,2543.9209521484377,25909.0,6,12.9,0,0,1,3,5
2024-08-28 01:00:00,3250,E5,demand,fvg,fvg:demand:3244,2555.199951171875,2549.89990234375,,6,,0,0,1,3,4
2024-08-28 01:00:00,3250,E5,demand,fvg,fvg:demand:3245,2558.39990234375,2557.10009765625,,5,,0,0,1,3,1
2024-08-28 04:00:00,3253,E2,demand,sd,sd:demand:3211,2546.199951171875,2533.31294921875,23443.0,42,11.7,3,0,1,1,8
2024-08-28 04:00:00,3253,E4,demand,ob_internal,ob_internal:demand:3244,2547.5,2538.5,,9,,0,0,1,1,8
2024-08-28 05:00:00,3254,E4,demand,ob_swing,ob_swing:demand:3210,2546.5,2537.5,,44,,2,1,0,1,1
2024-08-28 06:00:00,3255,E2,demand,sd,sd:demand:3196,2539.60009765625,2526.3081005859376,72567.0,59,28.8,1,0,0,5,10
2024-08-28 06:00:00,3255,E5,supply,fvg,fvg:supply:3254,2548.5,2546.800048828125,,1,,0,1,0,6,6
2024-08-28 13:00:00,3262,E5,supply,fvg,fvg:supply:3260,2542.39990234375,2540.300048828125,,2,,0,0,0,10,10
2024-08-28 13:00:00,3262,E5,supply,fvg,fvg:supply:3261,2537.199951171875,2536.300048828125,,1,,0,0,1,10,1
2024-08-28 16:00:00,3265,E2,demand,sd,sd:demand:3196,2539.60009765625,2526.3081005859376,72567.0,69,28.8,2,1,0,10,10
2024-08-28 16:00:00,3265,E5,demand,fvg,fvg:demand:3263,2538.5,2536.300048828125,,2,,0,1,0,10,10
2024-08-28 20:00:00,3269,E5,demand,fvg,fvg:demand:3268,2541.199951171875,2540.800048828125,,1,,0,1,0,7,7
2024-08-29 02:00:00,3274,E5,demand,fvg,fvg:demand:3273,2544.800048828125,2541.39990234375,,1,,0,1,0,7,7
2024-08-29 05:00:00,3277,E5,demand,fvg,fvg:demand:3276,2548.699951171875,2548.300048828125,,1,,0,0,1,7,7
2024-08-29 06:00:00,3278,E5,supply,fvg,fvg:supply:3251,2559.10009765625,2553.699951171875,,27,,0,0,0,3,6
2024-08-29 11:00:00,3283,E5,demand,fvg,fvg:demand:3282,2554.10009765625,2553.39990234375,,1,,0,0,1,1,1
2024-08-29 12:00:00,3284,E2,demand,sd,sd:demand:3211,2546.199951171875,2533.31294921875,23443.0,73,9.3,4,1,0,2,2
2024-08-29 12:00:00,3284,E2,demand,sd,sd:demand:3196,2539.60009765625,2526.3081005859376,72567.0,88,28.8,3,1,0,2,2
2024-08-29 14:00:00,3286,E5,supply,fvg,fvg:supply:3284,2554.10009765625,2554.0,,2,,0,0,1,3,3
2024-08-29 16:00:00,3288,E2,demand,sd,sd:demand:3287,2554.0,2541.7639892578127,44774.0,1,20.4,0,0,0,7,10
2024-08-29 23:00:00,3294,E4,demand,ob_internal,ob_internal:demand:3288,2552.60009765625,2541.300048828125,,6,,0,0,0,4,10
2024-08-30 01:00:00,3296,E5,supply,fvg,fvg:supply:3295,2553.300048828125,2552.60009765625,,1,,0,0,1,5,7
2024-08-30 03:00:00,3298,E2,demand,sd,sd:demand:3211,2546.199951171875,2533.31294921875,23443.0,87,10.7,5,1,0,3,3
2024-08-30 10:00:00,3305,E2,demand,sd,sd:demand:3302,2548.10009765625,2536.2930883789063,21333.0,3,10.6,0,0,1,4,6
2024-08-30 10:00:00,3305,E2,demand,sd,sd:demand:3287,2554.0,2541.7639892578127,44774.0,18,22.2,1,0,1,4,5
2024-08-30 10:00:00,3305,E4,demand,ob_internal,ob_internal:demand:3288,2552.60009765625,2541.300048828125,,17,,1,0,1,4,5
2024-08-30 10:00:00,3305,E5,demand,fvg,fvg:demand:3302,2550.39990234375,2549.699951171875,,3,,0,0,1,4,4
2024-08-30 10:00:00,3305,E5,demand,fvg,fvg:demand:3304,2555.699951171875,2554.300048828125,,1,,0,0,1,4,1
2024-08-30 12:00:00,3307,E5,supply,fvg,fvg:supply:3306,2555.699951171875,2554.89990234375,,1,,0,1,0,2,2
2024-08-30 13:00:00,3308,E2,demand,sd,sd:demand:3211,2546.199951171875,2533.31294921875,23443.0,97,11.6,6,0,1,1,4
2024-08-30 14:00:00,3309,E2,demand,sd,sd:demand:3196,2539.60009765625,2526.3081005859376,72567.0,113,36.0,4,0,0,1,10
2024-08-30 15:00:00,3310,E4,demand,ob_internal,ob_internal:demand:3273,2541.10009765625,2530.800048828125,,37,,0,0,1,2,10
2024-09-03 04:00:00,3322,E5,supply,fvg,fvg:supply:3321,2529.10009765625,2528.39990234375,,1,,0,0,1,3,4
2024-09-03 06:00:00,3324,E5,supply,fvg,fvg:supply:3320,2533.300048828125,2530.699951171875,,4,,0,0,0,2,5
2024-09-03 08:00:00,3326,E4,supply,ob_internal,ob_internal:supply:3319,2537.199951171875,2533.300048828125,,7,,0,1,0,2,2
2024-09-03 10:00:00,3328,E5,demand,fvg,fvg:demand:3325,2528.5,2527.699951171875,,3,,0,0,1,1,1
2024-09-03 10:00:00,3328,E5,demand,fvg,fvg:demand:3326,2532.60009765625,2531.10009765625,,2,,0,0,1,1,1
2024-09-03 11:00:00,3329,E5,demand,fvg,fvg:demand:3178,2519.800048828125,2519.199951171875,,151,,0,0,1,2,2
2024-09-03 11:00:00,3329,E5,demand,fvg,fvg:demand:3180,2521.89990234375,2521.10009765625,,149,,0,0,1,2,2
2024-09-03 12:00:00,3330,E1,supply,sd,sd:supply:3329,2544.487119140625,2532.60009765625,-33927.0,1,10.1,0,1,0,1,1
2024-09-03 15:00:00,3333,E5,supply,fvg,fvg:supply:3332,2519.0,2518.5,,1,,0,0,1,10,10
2024-09-04 01:00:00,3342,E5,demand,fvg,fvg:demand:3338,2522.89990234375,2521.5,,4,,0,0,1,5,5
2024-09-04 09:00:00,3350,E5,supply,fvg,fvg:supply:3349,2514.699951171875,2514.300048828125,,1,,0,0,1,1,2
2024-09-04 10:00:00,3351,E5,supply,fvg,fvg:supply:3348,2524.0,2519.5,,3,,0,0,1,4,4
2024-09-04 12:00:00,3353,E5,demand,fvg,fvg:demand:3352,2517.60009765625,2514.39990234375,,1,,0,1,0,2,2
2024-09-04 14:00:00,3355,E4,supply,ob_swing,ob_swing:supply:3349,2528.39990234375,2523.800048828125,,6,,0,0,0,10,10
2024-09-04 14:00:00,3355,E4,supply,ob_internal,ob_internal:supply:3349,2528.39990234375,2523.800048828125,,6,,0,0,0,10,10
2024-09-04 14:00:00,3355,E5,supply,fvg,fvg:supply:3347,2525.699951171875,2524.699951171875,,8,,0,0,0,10,10
2024-09-04 18:00:00,3359,E5,demand,fvg,fvg:demand:3356,2523.89990234375,2521.300048828125,,3,,0,0,0,10,10
2024-09-05 05:00:00,3369,E1,supply,sd,sd:supply:3329,2544.487119140625,2532.60009765625,-33927.0,40,10.1,1,0,1,1,7
2024-09-05 05:00:00,3369,E5,supply,fvg,fvg:supply:3368,2526.39990234375,2525.10009765625,,1,,0,0,1,1,1
2024-09-05 06:00:00,3370,E4,supply,ob_internal,ob_internal:supply:3329,2538.5,2532.60009765625,,41,,0,0,1,2,2
2024-09-05 08:00:00,3372,E5,supply,fvg,fvg:supply:3310,2546.10009765625,2542.60009765625,,62,,0,0,1,4,4
2024-09-05 08:00:00,3372,E5,supply,fvg,fvg:supply:3311,2539.300048828125,2538.800048828125,,61,,0,0,1,4,1
2024-09-05 10:00:00,3374,E5,demand,fvg,fvg:demand:3373,2545.199951171875,2537.39990234375,,1,,0,0,0,4,10
2024-09-05 12:00:00,3376,E1,supply,sd,sd:supply:3310,2561.6690087890624,2549.5,-51670.0,66,18.3,0,1,0,3,3
2024-09-05 16:00:00,3380,E5,supply,fvg,fvg:supply:3379,2542.60009765625,2541.300048828125,,1,,0,0,0,2,10
2024-09-05 17:00:00,3381,E1,supply,sd,sd:supply:3379,2556.23306640625,2544.300048828125,-50824.0,2,15.3,0,0,0,10,10
2024-09-05 19:00:00,3383,E5,demand,fvg,fvg:demand:3382,2545.0,2542.10009765625,,1,,0,0,0,10,10
2024-09-06 05:00:00,3392,E1,supply,sd,sd:supply:3310,2561.6690087890624,2549.5,-51670.0,82,15.5,1,0,0,7,7
2024-09-06 06:00:00,3393,E5,demand,fvg,fvg:demand:3390,2546.699951171875,2546.5,,3,,0,0,0,5,6
2024-09-06 06:00:00,3393,E5,demand,fvg,fvg:demand:3392,2548.300048828125,2548.199951171875,,1,,0,0,0,5,6
2024-09-06 14:00:00,3401,E1,supply,sd,sd:supply:3379,2556.23306640625,2544.300048828125,-50824.0,22,15.3,1,0,0,1,2
2024-09-06 14:00:00,3401,E5,demand,fvg,fvg:demand:3370,2530.800048828125,2525.10009765625,,31,,0,0,1,2,2
2024-09-06 16:00:00,3403,E2,demand,sd,sd:demand:3373,2525.10009765625,2513.4150830078124,34296.0,30,8.1,0,0,0,10,10
2024-09-06 20:00:00,3407,E5,supply,fvg,fvg:supply:3404,2533.199951171875,2526.5,,3,,0,0,0,10,10
2024-09-09 05:00:00,3415,E2,demand,sd,sd:demand:3373,2525.10009765625,2513.4150830078124,34296.0,42,8.1,1,1,0,7,7
2024-09-09 07:00:00,3417,E5,supply,fvg,fvg:supply:3416,2526.300048828125,2522.39990234375,,1,,0,0,1,5,5
2024-09-09 14:00:00,3424,E5,demand,fvg,fvg:demand:3423,2528.300048828125,2528.10009765625,,1,,0,0,0,10,10
2024-09-09 15:00:00,3425,E2,demand,sd,sd:demand:3373,2525.10009765625,2513.4150830078124,34296.0,52,8.1,2,0,0,10,10
2024-09-10 03:00:00,3436,E5,supply,fvg,fvg:supply:3435,2533.60009765625,2532.800048828125,,1,,0,0,1,4,7
2024-09-10 07:00:00,3440,E5,demand,fvg,fvg:demand:3439,2532.199951171875,2531.699951171875,,1,,0,1,0,5,5
2024-09-10 10:00:00,3443,E1,supply,sd,sd:supply:3402,2549.28005859375,2537.300048828125,-90903.0,41,21.4,0,0,0,2,10
2024-09-10 11:00:00,3444,E5,demand,fvg,fvg:demand:3443,2534.0,2532.199951171875,,1,,0,1,0,1,1
2024-09-10 13:00:00,3446,E1,supply,sd,sd:supply:3379,2556.23306640625,2544.300048828125,-50824.0,67,12.0,2,0,0,2,10
2024-09-10 19:00:00,3452,E2,demand,sd,sd:demand:3449,2544.300048828125,2532.2340454101563,39397.0,3,9.3,0,1,0,10,10
2024-09-11 00:00:00,3456,E4,demand,ob_internal,ob_internal:demand:3455,2547.5,2537.10009765625,,1,,0,1,0,6,6
2024-09-11 01:00:00,3457,E1,supply,sd,sd:supply:3310,2561.6690087890624,2549.5,-51670.0,147,12.2,2,0,0,5,10
2024-09-11 07:00:00,3463,E4,demand,ob_internal,ob_internal:demand:3462,2552.0,2543.60009765625,,1,,0,0,1,5,5
2024-09-11 07:00:00,3463,E5,demand,fvg,fvg:demand:3462,2549.800048828125,2549.0,,1,,0,0,1,5,5
2024-09-11 12:00:00,3468,E2,demand,sd,sd:demand:3449,2544.300048828125,2532.2340454101563,39397.0,19,11.8,1,0,0,1,10
2024-09-11 12:00:00,3468,E4,demand,ob_internal,ob_internal:demand:3455,2547.5,2537.10009765625,,13,,1,0,0,1,10
2024-09-11 12:00:00,3468,E5,demand,fvg,fvg:demand:3449,2539.60009765625,2538.199951171875,,19,,0,0,1,1,1
2024-09-11 15:00:00,3471,E5,supply,fvg,fvg:supply:3469,2549.699951171875,2541.800048828125,,2,,0,0,0,10,10
2024-09-11 16:00:00,3472,E1,supply,sd,sd:supply:3379,2556.23306640625,2544.300048828125,-50824.0,93,15.3,3,0,0,10,10
2024-09-11 17:00:00,3473,E5,demand,fvg,fvg:demand:3472,2542.39990234375,2539.199951171875,,1,,0,0,0,10,10
2024-09-12 04:00:00,3483,E1,supply,sd,sd:supply:3379,2556.23306640625,2544.300048828125,-50824.0,104,15.3,4,0,1,2,8
2024-09-12 06:00:00,3485,E1,supply,sd,sd:supply:3310,2561.6690087890624,2549.5,-51670.0,175,15.5,3,0,1,4,7
2024-09-12 06:00:00,3485,E5,demand,fvg,fvg:demand:3484,2544.89990234375,2543.89990234375,,1,,0,1,0,6,6
2024-09-12 07:00:00,3486,E2,demand,sd,sd:demand:3449,2544.300048828125,2532.2340454101563,39397.0,37,11.8,2,1,0,5,5
2024-09-12 07:00:00,3486,E5,demand,fvg,fvg:demand:3483,2543.199951171875,2542.10009765625,,3,,0,1,0,5,5
2024-09-12 12:00:00,3491,E4,supply,ob_internal,ob_internal:supply:3309,2560.10009765625,2555.699951171875,,182,,0,0,1,1,1
2024-09-12 12:00:00,3491,E4,supply,ob_swing,ob_swing:supply:3320,2562.199951171875,2556.800048828125,,171,,0,0,1,1,1
2024-09-12 12:00:00,3491,E4,supply,ob_internal,ob_internal:supply:3468,2558.0,2549.800048828125,,23,,0,0,1,1,1
2024-09-13 05:00:00,3507,E5,demand,fvg,fvg:demand:3506,2594.800048828125,2593.699951171875,,1,,0,1,0,8,8
2024-09-13 14:00:00,3516,E5,demand,fvg,fvg:demand:3515,2601.5,2596.10009765625,,1,,0,0,0,10,10
2024-09-16 07:00:00,3532,E5,demand,fvg,fvg:demand:3528,2611.5,2610.39990234375,,4,,0,0,1,3,3
2024-09-16 10:00:00,3535,E4,demand,ob_internal,ob_internal:demand:3530,2608.699951171875,2605.5,,5,,0,0,0,10,10
2024-09-16 12:00:00,3537,E5,supply,fvg,fvg:supply:3536,2611.60009765625,2610.699951171875,,1,,0,0,0,1,10
2024-09-17 05:00:00,3553,E5,supply,fvg,fvg:supply:3552,2607.89990234375,2606.39990234375,,1,,0,0,1,1,1
2024-09-17 06:00:00,3554,E4,supply,ob_swing,ob_swing:supply:3551,2613.39990234375,2607.89990234375,,3,,0,1,0,3,3
2024-09-17 06:00:00,3554,E4,supply,ob_internal,ob_internal:supply:3551,2613.39990234375,2607.89990234375,,3,,0,1,0,3,3
2024-09-17 08:00:00,3556,E5,demand,fvg,fvg:demand:3555,2609.60009765625,2606.5,,1,,0,0,1,1,1
2024-09-17 10:00:00,3558,E2,demand,sd,sd:demand:3515,2597.10009765625,2585.279108886719,40742.0,43,15.8,0,0,0,2,10
2024-09-17 11:00:00,3559,E1,supply,sd,sd:supply:3558,2617.2009375,2606.199951171875,-25765.0,1,9.1,0,1,0,1,1
2024-09-17 11:00:00,3559,E4,supply,ob_internal,ob_internal:supply:3557,2613.699951171875,2606.199951171875,,2,,0,1,0,1,1
2024-09-17 11:00:00,3559,E5,supply,fvg,fvg:supply:3557,2609.60009765625,2607.199951171875,,2,,0,1,0,1,1
2024-09-17 11:00:00,3559,E5,supply,fvg,fvg:supply:3558,2604.800048828125,2603.0,,1,,0,1,0,1,1
2024-09-17 17:00:00,3565,E5,demand,fvg,fvg:demand:3503,2587.89990234375,2587.0,,62,,0,0,0,10,10
2024-09-17 17:00:00,3565,E5,supply,fvg,fvg:supply:3564,2598.300048828125,2593.300048828125,,1,,0,0,0,10,10
2024-09-17 19:00:00,3567,E5,demand,fvg,fvg:demand:3566,2595.39990234375,2593.300048828125,,1,,0,0,0,10,10
2024-09-18 02:00:00,3573,E2,demand,sd,sd:demand:3515,2597.10009765625,2585.279108886719,40742.0,58,14.4,1,0,0,2,10
2024-09-18 02:00:00,3573,E5,demand,fvg,fvg:demand:3570,2597.10009765625,2597.0,,3,,0,0,0,2,10
2024-09-18 06:00:00,3577,E5,supply,fvg,fvg:supply:3576,2599.10009765625,2595.5,,1,,0,0,1,4,4
2024-09-18 11:00:00,3582,E1,supply,sd,sd:supply:3558,2617.2009375,2606.199951171875,-25765.0,24,9.1,1,1,0,6,6
2024-09-18 12:00:00,3583,E5,demand,fvg,fvg:demand:3582,2601.60009765625,2598.60009765625,,1,,0,0,0,1,6
2024-09-18 13:00:00,3584,E2,demand,sd,sd:demand:3515,2597.10009765625,2585.279108886719,40742.0,69,14.4,2,1,0,5,5
2024-09-18 16:00:00,3587,E1,supply,sd,sd:supply:3585,2612.938083496094,2601.60009765625,-26958.0,2,8.7,0,0,1,2,2
2024-09-18 17:00:00,3588,E4,demand,ob_internal,ob_internal:demand:3582,2595.5,2591.89990234375,,6,,0,1,0,1,1
2024-09-19 02:00:00,3596,E5,supply,fvg,fvg:supply:3591,2594.39990234375,2586.699951171875,,5,,0,0,1,3,4
2024-09-19 04:00:00,3598,E5,demand,fvg,fvg:demand:3597,2585.800048828125,2583.5,,1,,0,1,0,3,3
2024-09-19 06:00:00,3600,E1,supply,sd,sd:supply:3585,2612.938083496094,2601.60009765625,-26958.0,15,8.7,1,0,0,1,10
2024-09-19 07:00:00,3601,E1,supply,sd,sd:supply:3558,2617.2009375,2606.199951171875,-25765.0,43,8.4,2,0,0,2,10
2024-09-19 12:00:00,3606,E5,demand,fvg,fvg:demand:3600,2598.60009765625,2588.89990234375,,6,,0,0,0,10,10
2024-09-19 12:00:00,3606,E5,demand,fvg,fvg:demand:3601,2599.800048828125,2599.199951171875,,5,,0,0,0,10,10
2024-09-19 12:00:00,3606,E5,demand,fvg,fvg:demand:3602,2606.39990234375,2603.5,,4,,0,0,1,10,1
2024-09-19 14:00:00,3608,E5,supply,fvg,fvg:supply:3607,2609.39990234375,2607.699951171875,,1,,0,0,0,2,10
2024-09-19 18:00:00,3612,E5,demand,fvg,fvg:demand:3610,2613.300048828125,2610.0,,2,,0,0,0,10,10
2024-09-20 09:00:00,3626,E5,demand,fvg,fvg:demand:3624,2629.89990234375,2620.199951171875,,2,,0,1,0,3,3
2024-09-20 17:00:00,3634,E5,demand,fvg,fvg:demand:3633,2645.199951171875,2642.5,,1,,0,0,0,10,10
2024-09-23 01:00:00,3641,E2,demand,sd,sd:demand:3633,2641.89990234375,2629.6059155273438,56902.0,8,21.7,0,0,0,6,10
2024-09-23 05:00:00,3645,E5,demand,fvg,fvg:demand:3644,2652.699951171875,2652.5,,1,,0,0,1,2,2
2024-09-23 06:00:00,3646,E5,demand,fvg,fvg:demand:3643,2649.60009765625,2646.5,,3,,0,0,1,1,1
2024-09-23 09:00:00,3649,E5,supply,fvg,fvg:supply:3648,2649.300048828125,2645.300048828125,,1,,0,0,1,3,4
2024-09-23 11:00:00,3651,E5,supply,fvg,fvg:supply:3647,2651.39990234375,2649.800048828125,,4,,0,0,1,2,2
2024-09-23 12:00:00,3652,E4,supply,ob_internal,ob_internal:supply:3647,2656.10009765625,2651.39990234375,,5,,0,0,0,1,10
2024-09-23 12:00:00,3652,E5,demand,fvg,fvg:demand:3650,2645.60009765625,2645.300048828125,,2,,0,0,0,10,10
2024-09-23 15:00:00,3655,E5,demand,fvg,fvg:demand:3653,2650.60009765625,2650.5,,2,,0,0,0,10,10
2024-09-24 01:00:00,3664,E1,supply,sd,sd:supply:3656,2663.1490844726563,2650.60009765625,-42070.0,8,13.5,0,0,0,2,10
2024-09-24 05:00:00,3668,E4,demand,ob_swing,ob_swing:demand:3667,2651.300048828125,2648.5,,1,,0,1,0,8,8
2024-09-24 05:00:00,3668,E4,demand,ob_internal,ob_internal:demand:3667,2651.300048828125,2648.5,,1,,0,1,0,8,8
2024-09-24 05:00:00,3668,E5,demand,fvg,fvg:demand:3665,2651.5,2651.300048828125,,3,,0,1,0,8,8
2024-09-24 05:00:00,3668,E5,demand,fvg,fvg:demand:3667,2656.5,2654.10009765625,,1,,0,1,1,8,2
2024-09-24 07:00:00,3670,E2,demand,sd,sd:demand:3653,2648.39990234375,2635.968916015625,42538.0,17,13.6,0,1,0,7,7
2024-09-24 07:00:00,3670,E5,supply,fvg,fvg:supply:3669,2656.5,2654.60009765625,,1,,0,0,1,3,7
2024-09-24 11:00:00,3674,E5,demand,fvg,fvg:demand:3673,2655.199951171875,2654.199951171875,,1,,0,1,1,3,1
2024-09-24 23:00:00,3685,E5,demand,fvg,fvg:demand:3682,2681.300048828125,2680.0,,3,,0,0,0,8,10
2024-09-25 03:00:00,3689,E4,demand,ob_internal,ob_internal:demand:3688,2687.699951171875,2679.800048828125,,1,,0,0,0,3,10
2024-09-25 07:00:00,3693,E5,demand,fvg,fvg:demand:3680,2674.89990234375,2673.699951171875,,13,,0,0,0,9,10
2024-09-25 12:00:00,3698,E5,supply,fvg,fvg:supply:3691,2684.199951171875,2684.10009765625,,7,,0,0,1,1,1
2024-09-25 14:00:00,3700,E2,demand,sd,sd:demand:3699,2682.5,2670.0020190429686,33917.0,1,12.8,0,0,0,2,10
2024-09-25 14:00:00,3700,E5,demand,fvg,fvg:demand:3699,2682.60009765625,2682.39990234375,,1,,0,0,1,2,2
2024-09-25 17:00:00,3703,E1,supply,sd,sd:supply:3702,2695.2880786132814,2682.60009765625,-55249.0,1,17.2,0,0,0,10,10
2024-09-26 00:00:00,3709,E5,supply,fvg,fvg:supply:3707,2683.699951171875,2683.300048828125,,2,,0,0,1,7,7
2024-09-26 01:00:00,3710,E2,demand,sd,sd:demand:3699,2682.5,2670.0020190429686,33917.0,11,10.6,1,1,0,9,9
2024-09-26 12:00:00,3721,E5,demand,fvg,fvg:demand:3720,2695.60009765625,2693.10009765625,,1,,0,0,1,1,1
2024-09-26 13:00:00,3722,E2,demand,sd,sd:demand:3699,2682.5,2670.0020190429686,33917.0,23,12.8,2,1,0,5,5
2024-09-26 13:00:00,3722,E4,demand,ob_swing,ob_swing:demand:3716,2687.300048828125,2677.199951171875,,6,,0,1,0,5,5
2024-09-26 13:00:00,3722,E4,demand,ob_internal,ob_internal:demand:3716,2687.300048828125,2677.199951171875,,6,,0,1,0,5,5
2024-09-26 13:00:00,3722,E5,demand,fvg,fvg:demand:3717,2687.60009765625,2685.699951171875,,5,,0,1,0,5,5
2024-09-26 13:00:00,3722,E5,demand,fvg,fvg:demand:3718,2690.199951171875,2690.0,,4,,0,1,0,5,5
2024-09-27 05:00:00,3737,E4,demand,ob_swing,ob_swing:demand:3716,2687.300048828125,2677.199951171875,,21,,1,0,1,4,10
2024-09-27 05:00:00,3737,E4,demand,ob_internal,ob_internal:demand:3716,2687.300048828125,2677.199951171875,,21,,1,0,1,4,10
2024-09-27 09:00:00,3741,E2,demand,sd,sd:demand:3699,2682.5,2670.0020190429686,33917.0,42,12.8,3,0,0,5,10
2024-09-27 16:00:00,3748,E5,supply,fvg,fvg:supply:3747,2686.5,2676.89990234375,,1,,0,0,0,4,10
2024-09-29 23:00:00,3754,E4,supply,ob_internal,ob_internal:supply:3746,2696.5,2684.699951171875,,8,,0,1,0,2,2
2024-09-30 00:00:00,3755,E5,demand,fvg,fvg:demand:3754,2683.39990234375,2682.699951171875,,1,,0,0,1,1,1
2024-09-30 01:00:00,3756,E5,demand,fvg,fvg:demand:3752,2673.60009765625,2671.5,,4,,0,0,1,9,9
2024-09-30 01:00:00,3756,E5,demand,fvg,fvg:demand:3753,2679.300048828125,2675.300048828125,,3,,0,0,1,9,9
2024-09-30 05:00:00,3760,E5,supply,fvg,fvg:supply:3757,2682.800048828125,2678.10009765625,,3,,0,1,0,5,5
2024-09-30 10:00:00,3765,E5,demand,fvg,fvg:demand:3677,2659.0,2658.0,,88,,0,0,1,4,4
2024-09-30 10:00:00,3765,E5,demand,fvg,fvg:demand:3678,2664.39990234375,2662.199951171875,,87,,0,0,1,4,3
2024-09-30 12:00:00,3767,E5,supply,fvg,fvg:supply:3766,2670.0,2664.39990234375,,1,,0,0,0,10,10
2024-09-30 15:00:00,3770,E1,supply,sd,sd:supply:3769,2669.411025390625,2655.800048828125,-41989.0,1,13.4,0,0,0,10,10
2024-09-30 18:00:00,3773,E2,demand,sd,sd:demand:3653,2648.39990234375,2635.968916015625,42538.0,120,13.6,1,0,0,10,10
2024-09-30 18:00:00,3773,E4,demand,ob_internal,ob_internal:demand:3677,2654.89990234375,2647.10009765625,,96,,0,0,0,10,10
2024-09-30 20:00:00,3775,E5,supply,fvg,fvg:supply:3774,2657.800048828125,2653.5,,1,,0,0,1,8,8
2024-10-01 07:00:00,3785,E5,demand,fvg,fvg:demand:3784,2663.800048828125,2661.800048828125,,1,,0,1,0,6,6
2024-10-01 10:00:00,3788,E5,supply,fvg,fvg:supply:3765,2672.300048828125,2671.699951171875,,23,,0,0,1,2,2
2024-10-01 11:00:00,3789,E5,demand,fvg,fvg:demand:3788,2669.699951171875,2668.199951171875,,1,,0,1,0,2,2
2024-10-01 12:00:00,3790,E4,supply,ob_internal,ob_internal:supply:3764,2682.39990234375,2672.300048828125,,26,,0,0,1,1,1
2024-10-01 13:00:00,3791,E4,supply,ob_internal,ob_internal:supply:3746,2696.5,2684.699951171875,,45,,1,1,0,2,2
2024-10-01 15:00:00,3793,E5,demand,fvg,fvg:demand:3792,2678.89990234375,2678.300048828125,,1,,0,0,0,9,10
2024-10-02 01:00:00,3802,E5,supply,fvg,fvg:supply:3801,2681.89990234375,2681.5,,1,,0,1,0,4,4
2024-10-02 07:00:00,3808,E5,supply,fvg,fvg:supply:3807,2673.39990234375,2672.300048828125,,1,,0,0,1,7,6
2024-10-02 13:00:00,3814,E5,supply,fvg,fvg:supply:3805,2679.5,2677.5,,9,,0,1,0,2,2
2024-10-02 14:00:00,3815,E2,demand,sd,sd:demand:3814,2675.5,2662.4830151367187,31613.0,1,12.0,0,0,0,10,10
2024-10-02 14:00:00,3815,E4,demand,ob_internal,ob_internal:demand:3814,2674.199951171875,2664.89990234375,,1,,0,0,0,10,10
2024-10-02 22:00:00,3822,E5,demand,fvg,fvg:demand:3821,2679.39990234375,2677.10009765625,,1,,0,0,1,7,9
2024-10-03 01:00:00,3825,E2,demand,sd,sd:demand:3814,2675.5,2662.4830151367187,31613.0,11,12.0,1,0,0,4,10
2024-10-03 03:00:00,3827,E5,demand,fvg,fvg:demand:3820,2674.699951171875,2674.300048828125,,7,,0,0,1,4,4
2024-10-03 09:00:00,3833,E5,demand,fvg,fvg:demand:3783,2660.89990234375,2660.0,,50,,0,0,0,5,7
2024-10-03 09:00:00,3833,E5,supply,fvg,fvg:supply:3832,2671.800048828125,2667.699951171875,,1,,0,0,1,3,7
2024-10-03 16:00:00,3840,E5,supply,fvg,fvg:supply:3825,2679.60009765625,2679.5,,15,,0,0,0,10,10
2024-10-03 17:00:00,3841,E2,demand,sd,sd:demand:3814,2675.5,2662.4830151367187,31613.0,27,12.0,2,0,0,10,10
2024-10-03 22:00:00,3845,E5,demand,fvg,fvg:demand:3841,2675.300048828125,2674.89990234375,,4,,0,0,0,10,10
2024-10-04 04:00:00,3851,E5,demand,fvg,fvg:demand:3850,2680.5,2679.0,,1,,0,0,1,5,8
2024-10-04 05:00:00,3852,E4,supply,ob_internal,ob_internal:supply:3746,2696.5,2684.699951171875,,106,,2,1,0,7,7
2024-10-04 06:00:00,3853,E5,demand,fvg,fvg:demand:3852,2683.89990234375,2683.39990234375,,1,,0,0,1,6,3
2024-10-04 09:00:00,3856,E5,demand,fvg,fvg:demand:3849,2677.800048828125,2677.39990234375,,7,,0,0,1,3,3
2024-10-04 12:00:00,3859,E2,demand,sd,sd:demand:3814,2675.5,2662.4830151367187,31613.0,45,12.0,3,1,0,1,1
2024-10-04 12:00:00,3859,E4,demand,ob_swing,ob_swing:demand:3791,2659.800048828125,2646.199951171875,,68,,0,1,0,1,1
2024-10-04 12:00:00,3859,E4,demand,ob_internal,ob_internal:demand:3791,2659.800048828125,2646.199951171875,,68,,0,1,0,1,1
2024-10-04 12:00:00,3859,E5,demand,fvg,fvg:demand:3776,2653.800048828125,2653.5,,83,,0,1,0,1,1
2024-10-04 12:00:00,3859,E5,demand,fvg,fvg:demand:3848,2676.5,2676.199951171875,,11,,0,1,0,1,1
2024-10-04 14:00:00,3861,E5,supply,fvg,fvg:supply:3860,2677.300048828125,2675.60009765625,,1,,0,0,1,1,1
2024-10-04 15:00:00,3862,E5,supply,fvg,fvg:supply:3854,2683.89990234375,2683.199951171875,,8,,0,0,0,10,10
2024-10-07 07:00:00,3877,E4,supply,ob_internal,ob_internal:supply:3875,2673.800048828125,2669.699951171875,,2,,0,0,0,4,5
2024-10-07 07:00:00,3877,E5,supply,fvg,fvg:supply:3876,2665.800048828125,2663.199951171875,,1,,0,0,1,4,1
2024-10-07 09:00:00,3879,E5,demand,fvg,fvg:demand:3878,2670.699951171875,2663.199951171875,,1,,0,0,0,3,10
2024-10-07 12:00:00,3882,E4,demand,ob_swing,ob_swing:demand:3791,2659.800048828125,2646.199951171875,,91,,1,0,0,10,10
2024-10-07 12:00:00,3882,E4,demand,ob_internal,ob_internal:demand:3791,2659.800048828125,2646.199951171875,,91,,1,0,0,10,10
2024-10-07 12:00:00,3882,E4,demand,ob_internal,ob_internal:demand:3879,2666.199951171875,2659.0,,3,,0,0,0,10,10
2024-10-08 02:00:00,3895,E4,demand,ob_swing,ob_swing:demand:3791,2659.800048828125,2646.199951171875,,104,,2,0,0,6,9
2024-10-08 02:00:00,3895,E4,demand,ob_internal,ob_internal:demand:3791,2659.800048828125,2646.199951171875,,104,,2,0,0,6,9
2024-10-08 03:00:00,3896,E4,supply,ob_internal,ob_internal:supply:3895,2668.199951171875,2660.89990234375,,1,,0,0,0,8,10
2024-10-08 08:00:00,3901,E2,demand,sd,sd:demand:3653,2648.39990234375,2635.968916015625,42538.0,248,15.7,2,0,1,6,7
2024-10-08 08:00:00,3901,E5,supply,fvg,fvg:supply:3900,2660.699951171875,2657.60009765625,,1,,0,0,1,2,3
2024-10-08 12:00:00,3905,E5,demand,fvg,fvg:demand:3904,2665.199951171875,2661.199951171875,,1,,0,0,1,1,2
2024-10-08 13:00:00,3906,E4,demand,ob_swing,ob_swing:demand:3791,2659.800048828125,2646.199951171875,,115,,3,0,1,1,2
2024-10-08 13:00:00,3906,E4,demand,ob_internal,ob_internal:demand:3791,2659.800048828125,2646.199951171875,,115,,3,0,1,1,2
2024-10-08 13:00:00,3906,E4,demand,ob_internal,ob_internal:demand:3904,2659.5,2647.300048828125,,2,,0,0,1,1,1
2024-10-08 14:00:00,3907,E2,demand,sd,sd:demand:3633,2641.89990234375,2629.6059155273438,56902.0,274,21.0,1,0,0,1,10
2024-10-08 14:00:00,3907,E4,demand,ob_internal,ob_internal:demand:3653,2649.800048828125,2638.60009765625,,254,,0,0,1,1,1
2024-10-08 17:00:00,3910,E5,supply,fvg,fvg:supply:3909,2638.0,2635.300048828125,,1,,0,0,0,10,10
2024-10-08 19:00:00,3912,E5,supply,fvg,fvg:supply:3908,2655.60009765625,2640.199951171875,,4,,0,0,0,10,10
2024-10-09 01:00:00,3917,E5,demand,fvg,fvg:demand:3913,2637.89990234375,2635.60009765625,,4,,0,0,1,5,6
2024-10-09 05:00:00,3921,E5,supply,fvg,fvg:supply:3918,2639.39990234375,2639.0,,3,,0,1,0,9,9
2024-10-09 15:00:00,3931,E1,supply,sd,sd:supply:3929,2648.5339819335936,2634.5,-33143.0,2,9.4,0,0,0,10,10
2024-10-09 15:00:00,3931,E5,supply,fvg,fvg:supply:3930,2633.60009765625,2630.300048828125,,1,,0,0,0,10,10
2024-10-10 09:00:00,3948,E1,supply,sd,sd:supply:3929,2648.5339819335936,2634.5,-33143.0,19,9.4,1,0,0,3,3
2024-10-11 06:00:00,3968,E5,demand,fvg,fvg:demand:3965,2657.5,2655.10009765625,,3,,0,1,0,7,7
2024-10-11 12:00:00,3974,E1,supply,sd,sd:supply:3907,2679.3859350585935,2665.199951171875,-72916.0,67,23.8,0,0,0,1,10
2024-10-11 13:00:00,3975,E4,supply,ob_internal,ob_internal:supply:3907,2672.39990234375,2665.199951171875,,68,,0,0,0,2,10
2024-10-11 15:00:00,3977,E5,supply,fvg,fvg:supply:3883,2674.60009765625,2673.199951171875,,94,,0,1,0,6,6
2024-10-11 17:00:00,3979,E5,demand,fvg,fvg:demand:3978,2675.300048828125,2672.800048828125,,1,,0,0,1,4,4
2024-10-14 00:00:00,3985,E1,supply,sd,sd:supply:3907,2679.3859350585935,2665.199951171875,-72916.0,78,23.8,1,0,0,2,10
2024-10-14 02:00:00,3987,E5,supply,fvg,fvg:supply:3984,2671.5,2667.39990234375,,3,,0,0,1,4,4
2024-10-14 11:00:00,3996,E4,demand,ob_swing,ob_swing:demand:3991,2673.0,2660.0,,5,,0,0,0,3,10
2024-10-14 11:00:00,3996,E4,demand,ob_internal,ob_internal:demand:3991,2673.0,2660.0,,5,,0,0,0,3,10
2024-10-14 11:00:00,3996,E5,demand,fvg,fvg:demand:3988,2670.800048828125,2665.60009765625,,8,,0,0,0,3,10
2024-10-14 13:00:00,3998,E5,supply,fvg,fvg:supply:3997,2672.89990234375,2671.699951171875,,1,,0,0,0,10,10
2024-10-15 05:00:00,4013,E4,demand,ob_internal,ob_internal:demand:3975,2658.89990234375,2653.199951171875,,38,,0,1,0,2,2
2024-10-15 06:00:00,4014,E4,supply,ob_internal,ob_internal:supply:4011,2669.300048828125,2664.5,,3,,0,0,1,1,8
2024-10-15 06:00:00,4014,E4,supply,ob_swing,ob_swing:supply:4013,2670.199951171875,2662.699951171875,,1,,0,0,1,1,8
2024-10-15 06:00:00,4014,E5,supply,fvg,fvg:supply:4012,2664.5,2662.0,,2,,0,0,1,1,1
2024-10-15 06:00:00,4014,E5,supply,fvg,fvg:supply:4013,2660.800048828125,2660.60009765625,,1,,0,0,1,1,1
2024-10-15 11:00:00,4019,E5,demand,fvg,fvg:demand:4015,2664.39990234375,2660.60009765625,,4,,0,1,0,3,3
2024-10-15 11:00:00,4019,E5,demand,fvg,fvg:demand:4016,2666.300048828125,2665.60009765625,,3,,0,1,0,3,3
2024-10-16 01:00:00,4032,E5,supply,fvg,fvg:supply:4028,2680.10009765625,2679.89990234375,,4,,0,0,1,5,1
2024-10-16 01:00:00,4032,E5,supply,fvg,fvg:supply:4031,2677.89990234375,2676.800048828125,,1,,0,0,1,5,1
2024-10-16 03:00:00,4034,E5,demand,fvg,fvg:demand:4033,2682.0,2676.800048828125,,1,,0,1,0,5,5
2024-10-16 05:00:00,4036,E4,supply,ob_internal,ob_internal:supply:3746,2696.5,2684.699951171875,,290,,3,0,1,1,8
2024-10-16 08:00:00,4039,E4,supply,ob_swing,ob_swing:supply:3746,2700.89990234375,2695.10009765625,,293,,0,0,0,5,7
2024-10-16 10:00:00,4041,E5,demand,fvg,fvg:demand:4040,2694.800048828125,2694.199951171875,,1,,0,1,0,3,3
2024-10-16 11:00:00,4042,E5,demand,fvg,fvg:demand:4038,2689.800048828125,2686.89990234375,,4,,0,0,0,2,10
2024-10-16 17:00:00,4048,E1,supply,sd,sd:supply:4046,2706.2299194335938,2692.699951171875,-59317.0,2,18.9,0,0,0,7,10
2024-10-16 19:00:00,4050,E5,demand,fvg,fvg:demand:4049,2691.0,2690.60009765625,,1,,0,0,0,10,10
2024-10-17 03:00:00,4057,E5,demand,fvg,fvg:demand:4055,2692.10009765625,2690.39990234375,,2,,0,1,0,7,7
2024-10-17 03:00:00,4057,E5,demand,fvg,fvg:demand:4056,2693.89990234375,2693.699951171875,,1,,0,1,0,7,7
2024-10-17 04:00:00,4058,E1,supply,sd,sd:supply:4046,2706.2299194335938,2692.699951171875,-59317.0,12,18.9,1,0,1,2,10
2024-10-17 07:00:00,4061,E5,demand,fvg,fvg:demand:4060,2695.60009765625,2695.5,,1,,0,0,1,5,5
2024-10-17 16:00:00,4070,E5,demand,fvg,fvg:demand:4068,2700.199951171875,2698.0,,2,,0,1,0,8,8
2024-10-18 06:00:00,4083,E5,demand,fvg,fvg:demand:4079,2719.300048828125,2710.89990234375,,4,,0,0,0,2,8
2024-10-18 06:00:00,4083,E5,demand,fvg,fvg:demand:4080,2722.39990234375,2722.199951171875,,3,,0,0,0,2,8
2024-10-18 09:00:00,4086,E5,supply,fvg,fvg:supply:4084,2725.199951171875,2724.5,,2,,0,0,1,5,3
2024-10-18 11:00:00,4088,E5,demand,fvg,fvg:demand:4087,2723.300048828125,2721.699951171875,,1,,0,1,0,9,9
2024-10-21 14:00:00,4114,E2,demand,sd,sd:demand:4113,2749.60009765625,2737.6411206054686,51787.0,1,27.8,0,0,1,1,4
2024-10-21 14:00:00,4114,E4,demand,ob_internal,ob_internal:demand:4109,2745.60009765625,2738.60009765625,,5,,0,0,1,1,1
2024-10-21 20:00:00,4120,E5,supply,fvg,fvg:supply:4119,2736.10009765625,2735.89990234375,,1,,0,0,1,4,4
2024-10-22 01:00:00,4124,E5,supply,fvg,fvg:supply:4115,2748.39990234375,2741.89990234375,,9,,0,0,0,3,10
2024-10-22 04:00:00,4127,E4,supply,ob_internal,ob_internal:supply:4115,2755.39990234375,2748.39990234375,,12,,0,0,0,9,10
2024-10-22 05:00:00,4128,E5,demand,fvg,fvg:demand:4127,2745.199951171875,2745.0,,1,,0,1,0,8,8
2024-10-23 03:00:00,4149,E5,supply,fvg,fvg:supply:4148,2758.800048828125,2755.5,,1,,0,0,1,2,1
2024-10-23 06:00:00,4152,E5,demand,fvg,fvg:demand:4151,2762.89990234375,2761.199951171875,,1,,0,0,1,6,6
2024-10-23 09:00:00,4155,E5,demand,fvg,fvg:demand:4154,2768.699951171875,2767.10009765625,,1,,0,0,1,3,3
2024-10-23 11:00:00,4157,E5,supply,fvg,fvg:supply:4156,2768.699951171875,2766.699951171875,,1,,0,1,0,2,2
2024-10-23 12:00:00,4158,E5,demand,fvg,fvg:demand:4150,2759.199951171875,2755.5,,8,,0,0,1,1,1
2024-10-23 14:00:00,4160,E4,demand,ob_swing,ob_swing:demand:4137,2735.89990234375,2728.5,,23,,0,0,0,1,10
2024-10-23 14:00:00,4160,E4,demand,ob_internal,ob_internal:demand:4137,2735.89990234375,2728.5,,23,,0,0,0,1,10
2024-10-23 14:00:00,4160,E5,demand,fvg,fvg:demand:4124,2738.300048828125,2737.10009765625,,36,,0,0,1,1,1
2024-10-23 14:00:00,4160,E5,demand,fvg,fvg:demand:4125,2742.0,2739.39990234375,,35,,0,0,1,1,1
2024-10-23 16:00:00,4162,E5,supply,fvg,fvg:supply:4161,2745.39990234375,2736.199951171875,,1,,0,0,0,10,10
2024-10-23 19:00:00,4165,E5,supply,fvg,fvg:supply:4164,2732.10009765625,2730.199951171875,,1,,0,0,1,5,5
2024-10-24 00:00:00,4169,E5,demand,fvg,fvg:demand:4168,2730.89990234375,2730.300048828125,,1,,0,1,0,6,6
2024-10-24 11:00:00,4180,E5,supply,fvg,fvg:supply:4160,2754.5,2752.5,,20,,0,1,0,3,3
2024-10-24 13:00:00,4182,E5,demand,fvg,fvg:demand:4176,2744.89990234375,2742.60009765625,,6,,0,0,1,1,1
2024-10-24 14:00:00,4183,E5,demand,fvg,fvg:demand:4174,2738.699951171875,2737.10009765625,,9,,0,0,0,2,10
2024-10-24 14:00:00,4183,E5,demand,fvg,fvg:demand:4175,2741.0,2740.300048828125,,8,,0,0,0,2,10
2024-10-24 16:00:00,4185,E1,supply,sd,sd:supply:4184,2759.0489892578125,2747.0,-62362.0,1,17.0,0,0,0,10,10
2024-10-25 05:00:00,4197,E5,supply,fvg,fvg:supply:4195,2742.300048828125,2741.0,,2,,0,1,0,4,4
2024-10-25 06:00:00,4198,E5,supply,fvg,fvg:supply:4194,2743.39990234375,2743.10009765625,,4,,0,1,0,2,2
2024-10-25 10:00:00,4202,E5,supply,fvg,fvg:supply:4201,2738.60009765625,2733.699951171875,,1,,0,0,1,1,2
2024-10-25 14:00:00,4206,E1,supply,sd,sd:supply:4184,2759.0489892578125,2747.0,-62362.0,22,17.0,1,0,0,6,10
2024-10-25 16:00:00,4208,E5,demand,fvg,fvg:demand:4207,2749.0,2744.60009765625,,1,,0,0,1,5,8
2024-10-25 19:00:00,4211,E5,demand,fvg,fvg:demand:4210,2753.89990234375,2752.10009765625,,1,,0,0,1,2,2
2024-10-25 20:00:00,4212,E5,supply,fvg,fvg:supply:4159,2763.0,2758.0,,53,,0,1,0,1,1
2024-10-27 23:00:00,4214,E5,supply,fvg,fvg:supply:4213,2753.10009765625,2750.0,,1,,0,0,0,7,10
2024-10-28 02:00:00,4217,E5,supply,fvg,fvg:supply:4216,2746.699951171875,2745.39990234375,,1,,0,0,1,4,4
2024-10-28 06:00:00,4221,E5,supply,fvg,fvg:supply:4214,2755.199951171875,2752.5,,7,,0,0,0,10,10
2024-10-28 07:00:00,4222,E5,demand,fvg,fvg:demand:4221,2749.60009765625,2745.60009765625,,1,,0,0,0,1,10
2024-10-28 12:00:00,4227,E5,supply,fvg,fvg:supply:4224,2748.10009765625,2746.39990234375,,3,,0,0,1,1,1
2024-10-28 13:00:00,4228,E1,supply,sd,sd:supply:4224,2761.545087890625,2749.60009765625,-23652.0,4,7.2,0,0,0,10,10
2024-10-29 02:00:00,4240,E1,supply,sd,sd:supply:4159,2780.5689404296877,2768.699951171875,-66338.0,81,27.0,0,0,0,10,10
2024-10-29 03:00:00,4241,E5,demand,fvg,fvg:demand:4240,2762.699951171875,2759.0,,1,,0,0,0,8,10
2024-10-29 13:00:00,4251,E1,supply,sd,sd:supply:4159,2780.5689404296877,2768.699951171875,-66338.0,92,27.0,1,0,1,1,6
2024-10-29 15:00:00,4253,E5,demand,fvg,fvg:demand:4252,2773.199951171875,2766.199951171875,,1,,0,1,0,8,8
2024-10-30 02:00:00,4263,E5,demand,fvg,fvg:demand:4262,2789.199951171875,2787.5,,1,,0,0,0,10,10
2024-10-30 07:00:00,4268,E5,demand,fvg,fvg:demand:4267,2793.39990234375,2793.0,,1,,0,0,1,5,5
2024-10-30 13:00:00,4274,E2,demand,sd,sd:demand:4256,2782.89990234375,2770.6409008789065,31976.0,18,17.4,0,0,0,10,10
2024-10-30 18:00:00,4279,E2,demand,sd,sd:demand:4277,2799.5,2787.2069873046876,43010.0,2,21.6,0,0,0,10,10
2024-10-31 01:00:00,4285,E5,demand,fvg,fvg:demand:4277,2794.699951171875,2793.300048828125,,8,,0,0,1,6,9
2024-10-31 12:00:00,4296,E2,demand,sd,sd:demand:4256,2782.89990234375,2770.6409008789065,31976.0,40,16.1,1,0,1,1,2
2024-10-31 14:00:00,4298,E2,demand,sd,sd:demand:4229,2746.39990234375,2734.3399096679686,45330.0,69,18.8,0,0,0,10,10
2024-10-31 14:00:00,4298,E4,demand,ob_swing,ob_swing:demand:4239,2745.39990234375,2736.89990234375,,59,,0,0,0,10,10
2024-10-31 14:00:00,4298,E5,demand,fvg,fvg:demand:4229,2751.0,2747.300048828125,,69,,0,0,0,10,10
2024-10-31 14:00:00,4298,E5,demand,fvg,fvg:demand:4238,2755.300048828125,2754.89990234375,,60,,0,0,1,10,1
2024-10-31 14:00:00,4298,E5,demand,fvg,fvg:demand:4239,2757.699951171875,2756.39990234375,,59,,0,0,1,10,1
2024-10-31 16:00:00,4300,E5,supply,fvg,fvg:supply:4299,2764.800048828125,2751.39990234375,,1,,0,0,0,3,10
2024-10-31 20:00:00,4304,E5,demand,fvg,fvg:demand:4303,2755.800048828125,2754.199951171875,,1,,0,0,0,10,10
2024-11-01 12:00:00,4319,E5,supply,fvg,fvg:supply:4298,2782.39990234375,2767.699951171875,,21,,0,0,0,1,2
2024-11-01 14:00:00,4321,E2,demand,sd,sd:demand:4320,2761.699951171875,2749.4969506835937,50435.0,1,19.1,0,0,1,3,7
2024-11-01 14:00:00,4321,E4,demand,ob_internal,ob_internal:demand:4310,2758.39990234375,2753.60009765625,,11,,0,0,1,3,3
2024-11-01 17:00:00,4324,E2,demand,sd,sd:demand:4229,2746.39990234375,2734.3399096679686,45330.0,95,14.5,1,0,0,10,10
2024-11-01 19:00:00,4326,E4,demand,ob_swing,ob_swing:demand:4239,2745.39990234375,2736.89990234375,,87,,1,0,0,10,10
2024-11-03 23:00:00,4328,E5,supply,fvg,fvg:supply:4325,2749.800048828125,2747.699951171875,,3,,0,0,0,10,10
2024-11-04 06:00:00,4335,E2,demand,sd,sd:demand:4229,2746.39990234375,2734.3399096679686,45330.0,106,15.6,2,0,0,1,10
2024-11-04 07:00:00,4336,E4,demand,ob_swing,ob_swing:demand:4239,2745.39990234375,2736.89990234375,,97,,2,0,0,10,10
2024-11-04 16:00:00,4345,E2,demand,sd,sd:demand:4229,2746.39990234375,2734.3399096679686,45330.0,116,15.6,3,0,0,9,10
2024-11-04 17:00:00,4346,E1,supply,sd,sd:supply:4345,2760.5258984375,2747.89990234375,-41797.0,1,12.6,0,1,0,8,8
2024-11-04 23:00:00,4351,E4,demand,ob_swing,ob_swing:demand:4239,2745.39990234375,2736.89990234375,,112,,3,0,0,3,10
2024-11-05 02:00:00,4354,E5,demand,fvg,fvg:demand:4204,2735.60009765625,2734.800048828125,,150,,0,1,0,5,5
2024-11-05 06:00:00,4358,E4,supply,ob_internal,ob_internal:supply:4354,2749.199951171875,2746.5,,4,,0,0,1,2,7
2024-11-05 07:00:00,4359,E1,supply,sd,sd:supply:4345,2760.5258984375,2747.89990234375,-41797.0,14,12.6,1,0,0,1,10
2024-11-05 07:00:00,4359,E2,demand,sd,sd:demand:4229,2746.39990234375,2734.3399096679686,45330.0,130,13.7,4,1,0,7,7
2024-11-05 08:00:00,4360,E4,supply,ob_swing,ob_swing:supply:4354,2757.5,2747.10009765625,,6,,0,0,0,6,10
2024-11-06 00:00:00,4375,E2,demand,sd,sd:demand:4229,2746.39990234375,2734.3399096679686,45330.0,146,13.7,5,0,1,3,6
2024-11-06 01:00:00,4376,E1,supply,sd,sd:supply:4345,2760.5258984375,2747.89990234375,-41797.0,31,12.6,2,1,0,2,2
2024-11-06 03:00:00,4378,E4,demand,ob_internal,ob_internal:demand:4360,2744.10009765625,2733.39990234375,,18,,0,0,1,3,3
2024-11-06 06:00:00,4381,E2,demand,sd,sd:demand:4080,2710.89990234375,2697.8879345703126,23336.0,301,7.0,0,1,0,1,1
2024-11-06 08:00:00,4383,E5,supply,fvg,fvg:supply:4382,2745.39990234375,2742.199951171875,,1,,0,1,0,3,3
2024-11-06 11:00:00,4386,E4,demand,ob_internal,ob_internal:demand:4078,2708.0,2704.0,,308,,0,0,1,2,2
2024-11-06 13:00:00,4388,E2,demand,sd,sd:demand:4022,2671.199951171875,2657.5949829101564,55308.0,366,12.9,0,0,0,10,10
2024-11-06 13:00:00,4388,E5,demand,fvg,fvg:demand:4023,2673.699951171875,2669.89990234375,,365,,0,0,0,10,10
2024-11-06 15:00:00,4390,E5,supply,fvg,fvg:supply:4389,2701.800048828125,2678.699951171875,,1,,0,1,0,9,9
2024-11-06 23:00:00,4397,E5,supply,fvg,fvg:supply:4396,2673.39990234375,2671.199951171875,,1,,0,0,0,10,10
2024-11-07 00:00:00,4398,E2,demand,sd,sd:demand:4022,2671.199951171875,2657.5949829101564,55308.0,376,12.4,1,0,0,1,10
2024-11-07 01:00:00,4399,E4,demand,ob_internal,ob_internal:demand:3975,2658.89990234375,2653.199951171875,,424,,1,0,0,10,10
2024-11-07 01:00:00,4399,E4,demand,ob_internal,ob_internal:demand:4016,2660.60009765625,2654.39990234375,,383,,0,0,0,10,10
2024-11-07 01:00:00,4399,E4,demand,ob_swing,ob_swing:demand:4033,2660.60009765625,2654.39990234375,,366,,0,0,0,10,10
2024-11-07 01:00:00,4399,E5,demand,fvg,fvg:demand:3964,2652.10009765625,2651.800048828125,,435,,0,0,0,10,10
2024-11-07 03:00:00,4401,E5,supply,fvg,fvg:supply:4400,2668.199951171875,2664.800048828125,,1,,0,0,1,9,9
2024-11-07 10:00:00,4408,E4,supply,ob_internal,ob_internal:supply:4399,2678.199951171875,2671.5,,9,,0,0,1,3,3
2024-11-07 15:00:00,4413,E5,supply,fvg,fvg:supply:4388,2704.39990234375,2703.60009765625,,25,,0,0,1,5,5
2024-11-07 19:00:00,4417,E5,demand,fvg,fvg:demand:4413,2697.39990234375,2692.5,,4,,0,0,0,10,10
2024-11-07 20:00:00,4418,E5,supply,fvg,fvg:supply:4387,2727.60009765625,2716.89990234375,,31,,0,1,0,10,10
2024-11-08 01:00:00,4422,E5,demand,fvg,fvg:demand:4419,2711.10009765625,2705.5,,3,,0,0,1,5,5
2024-11-08 07:00:00,4428,E5,demand,fvg,fvg:demand:4412,2689.60009765625,2681.5,,16,,0,1,0,7,7
2024-11-08 08:00:00,4429,E5,supply,fvg,fvg:supply:4428,2700.800048828125,2694.89990234375,,1,,0,0,1,5,6
2024-11-08 13:00:00,4434,E5,supply,fvg,fvg:supply:4423,2712.89990234375,2708.39990234375,,11,,0,1,0,9,9
2024-11-08 14:00:00,4435,E1,supply,sd,sd:supply:4423,2726.403903808594,2711.39990234375,-15772.0,12,3.9,0,1,0,10,10
2024-11-08 14:00:00,4435,E2,demand,sd,sd:demand:4430,2703.10009765625,2688.0901000976564,20071.0,5,4.9,0,0,1,2,10
2024-11-08 17:00:00,4438,E1,supply,sd,sd:supply:4437,2710.563095703125,2695.10009765625,-65961.0,1,16.0,0,1,0,7,7
2024-11-11 01:00:00,4445,E5,demand,fvg,fvg:demand:4411,2679.699951171875,2675.10009765625,,34,,0,0,1,8,10
2024-11-11 02:00:00,4446,E2,demand,sd,sd:demand:4409,2673.60009765625,2658.8751000976563,21519.0,37,5.0,0,0,0,7,10
2024-11-11 10:00:00,4454,E5,supply,fvg,fvg:supply:4446,2689.699951171875,2682.0,,8,,0,1,0,3,3
2024-11-11 12:00:00,4456,E4,demand,ob_internal,ob_internal:demand:4411,2664.800048828125,2656.5,,45,,0,0,1,1,1
2024-11-11 13:00:00,4457,E2,demand,sd,sd:demand:3965,2647.39990234375,2633.5769189453126,27879.0,492,6.5,0,0,1,1,1
2024-11-11 13:00:00,4457,E4,demand,ob_internal,ob_internal:demand:3959,2643.5,2633.199951171875,,498,,0,0,1,1,1
2024-11-11 13:00:00,4457,E5,demand,fvg,fvg:demand:3962,2649.5,2647.39990234375,,495,,0,0,1,1,1
2024-11-12 01:00:00,4468,E5,supply,fvg,fvg:supply:4459,2640.5,2633.0,,9,,0,1,0,4,4
2024-11-12 04:00:00,4471,E5,demand,fvg,fvg:demand:4463,2624.39990234375,2623.699951171875,,8,,0,0,1,1,1
2024-11-12 05:00:00,4472,E4,demand,ob_internal,ob_internal:demand:3621,2614.39990234375,2608.699951171875,,851,,0,0,1,2,4
2024-11-12 05:00:00,4472,E4,demand,ob_swing,ob_swing:demand:3623,2614.89990234375,2606.199951171875,,849,,0,0,1,2,4
2024-11-12 05:00:00,4472,E5,demand,fvg,fvg:demand:3620,2615.800048828125,2614.39990234375,,852,,0,0,1,2,2
2024-11-12 13:00:00,4480,E5,supply,fvg,fvg:supply:4473,2621.60009765625,2616.39990234375,,7,,0,1,0,4,4
2024-11-12 15:00:00,4482,E2,demand,sd,sd:demand:4480,2606.89990234375,2590.9099194335936,63106.0,2,11.8,0,0,0,10,10
2024-11-12 15:00:00,4482,E5,demand,fvg,fvg:demand:4480,2610.89990234375,2605.10009765625,,2,,0,0,0,10,10
2024-11-12 15:00:00,4482,E5,demand,fvg,fvg:demand:4481,2615.39990234375,2613.89990234375,,1,,0,0,1,10,1
2024-11-13 01:00:00,4491,E5,supply,fvg,fvg:supply:4483,2615.39990234375,2610.60009765625,,8,,0,0,0,10,10
2024-11-13 05:00:00,4495,E5,demand,fvg,fvg:demand:4492,2611.10009765625,2605.60009765625,,3,,0,0,0,10,10
2024-11-13 08:00:00,4498,E2,demand,sd,sd:demand:4480,2606.89990234375,2590.9099194335936,63106.0,18,11.8,1,0,1,6,9
2024-11-13 10:00:00,4500,E2,demand,sd,sd:demand:4499,2613.39990234375,2597.555908203125,19757.0,1,3.8,0,0,1,4,6
2024-11-13 13:00:00,4503,E5,supply,fvg,fvg:supply:4472,2624.89990234375,2624.300048828125,,31,,0,1,0,2,2
2024-11-13 17:00:00,4507,E2,demand,sd,sd:demand:3601,2588.89990234375,2576.95091796875,27892.0,906,5.2,0,0,1,3,7
2024-11-13 20:00:00,4510,E4,demand,ob_internal,ob_internal:demand:3601,2583.5,2575.300048828125,,909,,0,0,1,4,4
2024-11-13 23:00:00,4512,E5,supply,fvg,fvg:supply:4511,2586.39990234375,2583.0,,1,,0,1,0,7,7
2024-11-14 01:00:00,4514,E5,demand,fvg,fvg:demand:3493,2569.800048828125,2564.10009765625,,1021,,0,0,1,5,6
2024-11-14 03:00:00,4516,E5,supply,fvg,fvg:supply:4515,2574.0,2569.5,,1,,0,1,0,6,6
2024-11-14 09:00:00,4522,E2,demand,sd,sd:demand:3492,2549.0,2537.196008300781,103943.0,1030,18.9,0,1,0,5,5
2024-11-14 09:00:00,4522,E2,demand,sd,sd:demand:3449,2544.300048828125,2532.2340454101563,39397.0,1073,7.2,3,1,0,5,5
2024-11-14 09:00:00,4522,E4,demand,ob_internal,ob_internal:demand:3491,2548.300048828125,2540.89990234375,,1031,,0,1,0,5,5
2024-11-14 09:00:00,4522,E5,demand,fvg,fvg:demand:3492,2550.0,2548.300048828125,,1030,,0,1,0,5,5
2024-11-14 11:00:00,4524,E5,supply,fvg,fvg:supply:4523,2559.39990234375,2552.39990234375,,1,,0,0,1,3,3
2024-11-14 17:00:00,4530,E5,demand,fvg,fvg:demand:4529,2574.39990234375,2571.10009765625,,1,,0,0,0,3,10
2024-11-15 01:00:00,4537,E5,supply,fvg,fvg:supply:4534,2575.0,2574.89990234375,,3,,0,0,0,10,10
2024-11-15 06:00:00,4542,E2,demand,sd,sd:demand:4528,2562.10009765625,2545.370100097656,70229.0,14,12.1,0,1,0,9,9
2024-11-15 07:00:00,4543,E5,supply,fvg,fvg:supply:4542,2571.699951171875,2568.10009765625,,1,,0,0,1,4,6
2024-11-15 08:00:00,4544,E5,supply,fvg,fvg:supply:4541,2572.39990234375,2571.89990234375,,3,,0,0,1,5,5
2024-11-15 18:00:00,4554,E5,supply,fvg,fvg:supply:4553,2569.60009765625,2569.39990234375,,1,,0,0,1,5,4
2024-11-18 01:00:00,4560,E1,supply,sd,sd:supply:4508,2615.631044921875,2599.300048828125,-69744.0,52,12.0,0,0,0,8,10
2024-11-18 01:00:00,4560,E5,supply,fvg,fvg:supply:4507,2599.300048828125,2592.60009765625,,53,,0,0,0,8,10
2024-11-18 05:00:00,4564,E5,demand,fvg,fvg:demand:4561,2591.300048828125,2581.89990234375,,3,,0,1,0,8,8
2024-11-18 08:00:00,4567,E5,supply,fvg,fvg:supply:4565,2593.89990234375,2592.5,,2,,0,0,1,1,5
2024-11-18 11:00:00,4570,E1,supply,sd,sd:supply:4508,2615.631044921875,2599.300048828125,-69744.0,62,12.1,1,0,0,2,10
2024-11-18 14:00:00,4573,E4,supply,ob_swing,ob_swing:supply:4506,2625.0,2613.0,,67,,0,0,0,10,10
2024-11-18 14:00:00,4573,E4,supply,ob_internal,ob_internal:supply:4506,2625.0,2613.0,,67,,0,0,0,10,10
2024-11-19 02:00:00,4584,E4,supply,ob_internal,ob_internal:supply:4472,2633.39990234375,2625.10009765625,,112,,0,0,1,7,8
2024-11-19 02:00:00,4584,E5,supply,fvg,fvg:supply:4471,2626.60009765625,2625.300048828125,,113,,0,0,1,7,7
2024-11-19 05:00:00,4587,E5,demand,fvg,fvg:demand:4585,2625.60009765625,2622.0,,2,,0,1,0,4,4
2024-11-19 11:00:00,4593,E5,demand,fvg,fvg:demand:4592,2633.89990234375,2631.0,,1,,0,0,1,3,4
2024-11-19 12:00:00,4594,E5,supply,fvg,fvg:supply:4458,2663.0,2642.300048828125,,136,,0,1,0,2,2
2024-11-19 14:00:00,4596,E2,demand,sd,sd:demand:4592,2629.199951171875,2613.8329467773438,38615.0,4,7.0,0,1,0,9,9
2024-11-19 14:00:00,4596,E5,demand,fvg,fvg:demand:4591,2629.300048828125,2629.199951171875,,5,,0,1,0,9,9
2024-11-19 17:00:00,4599,E5,supply,fvg,fvg:supply:4597,2633.10009765625,2632.5,,2,,0,0,1,6,6
2024-11-20 05:00:00,4610,E5,demand,fvg,fvg:demand:4606,2638.800048828125,2638.39990234375,,4,,0,0,1,1,1
2024-11-20 07:00:00,4612,E2,demand,sd,sd:demand:4592,2629.199951171875,2613.8329467773438,38615.0,20,7.0,1,1,0,6,6
2024-11-20 09:00:00,4614,E5,supply,fvg,fvg:supply:4613,2631.60009765625,2627.699951171875,,1,,0,0,1,2,4
2024-11-20 12:00:00,4617,E5,supply,fvg,fvg:supply:4612,2638.199951171875,2633.5,,5,,0,0,1,1,2
2024-11-20 18:00:00,4623,E5,demand,fvg,fvg:demand:4622,2652.699951171875,2652.60009765625,,1,,0,0,0,10,10
2024-11-21 06:00:00,4634,E5,supply,fvg,fvg:supply:4457,2665.800048828125,2664.300048828125,,177,,0,0,1,2,2
2024-11-21 07:00:00,4635,E1,supply,sd,sd:supply:4458,2681.470046386719,2665.800048828125,-103490.0,177,18.0,0,0,0,1,10
2024-11-21 14:00:00,4642,E5,supply,fvg,fvg:supply:4641,2670.89990234375,2670.300048828125,,1,,0,0,1,3,10
2024-11-22 06:00:00,4657,E1,supply,sd,sd:supply:4437,2710.563095703125,2695.10009765625,-65961.0,220,14.9,1,0,0,2,10
2024-11-22 09:00:00,4660,E5,demand,fvg,fvg:demand:4659,2697.300048828125,2695.60009765625,,1,,0,0,1,4,5
2024-11-22 11:00:00,4662,E1,supply,sd,sd:supply:4423,2726.403903808594,2711.39990234375,-15772.0,239,3.8,1,0,0,5,10
2024-11-22 11:00:00,4662,E5,demand,fvg,fvg:demand:4661,2705.0,2703.0,,1,,0,0,1,2,2
2024-11-22 13:00:00,4664,E2,demand,sd,sd:demand:4660,2691.300048828125,2676.956064453125,36934.0,4,9.0,0,0,0,1,5
2024-11-22 13:00:00,4664,E5,demand,fvg,fvg:demand:4658,2693.0,2691.300048828125,,6,,0,0,0,1,5
2024-11-22 15:00:00,4666,E5,supply,fvg,fvg:supply:4665,2699.300048828125,2698.699951171875,,1,,0,0,1,6,1
2024-11-22 20:00:00,4671,E5,demand,fvg,fvg:demand:4669,2708.89990234375,2708.800048828125,,2,,0,0,0,2,2
2024-11-22 21:00:00,4672,E1,supply,sd,sd:supply:4423,2726.403903808594,2711.39990234375,-15772.0,249,3.9,2,1,0,1,1
2024-11-24 23:00:00,4673,E5,demand,fvg,fvg:demand:4667,2703.10009765625,2698.699951171875,,6,,0,0,1,1,4
2024-11-25 02:00:00,4676,E4,demand,ob_internal,ob_internal:demand:4669,2698.699951171875,2686.39990234375,,7,,0,0,1,1,1
2024-11-25 03:00:00,4677,E2,demand,sd,sd:demand:4660,2691.300048828125,2676.956064453125,36934.0,17,10.1,1,0,1,2,2
2024-11-25 03:00:00,4677,E5,demand,fvg,fvg:demand:4635,2662.300048828125,2660.699951171875,,42,,0,0,0,2,10
2024-11-25 03:00:00,4677,E5,demand,fvg,fvg:demand:4652,2675.10009765625,2672.39990234375,,25,,0,0,1,2,2
2024-11-25 03:00:00,4677,E5,demand,fvg,fvg:demand:4653,2679.5,2675.60009765625,,24,,0,0,1,2,2
2024-11-25 03:00:00,4677,E5,demand,fvg,fvg:demand:4654,2683.39990234375,2681.699951171875,,23,,0,0,1,2,1
2024-11-25 05:00:00,4679,E2,demand,sd,sd:demand:4637,2660.699951171875,2646.193955078125,27441.0,42,6.9,0,0,1,9,10
2024-11-25 10:00:00,4684,E5,supply,fvg,fvg:supply:4678,2694.199951171875,2678.10009765625,,6,,0,1,0,4,4
2024-11-25 11:00:00,4685,E1,supply,sd,sd:supply:4676,2704.9439916992187,2690.0,-22645.0,9,5.7,0,1,0,3,3
2024-11-25 13:00:00,4687,E5,demand,fvg,fvg:demand:4685,2679.300048828125,2676.89990234375,,2,,0,0,1,1,1
2024-11-25 13:00:00,4687,E5,demand,fvg,fvg:demand:4686,2681.39990234375,2679.89990234375,,1,,0,0,1,1,1
2024-11-25 14:00:00,4688,E5,demand,fvg,fvg:demand:4619,2637.5,2635.800048828125,,69,,0,0,1,1,4
2024-11-25 14:00:00,4688,E5,demand,fvg,fvg:demand:4620,2644.199951171875,2644.10009765625,,68,,0,0,1,1,1
2024-11-25 15:00:00,4689,E2,demand,sd,sd:demand:4619,2629.10009765625,2614.2651025390624,60320.0,70,12.6,0,0,0,7,10
2024-11-25 15:00:00,4689,E2,demand,sd,sd:demand:4592,2629.199951171875,2613.8329467773438,38615.0,97,8.1,2,0,0,7,10
2024-11-25 15:00:00,4689,E5,demand,fvg,fvg:demand:4617,2630.300048828125,2629.5,,72,,0,0,1,7,7
2024-11-25 15:00:00,4689,E5,demand,fvg,fvg:demand:4618,2634.39990234375,2631.5,,71,,0,0,1,7,3
2024-11-25 18:00:00,4692,E5,demand,fvg,fvg:demand:4584,2619.89990234375,2617.699951171875,,108,,0,0,0,4,10
2024-11-25 23:00:00,4696,E5,demand,fvg,fvg:demand:4573,2607.199951171875,2601.60009765625,,123,,0,0,0,10,10
2024-11-25 23:00:00,4696,E5,demand,fvg,fvg:demand:4574,2610.300048828125,2609.89990234375,,122,,0,0,0,10,10
2024-11-26 01:00:00,4698,E5,supply,fvg,fvg:supply:4697,2625.800048828125,2624.699951171875,,1,,0,0,0,10,10
2024-11-26 03:00:00,4700,E5,demand,fvg,fvg:demand:4699,2625.10009765625,2624.699951171875,,1,,0,0,1,2,4
2024-11-26 09:00:00,4706,E5,supply,fvg,fvg:supply:4705,2621.39990234375,2618.5,,1,,0,0,1,4,1
2024-11-26 13:00:00,4710,E5,demand,fvg,fvg:demand:4707,2625.60009765625,2618.5,,3,,0,0,0,1,10
2024-11-26 13:00:00,4710,E5,demand,fvg,fvg:demand:4708,2628.10009765625,2627.60009765625,,2,,0,0,1,1,1
2024-11-26 14:00:00,4711,E4,demand,ob_internal,ob_internal:demand:4708,2623.300048828125,2610.89990234375,,3,,0,0,0,10,10
2024-11-26 15:00:00,4712,E1,supply,sd,sd:supply:4711,2644.6390942382814,2628.10009765625,-53105.0,1,11.6,0,0,0,10,10
2024-11-26 19:00:00,4716,E5,supply,fvg,fvg:supply:4715,2626.699951171875,2625.199951171875,,1,,0,0,1,6,6
2024-11-26 23:00:00,4719,E5,demand,fvg,fvg:demand:4718,2631.199951171875,2629.60009765625,,1,,0,1,0,9,9
2024-11-27 00:00:00,4720,E5,demand,fvg,fvg:demand:4717,2628.10009765625,2625.199951171875,,3,,0,1,0,5,5
2024-11-27 05:00:00,4725,E5,supply,fvg,fvg:supply:4689,2678.0,2642.800048828125,,36,,0,0,0,3,10
2024-11-27 08:00:00,4728,E5,demand,fvg,fvg:demand:4727,2646.39990234375,2645.89990234375,,1,,0,0,1,1,7
2024-11-27 13:00:00,4733,E4,supply,ob_internal,ob_internal:supply:4688,2690.300048828125,2679.300048828125,,45,,0,1,0,1,1
2024-11-27 13:00:00,4733,E5,supply,fvg,fvg:supply:4688,2681.39990234375,2680.10009765625,,45,,0,1,0,1,1
2024-11-27 15:00:00,4735,E5,demand,fvg,fvg:demand:4723,2636.10009765625,2632.800048828125,,12,,0,0,0,1,10
2024-11-29 15:30:00,4749,E4,supply,ob_internal,ob_internal:supply:4688,2690.300048828125,2679.300048828125,,61,,1,1,0,5,5
2024-12-02 17:00:00,4770,E3,supply,sd,sd:supply:4769,2663.845087890625,2638.10009765625,-34600.0,1,7.9,0,0,0,10,10
2024-12-03 01:00:00,4777,E5,demand,fvg,fvg:demand:4776,2663.300048828125,2662.300048828125,,1,,0,0,1,10,3
2024-12-03 03:00:00,4779,E5,supply,fvg,fvg:supply:4778,2663.300048828125,2661.800048828125,,1,,0,0,0,10,10
2024-12-03 08:00:00,4784,E5,demand,fvg,fvg:demand:4783,2667.0,2664.39990234375,,1,,0,0,1,3,5
2024-12-04 15:00:00,4814,E4,supply,ob_internal,ob_internal:supply:4688,2690.300048828125,2679.300048828125,,126,,2,0,0,10,10
2024-12-04 16:00:00,4815,E2,demand,sd,sd:demand:4814,2668.39990234375,2637.8179052734376,63293.0,1,13.2,0,0,0,1,10
2024-12-05 03:00:00,4825,E2,demand,sd,sd:demand:4814,2668.39990234375,2637.8179052734376,63293.0,11,13.2,1,0,0,2,10
2024-12-05 13:00:00,4835,E2,demand,sd,sd:demand:4814,2668.39990234375,2637.8179052734376,63293.0,21,13.2,2,0,0,2,10
2024-12-06 03:00:00,4848,E5,supply,fvg,fvg:supply:4846,2654.0,2653.699951171875,,2,,0,0,0,10,10
2024-12-06 03:00:00,4848,E5,supply,fvg,fvg:supply:4847,2651.39990234375,2648.10009765625,,1,,0,0,0,10,10
2024-12-06 12:00:00,4857,E5,supply,fvg,fvg:supply:4856,2661.60009765625,2660.89990234375,,1,,0,0,0,10,10
2024-12-08 23:00:00,4867,E1,supply,sd,sd:supply:4837,2703.920048828125,2670.800048828125,-49416.0,30,10.3,0,0,0,10,10
2024-12-09 00:00:00,4868,E5,demand,fvg,fvg:demand:4867,2658.5,2658.300048828125,,1,,0,0,1,10,1
2024-12-09 03:00:00,4871,E4,demand,ob_swing,ob_swing:demand:4869,2660.699951171875,2627.0,,2,,0,0,0,1,10
2024-12-09 03:00:00,4871,E4,demand,ob_internal,ob_internal:demand:4869,2662.39990234375,2630.800048828125,,2,,0,0,0,1,10
2024-12-09 08:00:00,4876,E2,demand,sd,sd:demand:4814,2668.39990234375,2637.8179052734376,63293.0,62,13.1,3,0,0,10,10
2024-12-09 10:00:00,4878,E4,supply,ob_internal,ob_internal:supply:4688,2690.300048828125,2679.300048828125,,190,,3,0,0,10,10
2024-12-09 14:00:00,4882,E1,supply,sd,sd:supply:4676,2704.9439916992187,2690.0,-22645.0,206,4.7,1,0,0,10,10
2024-12-09 15:00:00,4883,E2,demand,sd,sd:demand:4882,2682.5,2644.3939965820314,44971.0,1,9.2,0,0,0,3,10
2024-12-09 18:00:00,4886,E2,demand,sd,sd:demand:4814,2668.39990234375,2637.8179052734376,63293.0,72,13.1,4,0,0,1,10
2024-12-10 00:00:00,4891,E5,supply,fvg,fvg:supply:4887,2686.300048828125,2686.10009765625,,4,,0,0,0,10,10
2024-12-10 01:00:00,4892,E1,supply,sd,sd:supply:4676,2704.9439916992187,2690.0,-22645.0,216,4.7,2,0,0,10,10
2024-12-10 02:00:00,4893,E2,demand,sd,sd:demand:4882,2682.5,2644.3939965820314,44971.0,11,9.3,1,0,0,1,10
2024-12-10 07:00:00,4898,E2,demand,sd,sd:demand:4814,2668.39990234375,2637.8179052734376,63293.0,84,13.1,5,0,0,1,10
2024-12-10 13:00:00,4904,E2,demand,sd,sd:demand:4882,2682.5,2644.3939965820314,44971.0,22,9.3,2,0,0,10,10
2024-12-10 13:00:00,4904,E5,demand,fvg,fvg:demand:4902,2692.10009765625,2689.5,,2,,0,0,0,10,10
2024-12-10 14:00:00,4905,E1,supply,sd,sd:supply:4423,2726.403903808594,2711.39990234375,-15772.0,482,3.2,3,0,0,10,10
2024-12-10 14:00:00,4905,E4,supply,ob_internal,ob_internal:supply:4677,2721.89990234375,2711.5,,228,,0,0,0,10,10
2024-12-10 14:00:00,4905,E4,supply,ob_swing,ob_swing:supply:4692,2721.89990234375,2711.5,,213,,0,0,0,10,10
2024-12-10 14:00:00,4905,E5,supply,fvg,fvg:supply:4676,2711.5,2706.60009765625,,229,,0,0,1,10,9
2024-12-10 15:00:00,4906,E2,demand,sd,sd:demand:4905,2698.10009765625,2657.9791040039063,53051.0,1,11.2,0,0,0,10,10
2024-12-10 23:00:00,4913,E1,supply,sd,sd:supply:4387,2738.8929418945313,2725.199951171875,-38677.0,526,8.2,0,0,0,4,10
2024-12-11 00:00:00,4914,E5,demand,fvg,fvg:demand:4913,2720.300048828125,2719.699951171875,,1,,0,0,1,1,7
2024-12-11 04:00:00,4918,E5,demand,fvg,fvg:demand:4917,2736.10009765625,2734.199951171875,,1,,0,0,1,3,3
2024-12-11 08:00:00,4922,E5,supply,fvg,fvg:supply:4920,2734.5,2732.10009765625,,2,,0,0,1,7,7
2024-12-11 09:00:00,4923,E2,demand,sd,sd:demand:4905,2698.10009765625,2657.9791040039063,53051.0,18,11.6,1,0,0,4,10
2024-12-11 15:00:00,4929,E1,supply,sd,sd:supply:4345,2760.5258984375,2747.89990234375,-41797.0,584,10.0,3,0,0,10,10
2024-12-11 15:00:00,4929,E4,supply,ob_swing,ob_swing:supply:4381,2759.5,2750.39990234375,,548,,0,0,0,10,10
2024-12-11 16:00:00,4930,E2,demand,sd,sd:demand:4929,2728.60009765625,2686.5531103515623,79437.0,1,18.5,0,0,0,1,10
2024-12-12 01:00:00,4938,E5,supply,fvg,fvg:supply:4322,2762.199951171875,2760.39990234375,,616,,0,0,0,10,10
2024-12-12 03:00:00,4940,E1,supply,sd,sd:supply:4345,2760.5258984375,2747.89990234375,-41797.0,595,9.7,4,1,0,9,9
2024-12-12 06:00:00,4943,E5,supply,fvg,fvg:supply:4939,2752.800048828125,2751.89990234375,,4,,0,1,0,5,5
2024-12-12 09:00:00,4946,E2,demand,sd,sd:demand:4929,2728.60009765625,2686.5531103515623,79437.0,17,18.5,1,0,0,2,10
2024-12-12 13:00:00,4950,E4,demand,ob_swing,ob_swing:demand:4928,2728.199951171875,2693.10009765625,,22,,0,0,0,1,10
2024-12-12 13:00:00,4950,E4,demand,ob_internal,ob_internal:demand:4928,2728.199951171875,2693.10009765625,,22,,0,0,0,1,10
2024-12-12 14:00:00,4951,E2,demand,sd,sd:demand:4905,2698.10009765625,2657.9791040039063,53051.0,46,11.7,2,0,0,1,10
2024-12-12 14:00:00,4951,E2,demand,sd,sd:demand:4882,2682.5,2644.3939965820314,44971.0,69,9.9,3,0,0,1,10
2024-12-13 02:00:00,4962,E5,demand,fvg,fvg:demand:4961,2708.699951171875,2705.800048828125,,1,,0,0,1,4,4
2024-12-13 06:00:00,4966,E2,demand,sd,sd:demand:4905,2698.10009765625,2657.9791040039063,53051.0,61,11.7,3,0,0,1,10
2024-12-13 09:00:00,4969,E2,demand,sd,sd:demand:4882,2682.5,2644.3939965820314,44971.0,87,9.9,4,0,0,1,10
2024-12-13 10:00:00,4970,E2,demand,sd,sd:demand:4814,2668.39990234375,2637.8179052734376,63293.0,156,13.2,6,0,0,1,10
2024-12-13 10:00:00,4970,E4,demand,ob_internal,ob_internal:demand:4901,2687.89990234375,2663.60009765625,,69,,0,0,0,1,10
2024-12-13 10:00:00,4970,E4,demand,ob_swing,ob_swing:demand:4903,2688.300048828125,2661.0,,67,,0,0,0,1,10
2024-12-13 12:00:00,4972,E5,supply,fvg,fvg:supply:4970,2693.60009765625,2690.199951171875,,2,,0,1,0,8,8
2024-12-13 20:00:00,4980,E2,demand,sd,sd:demand:4814,2668.39990234375,2637.8179052734376,63293.0,166,13.4,7,0,0,1,10
2024-12-15 23:00:00,4982,E5,supply,fvg,fvg:supply:4981,2671.800048828125,2668.5,,1,,0,0,0,10,10
2024-12-16 08:00:00,4991,E2,demand,sd,sd:demand:4814,2668.39990234375,2637.8179052734376,63293.0,177,13.4,8,0,0,1,10
2024-12-16 12:00:00,4995,E4,demand,ob_internal,ob_internal:demand:4991,2679.800048828125,2657.10009765625,,4,,0,0,0,1,10
2024-12-16 23:00:00,5005,E2,demand,sd,sd:demand:4814,2668.39990234375,2637.8179052734376,63293.0,191,14.4,9,0,0,4,10
2024-12-17 02:00:00,5008,E5,demand,fvg,fvg:demand:5007,2671.300048828125,2670.300048828125,,1,,0,0,1,1,1
2024-12-17 08:00:00,5014,E4,demand,ob_swing,ob_swing:demand:4869,2660.699951171875,2627.0,,145,,1,0,0,1,10
2024-12-17 08:00:00,5014,E4,demand,ob_internal,ob_internal:demand:4869,2662.39990234375,2630.800048828125,,145,,1,0,0,1,10
2024-12-17 08:00:00,5014,E4,demand,ob_internal,ob_internal:demand:4877,2661.10009765625,2636.699951171875,,137,,0,0,0,1,10
2024-12-17 12:00:00,5018,E5,supply,fvg,fvg:supply:5015,2665.5,2661.199951171875,,3,,0,0,0,10,10
2024-12-17 15:00:00,5021,E4,supply,ob_internal,ob_internal:supply:5019,2673.39990234375,2651.89990234375,,2,,0,0,0,10,10
2024-12-17 17:00:00,5023,E1,supply,sd,sd:supply:4999,2697.5849926757815,2662.5,-29172.0,24,6.2,0,0,0,10,10
2024-12-17 19:00:00,5025,E4,demand,ob_internal,ob_internal:demand:4869,2662.39990234375,2630.800048828125,,156,,2,0,0,10,10
2024-12-17 20:00:00,5026,E4,demand,ob_swing,ob_swing:demand:4869,2660.699951171875,2627.0,,157,,2,0,0,10,10
2024-12-17 20:00:00,5026,E5,demand,fvg,fvg:demand:5024,2660.800048828125,2656.60009765625,,2,,0,0,0,10,10
2024-12-18 00:00:00,5029,E1,supply,sd,sd:supply:5016,2699.10798828125,2665.5,-30074.0,13,6.4,0,0,0,10,10
2024-12-18 02:00:00,5031,E4,demand,ob_internal,ob_internal:demand:5029,2663.5,2659.89990234375,,2,,0,0,0,10,10
2024-12-18 05:00:00,5034,E1,supply,sd,sd:supply:4999,2697.5849926757815,2662.5,-29172.0,35,6.2,1,0,0,10,10
2024-12-18 05:00:00,5034,E5,supply,fvg,fvg:supply:5033,2662.0,2661.0,,1,,0,0,0,10,10
2024-12-18 06:00:00,5035,E4,demand,ob_internal,ob_internal:demand:4869,2662.39990234375,2630.800048828125,,166,,3,0,0,8,10
2024-12-18 07:00:00,5036,E4,demand,ob_swing,ob_swing:demand:4869,2660.699951171875,2627.0,,167,,3,0,0,8,10
2024-12-18 11:00:00,5040,E1,supply,sd,sd:supply:5016,2699.10798828125,2665.5,-30074.0,24,6.4,1,1,0,8,8
2024-12-18 16:00:00,5045,E5,supply,fvg,fvg:supply:5044,2656.5,2655.0,,1,,0,1,0,3,3
2024-12-18 17:00:00,5046,E4,supply,ob_internal,ob_internal:supply:5019,2673.39990234375,2651.89990234375,,27,,1,1,0,2,2
2024-12-18 19:00:00,5048,E4,demand,ob_internal,ob_internal:demand:4708,2623.300048828125,2610.89990234375,,340,,1,0,1,1,1
2024-12-19 00:00:00,5052,E5,supply,fvg,fvg:supply:5050,2618.89990234375,2610.199951171875,,2,,0,0,1,1,1
2024-12-19 01:00:00,5053,E5,supply,fvg,fvg:supply:5049,2650.89990234375,2624.60009765625,,4,,0,0,0,6,10
2024-12-19 06:00:00,5058,E5,demand,fvg,fvg:demand:5054,2618.699951171875,2610.199951171875,,4,,0,0,0,7,10
2024-12-19 12:00:00,5064,E4,demand,ob_internal,ob_internal:demand:5059,2630.0,2606.10009765625,,5,,0,0,0,1,10
2024-12-19 12:00:00,5064,E5,demand,fvg,fvg:demand:5059,2624.10009765625,2623.10009765625,,5,,0,0,1,1,1
2024-12-19 13:00:00,5065,E2,demand,sd,sd:demand:5054,2610.199951171875,2579.3769580078124,25004.0,11,5.5,0,0,0,10,10
2024-12-19 14:00:00,5066,E5,demand,fvg,fvg:demand:5053,2606.10009765625,2605.60009765625,,13,,0,0,0,10,10
2024-12-19 19:00:00,5071,E5,supply,fvg,fvg:supply:5066,2618.10009765625,2615.39990234375,,5,,0,0,0,10,10
2024-12-19 21:00:00,5073,E5,demand,fvg,fvg:demand:5071,2611.39990234375,2608.800048828125,,2,,0,0,0,10,10
2024-12-20 01:00:00,5076,E5,supply,fvg,fvg:supply:5074,2611.5,2611.0,,2,,0,0,1,10,6
2024-12-20 02:00:00,5077,E2,demand,sd,sd:demand:5054,2610.199951171875,2579.3769580078124,25004.0,23,5.3,1,0,0,10,10
2024-12-20 07:00:00,5082,E5,supply,fvg,fvg:supply:5065,2629.800048828125,2620.699951171875,,17,,0,0,1,6,8
2024-12-20 11:00:00,5086,E5,demand,fvg,fvg:demand:5082,2615.89990234375,2615.300048828125,,4,,0,1,0,3,3
2024-12-20 12:00:00,5087,E4,demand,ob_internal,ob_internal:demand:5076,2617.89990234375,2603.699951171875,,11,,0,1,0,2,2
2024-12-20 14:00:00,5089,E1,supply,sd,sd:supply:5065,2661.82494140625,2632.199951171875,-49185.0,24,10.3,0,0,0,1,10
2024-12-20 14:00:00,5089,E4,supply,ob_internal,ob_internal:supply:5065,2640.89990234375,2630.89990234375,,24,,0,0,1,1,1
2024-12-20 15:00:00,5090,E1,supply,sd,sd:supply:5050,2681.6688916015623,2650.89990234375,-64960.0,40,13.7,0,1,0,8,8
2024-12-20 15:00:00,5090,E4,supply,ob_internal,ob_internal:supply:5019,2673.39990234375,2651.89990234375,,71,,2,1,0,8,8
2024-12-20 17:00:00,5092,E5,demand,fvg,fvg:demand:5091,2642.39990234375,2636.199951171875,,1,,0,0,0,6,10
2024-12-23 02:00:00,5100,E5,supply,fvg,fvg:supply:5097,2642.39990234375,2641.89990234375,,3,,0,1,0,9,9
2024-12-23 05:00:00,5103,E5,supply,fvg,fvg:supply:5096,2646.0,2643.60009765625,,7,,0,1,0,6,6
2024-12-23 10:00:00,5108,E5,demand,fvg,fvg:demand:5090,2634.0,2629.5,,18,,0,0,1,1,6
2024-12-23 12:00:00,5110,E1,supply,sd,sd:supply:5065,2661.82494140625,2632.199951171875,-49185.0,45,10.0,1,0,0,10,10
2024-12-23 13:00:00,5111,E5,supply,fvg,fvg:supply:5110,2633.60009765625,2632.699951171875,,1,,0,0,0,10,10
2024-12-23 16:00:00,5114,E5,demand,fvg,fvg:demand:5089,2623.89990234375,2620.89990234375,,25,,0,0,0,3,10
2024-12-24 00:00:00,5121,E5,demand,fvg,fvg:demand:5120,2628.699951171875,2628.300048828125,,1,,0,0,0,5,9
2024-12-24 01:00:00,5122,E1,supply,sd,sd:supply:5065,2661.82494140625,2632.199951171875,-49185.0,57,10.0,2,0,0,8,10
2024-12-24 14:30:00,5126,E4,demand,ob_internal,ob_internal:demand:5125,2628.300048828125,2624.89990234375,,1,,0,1,0,3,3
2024-12-24 16:30:00,5128,E5,supply,fvg,fvg:supply:5127,2631.60009765625,2627.39990234375,,1,,0,0,1,2,2
2024-12-24 17:30:00,5129,E5,supply,fvg,fvg:supply:5109,2640.10009765625,2634.39990234375,,20,,0,0,1,1,7
2024-12-26 05:00:00,5130,E4,supply,ob_internal,ob_internal:supply:5108,2646.800048828125,2638.800048828125,,22,,0,0,1,8,10
2024-12-26 06:00:00,5131,E5,demand,fvg,fvg:demand:5130,2641.699951171875,2633.0,,1,,0,1,0,9,9
2024-12-26 07:00:00,5132,E5,demand,fvg,fvg:demand:5131,2640.10009765625,2635.800048828125,,1,,0,1,0,8,8
2024-12-26 12:00:00,5137,E5,demand,fvg,fvg:demand:5136,2643.60009765625,2642.699951171875,,1,,0,1,1,3,1
2024-12-26 15:00:00,5140,E1,supply,sd,sd:supply:5050,2681.6688916015623,2650.89990234375,-64960.0,90,13.3,1,0,0,10,10
2024-12-26 15:00:00,5140,E4,supply,ob_internal,ob_internal:supply:5019,2673.39990234375,2651.89990234375,,121,,3,0,0,10,10
2024-12-26 17:00:00,5142,E5,demand,fvg,fvg:demand:5141,2647.89990234375,2646.5,,1,,0,0,0,10,10
2024-12-27 00:00:00,5148,E5,demand,fvg,fvg:demand:5144,2651.199951171875,2649.300048828125,,4,,0,0,1,8,8
2024-12-27 02:00:00,5150,E1,supply,sd,sd:supply:5050,2681.6688916015623,2650.89990234375,-64960.0,100,13.3,2,1,0,6,6
2024-12-27 03:00:00,5151,E4,supply,ob_internal,ob_internal:supply:5019,2673.39990234375,2651.89990234375,,132,,4,1,0,5,5
2024-12-27 10:00:00,5158,E5,supply,fvg,fvg:supply:5157,2648.39990234375,2642.5,,1,,0,0,0,2,3
2024-12-27 14:00:00,5162,E4,demand,ob_swing,ob_swing:demand:5145,2632.39990234375,2623.199951171875,,17,,0,1,0,8,8
2024-12-27 14:00:00,5162,E5,demand,fvg,fvg:demand:5129,2630.89990234375,2627.39990234375,,33,,0,1,0,8,8
2024-12-27 15:00:00,5163,E1,supply,sd,sd:supply:5065,2661.82494140625,2632.199951171875,-49185.0,98,10.0,3,0,0,7,10
2024-12-27 15:00:00,5163,E5,supply,fvg,fvg:supply:5162,2640.89990234375,2634.10009765625,,1,,0,0,0,7,10
2024-12-30 06:00:00,5177,E4,demand,ob_swing,ob_swing:demand:5145,2632.39990234375,2623.199951171875,,32,,1,0,1,2,8
2024-12-30 09:00:00,5180,E5,supply,fvg,fvg:supply:5179,2630.199951171875,2629.60009765625,,1,,0,0,1,2,3
2024-12-30 12:00:00,5183,E1,supply,sd,sd:supply:5065,2661.82494140625,2632.199951171875,-49185.0,118,10.0,4,1,0,1,1
2024-12-30 12:00:00,5183,E5,supply,fvg,fvg:supply:5178,2632.0,2631.89990234375,,5,,0,1,0,1,1
2024-12-30 13:00:00,5184,E2,demand,sd,sd:demand:5090,2620.89990234375,2595.2039086914065,53817.0,94,11.0,0,0,0,3,10
2024-12-30 13:00:00,5184,E5,demand,fvg,fvg:demand:5183,2628.60009765625,2626.89990234375,,1,,0,0,1,3,1
2024-12-30 15:00:00,5186,E4,demand,ob_internal,ob_internal:demand:5076,2617.89990234375,2603.699951171875,,110,,1,0,0,10,10
2024-12-30 16:00:00,5187,E2,demand,sd,sd:demand:5054,2610.199951171875,2579.3769580078124,25004.0,133,5.1,2,0,0,10,10
2024-12-30 16:00:00,5187,E5,demand,fvg,fvg:demand:5077,2610.0,2609.699951171875,,110,,0,0,0,10,10
2024-12-30 17:00:00,5188,E5,supply,fvg,fvg:supply:5187,2616.800048828125,2615.699951171875,,1,,0,0,0,10,10
2024-12-31 03:00:00,5197,E4,demand,ob_internal,ob_internal:demand:5076,2617.89990234375,2603.699951171875,,121,,2,1,0,5,5
2024-12-31 03:00:00,5197,E5,demand,fvg,fvg:demand:5189,2616.300048828125,2615.699951171875,,8,,0,1,0,5,5
2024-12-31 08:00:00,5202,E5,supply,fvg,fvg:supply:5185,2628.60009765625,2626.800048828125,,17,,0,1,0,5,5
2024-12-31 10:00:00,5204,E5,demand,fvg,fvg:demand:5202,2624.699951171875,2620.699951171875,,2,,0,0,0,3,5
2024-12-31 13:00:00,5207,E2,demand,sd,sd:demand:5090,2620.89990234375,2595.2039086914065,53817.0,117,11.0,1,1,0,2,2
2024-12-31 15:00:00,5209,E1,supply,sd,sd:supply:5065,2661.82494140625,2632.199951171875,-49185.0,144,10.0,5,0,0,7,10
2024-12-31 15:00:00,5209,E4,supply,ob_swing,ob_swing:supply:5179,2640.699951171875,2635.800048828125,,30,,0,0,1,7,7
2024-12-31 15:00:00,5209,E4,supply,ob_internal,ob_internal:supply:5179,2640.699951171875,2635.800048828125,,30,,0,0,1,7,7
2025-01-02 06:00:00,5217,E5,demand,fvg,fvg:demand:5216,2645.10009765625,2639.199951171875,,1,,0,1,0,4,4
2025-01-02 08:00:00,5219,E5,demand,fvg,fvg:demand:5217,2643.60009765625,2639.39990234375,,2,,0,1,0,5,5
2025-01-02 09:00:00,5220,E1,supply,sd,sd:supply:5050,2681.6688916015623,2650.89990234375,-64960.0,170,13.3,3,0,0,1,10
2025-01-02 10:00:00,5221,E4,supply,ob_internal,ob_internal:supply:5019,2673.39990234375,2651.89990234375,,202,,5,0,0,4,10
2025-01-02 10:00:00,5221,E5,demand,fvg,fvg:demand:5220,2648.89990234375,2648.0,,1,,0,0,0,3,5
2025-01-02 14:00:00,5225,E1,supply,sd,sd:supply:4999,2697.5849926757815,2662.5,-29172.0,226,6.0,2,0,0,1,10
2025-01-02 15:00:00,5226,E1,supply,sd,sd:supply:5016,2699.10798828125,2665.5,-30074.0,210,6.1,2,0,0,8,10
2025-01-02 16:00:00,5227,E4,supply,ob_swing,ob_swing:supply:5019,2675.800048828125,2670.800048828125,,208,,0,0,0,10,10
2025-01-03 01:00:00,5235,E4,demand,ob_internal,ob_internal:demand:5234,2674.199951171875,2663.199951171875,,1,,0,0,0,7,10
2025-01-03 10:00:00,5244,E5,supply,fvg,fvg:supply:5242,2671.699951171875,2671.199951171875,,2,,0,1,0,3,3
2025-01-03 12:00:00,5246,E5,demand,fvg,fvg:demand:5245,2670.800048828125,2670.5,,1,,0,0,1,1,1
2025-01-03 13:00:00,5247,E2,demand,sd,sd:demand:5227,2660.699951171875,2648.15896484375,46704.0,20,11.4,0,0,0,2,10
2025-01-03 14:00:00,5248,E1,supply,sd,sd:supply:5016,2699.10798828125,2665.5,-30074.0,232,7.4,3,0,0,10,10
2025-01-06 09:00:00,5266,E5,supply,fvg,fvg:supply:5262,2651.199951171875,2647.699951171875,,4,,0,0,1,2,2
2025-01-06 11:00:00,5268,E1,supply,sd,sd:supply:5050,2681.6688916015623,2650.89990234375,-64960.0,218,13.9,4,1,0,2,2
2025-01-06 11:00:00,5268,E1,supply,sd,sd:supply:4999,2697.5849926757815,2662.5,-29172.0,269,6.3,3,1,0,2,2
2025-01-06 11:00:00,5268,E4,supply,ob_internal,ob_internal:supply:5261,2661.0,2653.800048828125,,7,,0,1,0,2,2
2025-01-06 13:00:00,5270,E5,demand,fvg,fvg:demand:5210,2636.5,2630.699951171875,,60,,0,0,0,1,2
2025-01-06 13:00:00,5270,E5,demand,fvg,fvg:demand:5269,2654.89990234375,2646.89990234375,,1,,0,0,1,1,1
2025-01-06 15:00:00,5272,E5,supply,fvg,fvg:supply:5271,2654.89990234375,2647.199951171875,,1,,0,0,0,10,10
2025-01-07 01:00:00,5281,E1,supply,sd,sd:supply:5050,2681.6688916015623,2650.89990234375,-64960.0,231,13.9,5,0,0,5,10
2025-01-07 06:00:00,5286,E4,demand,ob_swing,ob_swing:demand:5285,2652.699951171875,2643.39990234375,,1,,0,1,0,6,6
2025-01-07 06:00:00,5286,E4,demand,ob_internal,ob_internal:demand:5285,2652.699951171875,2643.39990234375,,1,,0,1,0,6,6
2025-01-07 07:00:00,5287,E5,demand,fvg,fvg:demand:5286,2651.699951171875,2650.699951171875,,1,,0,1,0,5,5
2025-01-07 12:00:00,5292,E1,supply,sd,sd:supply:4999,2697.5849926757815,2662.5,-29172.0,293,6.3,4,0,0,1,10
2025-01-07 13:00:00,5293,E1,supply,sd,sd:supply:5016,2699.10798828125,2665.5,-30074.0,277,6.5,4,1,0,2,2
2025-01-07 13:00:00,5293,E5,supply,fvg,fvg:supply:5240,2676.60009765625,2675.5,,53,,0,1,0,2,2
2025-01-07 13:00:00,5293,E5,supply,fvg,fvg:supply:5247,2670.800048828125,2670.300048828125,,46,,0,1,0,2,2
2025-01-07 13:00:00,5293,E5,supply,fvg,fvg:supply:5248,2668.60009765625,2667.10009765625,,45,,0,1,1,2,1
2025-01-07 15:00:00,5295,E2,demand,sd,sd:demand:5293,2655.800048828125,2643.995061035156,46870.0,2,11.5,0,0,0,10,10
2025-01-07 15:00:00,5295,E5,demand,fvg,fvg:demand:5292,2658.60009765625,2656.39990234375,,3,,0,0,0,10,10
2025-01-07 15:00:00,5295,E5,demand,fvg,fvg:demand:5293,2661.800048828125,2659.89990234375,,2,,0,0,0,10,10
2025-01-07 15:00:00,5295,E5,demand,fvg,fvg:demand:5294,2668.39990234375,2665.10009765625,,1,,0,0,0,10,10
2025-01-08 00:00:00,5303,E1,supply,sd,sd:supply:5016,2699.10798828125,2665.5,-30074.0,287,7.4,5,0,0,10,10
2025-01-08 05:00:00,5308,E1,supply,sd,sd:supply:4999,2697.5849926757815,2662.5,-29172.0,309,7.1,5,0,0,8,10
2025-01-08 05:00:00,5308,E4,supply,ob_internal,ob_internal:supply:5306,2666.199951171875,2662.800048828125,,2,,0,0,1,8,8
2025-01-08 08:00:00,5311,E5,demand,fvg,fvg:demand:5309,2663.10009765625,2662.0,,2,,0,0,0,3,6
2025-01-08 08:00:00,5311,E5,demand,fvg,fvg:demand:5310,2665.39990234375,2664.699951171875,,1,,0,0,1,3,4
2025-01-08 12:00:00,5315,E1,supply,sd,sd:supply:5016,2699.10798828125,2665.5,-30074.0,299,7.4,6,0,0,1,10
2025-01-08 16:00:00,5319,E1,supply,sd,sd:supply:4969,2720.4790478515624,2684.800048828125,-27603.0,350,7.1,0,1,0,1,1
2025-01-08 17:00:00,5320,E2,demand,sd,sd:demand:5317,2666.699951171875,2654.82896484375,48520.0,3,13.3,0,0,0,10,10
2025-01-08 17:00:00,5320,E5,demand,fvg,fvg:demand:5317,2674.60009765625,2666.5,,3,,0,0,0,10,10
2025-01-08 17:00:00,5320,E5,demand,fvg,fvg:demand:5318,2675.0,2674.89990234375,,2,,0,0,0,10,10
2025-01-08 19:00:00,5322,E5,supply,fvg,fvg:supply:5321,2678.300048828125,2675.89990234375,,1,,0,0,0,10,10
2025-01-08 23:00:00,5325,E5,demand,fvg,fvg:demand:5324,2678.89990234375,2677.5,,1,,0,0,0,10,10
2025-01-09 10:00:00,5336,E1,supply,sd,sd:supply:4969,2720.4790478515624,2684.800048828125,-27603.0,367,7.6,1,0,0,1,10
2025-01-09 14:00:00,5340,E5,demand,fvg,fvg:demand:5338,2686.60009765625,2684.800048828125,,2,,0,0,0,2,10
2025-01-09 17:00:00,5343,E2,demand,sd,sd:demand:5338,2682.5,2670.2360180664064,25942.0,5,7.3,0,1,0,8,8
2025-01-10 07:00:00,5356,E5,demand,fvg,fvg:demand:5355,2698.699951171875,2698.0,,1,,0,1,0,3,3
2025-01-10 10:00:00,5359,E4,supply,ob_internal,ob_internal:supply:4973,2716.39990234375,2708.699951171875,,386,,0,1,0,3,3
2025-01-10 10:00:00,5359,E4,supply,ob_swing,ob_swing:supply:4977,2716.39990234375,2708.699951171875,,382,,0,1,0,3,3
2025-01-10 10:00:00,5359,E5,demand,fvg,fvg:demand:5358,2703.89990234375,2703.0,,1,,0,0,1,2,3
2025-01-10 13:00:00,5362,E5,demand,fvg,fvg:demand:5345,2689.60009765625,2687.800048828125,,17,,0,1,0,1,1
2025-01-10 16:00:00,5365,E5,demand,fvg,fvg:demand:5364,2715.5,2714.300048828125,,1,,0,0,0,2,10
2025-01-10 21:00:00,5370,E5,supply,fvg,fvg:supply:5368,2720.5,2720.0,,2,,0,0,0,10,10
2025-01-13 01:00:00,5373,E5,demand,fvg,fvg:demand:5363,2711.5,2708.800048828125,,10,,0,0,1,6,10
2025-01-13 06:00:00,5378,E1,supply,sd,sd:supply:5368,2728.3708837890626,2715.39990234375,-43990.0,10,10.5,0,1,0,4,4
2025-01-13 08:00:00,5380,E4,supply,ob_internal,ob_internal:supply:5379,2720.39990234375,2709.89990234375,,1,,0,1,0,4,4
2025-01-13 13:00:00,5385,E2,demand,sd,sd:demand:5338,2682.5,2670.2360180664064,25942.0,47,6.8,1,0,0,2,10
2025-01-13 19:00:00,5391,E4,demand,ob_internal,ob_internal:demand:5332,2678.199951171875,2673.699951171875,,59,,0,0,0,10,10
2025-01-13 20:00:00,5392,E5,supply,fvg,fvg:supply:5391,2679.699951171875,2679.39990234375,,1,,0,0,1,3,3
2025-01-14 03:00:00,5398,E5,demand,fvg,fvg:demand:5395,2684.199951171875,2682.300048828125,,3,,0,0,1,6,10
2025-01-14 05:00:00,5400,E2,demand,sd,sd:demand:5338,2682.5,2670.2360180664064,25942.0,62,6.8,2,0,0,6,10
2025-01-14 13:00:00,5408,E4,demand,ob_internal,ob_internal:demand:5332,2678.199951171875,2673.699951171875,,76,,1,1,0,6,6
2025-01-14 13:00:00,5408,E4,demand,ob_swing,ob_swing:demand:5337,2675.89990234375,2668.199951171875,,71,,0,1,0,6,6
2025-01-14 16:00:00,5411,E2,demand,sd,sd:demand:5338,2682.5,2670.2360180664064,25942.0,73,6.8,3,0,0,10,10
2025-01-14 17:00:00,5412,E5,demand,fvg,fvg:demand:5411,2682.5,2679.0,,1,,0,0,0,10,10
2025-01-14 20:00:00,5415,E2,demand,sd,sd:demand:5411,2687.39990234375,2674.180910644531,35537.0,4,9.1,0,0,0,10,10
2025-01-14 23:00:00,5417,E5,supply,fvg,fvg:supply:5385,2699.39990234375,2694.199951171875,,32,,0,0,1,8,10
2025-01-15 09:00:00,5427,E1,supply,sd,sd:supply:5383,2720.5539892578126,2707.5,-22156.0,44,5.7,0,0,0,4,10
2025-01-15 10:00:00,5428,E4,supply,ob_internal,ob_internal:supply:5379,2720.39990234375,2709.89990234375,,49,,1,0,0,3,4
2025-01-15 11:00:00,5429,E5,demand,fvg,fvg:demand:5428,2707.0,2702.699951171875,,1,,0,0,0,2,7
2025-01-15 13:00:00,5431,E1,supply,sd,sd:supply:5368,2728.3708837890626,2715.39990234375,-43990.0,63,11.2,1,1,0,1,1
2025-01-15 14:00:00,5432,E5,demand,fvg,fvg:demand:5427,2701.0,2700.300048828125,,5,,0,1,0,4,4
2025-01-15 21:00:00,5439,E4,supply,ob_swing,ob_swing:supply:5387,2729.39990234375,2720.5,,52,,0,0,0,3,10
2025-01-16 00:00:00,5441,E5,demand,fvg,fvg:demand:5440,2721.89990234375,2720.300048828125,,1,,0,1,0,9,9
2025-01-16 07:00:00,5448,E5,supply,fvg,fvg:supply:5447,2727.10009765625,2725.800048828125,,1,,0,0,1,1,1
2025-01-16 11:00:00,5452,E5,demand,fvg,fvg:demand:5451,2736.0,2733.39990234375,,1,,0,1,0,2,2
2025-01-16 13:00:00,5454,E5,supply,fvg,fvg:supply:5453,2736.0,2732.699951171875,,1,,0,0,1,2,1
2025-01-16 14:00:00,5455,E1,supply,sd,sd:supply:4948,2787.4078955078126,2748.89990234375,-24818.0,507,7.0,0,0,0,3,10
2025-01-16 14:00:00,5455,E1,supply,sd,sd:supply:4345,2760.5258984375,2747.89990234375,-41797.0,1110,11.7,5,0,0,3,10
2025-01-16 14:00:00,5455,E4,supply,ob_internal,ob_internal:supply:4948,2755.300048828125,2748.89990234375,,507,,0,0,0,3,10
2025-01-16 18:00:00,5459,E5,demand,fvg,fvg:demand:5457,2750.60009765625,2749.800048828125,,2,,0,0,1,10,6
2025-01-16 23:00:00,5463,E5,supply,fvg,fvg:supply:5462,2747.300048828125,2747.199951171875,,1,,0,1,0,10,10
2025-01-17 01:00:00,5465,E5,demand,fvg,fvg:demand:5455,2742.800048828125,2732.699951171875,,10,,0,0,0,4,10
2025-01-17 02:00:00,5466,E1,supply,sd,sd:supply:4345,2760.5258984375,2747.89990234375,-41797.0,1121,11.7,6,1,0,7,7
2025-01-17 11:00:00,5475,E5,supply,fvg,fvg:supply:5474,2738.0,2732.60009765625,,1,,0,0,1,1,2
2025-01-17 12:00:00,5476,E1,supply,sd,sd:supply:5474,2752.4340869140624,2740.10009765625,-22470.0,2,5.9,0,0,1,3,4
2025-01-17 13:00:00,5477,E5,supply,fvg,fvg:supply:5470,2744.800048828125,2743.199951171875,,7,,0,0,1,1,2
2025-01-17 13:00:00,5477,E5,demand,fvg,fvg:demand:5476,2736.39990234375,2732.60009765625,,1,,0,1,0,2,2
2025-01-17 14:00:00,5478,E5,supply,fvg,fvg:supply:5469,2746.0,2745.699951171875,,9,,0,0,1,2,2
2025-01-17 15:00:00,5479,E1,supply,sd,sd:supply:4948,2787.4078955078126,2748.89990234375,-24818.0,531,6.6,1,0,0,1,6
2025-01-17 15:00:00,5479,E1,supply,sd,sd:supply:4345,2760.5258984375,2747.89990234375,-41797.0,1134,11.0,7,0,0,1,6
2025-01-17 15:00:00,5479,E5,supply,fvg,fvg:supply:5460,2752.199951171875,2750.5,,19,,0,0,1,1,1
2025-01-17 18:00:00,5482,E2,demand,sd,sd:demand:5480,2744.300048828125,2731.6330615234374,47580.0,2,13.4,0,0,0,2,10
2025-01-17 18:00:00,5482,E5,demand,fvg,fvg:demand:5479,2744.699951171875,2744.300048828125,,3,,0,0,1,2,2
2025-01-17 18:00:00,5482,E5,demand,fvg,fvg:demand:5480,2749.800048828125,2746.5,,2,,0,0,1,2,2
2025-01-17 18:00:00,5482,E5,demand,fvg,fvg:demand:5481,2753.199951171875,2750.60009765625,,1,,0,0,1,2,1
2025-01-19 23:00:00,5486,E5,supply,fvg,fvg:supply:5485,2741.699951171875,2740.60009765625,,1,,0,0,0,4,10
2025-01-20 03:00:00,5490,E5,supply,fvg,fvg:supply:5484,2744.199951171875,2742.300048828125,,6,,0,1,0,6,6
2025-01-20 04:00:00,5491,E5,supply,fvg,fvg:supply:5483,2753.199951171875,2745.699951171875,,8,,0,1,0,4,4
2025-01-21 05:00:00,5492,E2,demand,sd,sd:demand:5480,2744.300048828125,2731.6330615234374,47580.0,12,13.4,1,0,1,2,4
2025-01-21 06:00:00,5493,E5,demand,fvg,fvg:demand:5490,2739.699951171875,2738.10009765625,,3,,0,0,1,2,3
2025-01-21 06:00:00,5493,E5,demand,fvg,fvg:demand:5491,2742.60009765625,2740.300048828125,,2,,0,0,1,2,2
2025-01-21 09:00:00,5496,E2,demand,sd,sd:demand:5451,2725.800048828125,2712.78705078125,26434.0,45,7.4,0,1,0,5,5
2025-01-21 09:00:00,5496,E4,demand,ob_swing,ob_swing:demand:5480,2732.60009765625,2729.199951171875,,16,,0,1,0,5,5
2025-01-21 09:00:00,5496,E4,demand,ob_internal,ob_internal:demand:5480,2732.60009765625,2729.199951171875,,16,,0,1,0,5,5
2025-01-21 09:00:00,5496,E5,demand,fvg,fvg:demand:5449,2726.199951171875,2725.800048828125,,47,,0,1,0,5,5
2025-01-21 10:00:00,5497,E5,supply,fvg,fvg:supply:5496,2736.0,2735.5,,1,,0,0,1,3,3
2025-01-21 14:00:00,5501,E1,supply,sd,sd:supply:4948,2787.4078955078126,2748.89990234375,-24818.0,553,7.0,2,0,0,3,10
2025-01-21 14:00:00,5501,E1,supply,sd,sd:supply:4345,2760.5258984375,2747.89990234375,-41797.0,1156,11.7,8,0,0,3,10
2025-01-22 00:00:00,5510,E1,supply,sd,sd:supply:4323,2774.6489501953124,2762.199951171875,-48620.0,1187,15.4,0,0,0,5,10
2025-01-22 00:00:00,5510,E4,supply,ob_internal,ob_internal:supply:4323,2772.39990234375,2762.199951171875,,1187,,0,0,0,5,10
2025-01-22 02:00:00,5512,E5,demand,fvg,fvg:demand:5511,2761.10009765625,2759.39990234375,,1,,0,0,0,10,10
2025-01-22 06:00:00,5516,E5,demand,fvg,fvg:demand:5514,2765.699951171875,2765.60009765625,,2,,0,0,0,10,10
2025-01-22 11:00:00,5521,E5,demand,fvg,fvg:demand:5520,2769.0,2767.800048828125,,1,,0,0,1,2,2
2025-01-22 12:00:00,5522,E5,demand,fvg,fvg:demand:5519,2766.699951171875,2766.5,,3,,0,0,1,1,1
2025-01-23 02:00:00,5535,E1,supply,sd,sd:supply:4323,2774.6489501953124,2762.199951171875,-48620.0,1212,15.4,1,1,0,7,7
2025-01-23 09:00:00,5542,E5,demand,fvg,fvg:demand:5502,2747.89990234375,2743.0,,40,,0,0,0,4,7
2025-01-23 11:00:00,5544,E5,supply,fvg,fvg:supply:5543,2759.60009765625,2759.0,,1,,0,1,0,2,2
2025-01-23 14:00:00,5547,E1,supply,sd,sd:supply:4948,2787.4078955078126,2748.89990234375,-24818.0,599,7.9,3,0,0,2,10
2025-01-23 14:00:00,5547,E5,supply,fvg,fvg:supply:5546,2756.800048828125,2752.89990234375,,1,,0,0,1,2,2
2025-01-23 16:00:00,5549,E1,supply,sd,sd:supply:4323,2774.6489501953124,2762.199951171875,-48620.0,1226,15.4,2,0,1,7,9
2025-01-23 16:00:00,5549,E4,supply,ob_internal,ob_internal:supply:5542,2764.60009765625,2759.800048828125,,7,,0,0,1,7,9
2025-01-23 23:00:00,5555,E5,supply,fvg,fvg:supply:5554,2762.60009765625,2762.199951171875,,1,,0,0,1,1,1
2025-01-24 00:00:00,5556,E4,supply,ob_swing,ob_swing:supply:5542,2773.0,2767.10009765625,,14,,0,0,1,2,2
2025-01-24 03:00:00,5559,E1,supply,sd,sd:supply:4297,2796.161005859375,2784.0,-61384.0,1262,23.0,0,0,0,8,10
2025-01-24 03:00:00,5559,E5,supply,fvg,fvg:supply:4297,2787.5,2784.5,,1262,,0,0,0,8,10
2025-01-24 04:00:00,5560,E5,demand,fvg,fvg:demand:5559,2778.699951171875,2771.0,,1,,0,1,0,9,9
2025-01-24 16:00:00,5572,E1,supply,sd,sd:supply:4297,2796.161005859375,2784.0,-61384.0,1275,25.3,1,1,0,9,9
2025-01-24 16:00:00,5572,E4,demand,ob_internal,ob_internal:demand:5568,2782.199951171875,2776.300048828125,,4,,0,0,1,6,6
2025-01-26 23:00:00,5578,E5,demand,fvg,fvg:demand:5557,2766.5,2762.699951171875,,21,,0,0,1,3,7
2025-01-26 23:00:00,5578,E5,demand,fvg,fvg:demand:5558,2770.800048828125,2769.0,,20,,0,0,1,3,3
2025-01-27 01:00:00,5580,E5,supply,fvg,fvg:supply:5579,2776.89990234375,2775.89990234375,,1,,0,1,0,6,6
2025-01-27 02:00:00,5581,E4,demand,ob_internal,ob_internal:demand:5556,2767.10009765625,2759.0,,25,,0,0,0,5,9
2025-01-27 02:00:00,5581,E5,demand,fvg,fvg:demand:5550,2759.0,2756.0,,31,,0,0,0,5,9
2025-01-27 09:00:00,5588,E5,supply,fvg,fvg:supply:5581,2771.10009765625,2769.10009765625,,7,,0,0,0,1,5
2025-01-27 12:00:00,5591,E5,demand,fvg,fvg:demand:5589,2767.300048828125,2764.39990234375,,2,,0,0,1,1,1
2025-01-27 13:00:00,5592,E2,demand,sd,sd:demand:5590,2761.5,2749.0110107421874,36645.0,2,11.3,0,0,1,1,3
2025-01-27 15:00:00,5594,E4,demand,ob_internal,ob_internal:demand:5550,2752.89990234375,2741.0,,44,,0,0,1,1,2
2025-01-27 15:00:00,5594,E4,demand,ob_swing,ob_swing:demand:5558,2752.89990234375,2741.0,,36,,0,0,1,1,2
2025-01-27 16:00:00,5595,E2,demand,sd,sd:demand:5501,2735.5,2722.707998046875,50294.0,94,13.6,0,0,0,10,10
2025-01-27 16:00:00,5595,E5,demand,fvg,fvg:demand:5500,2735.89990234375,2735.699951171875,,95,,0,0,0,10,10
2025-01-27 18:00:00,5597,E5,supply,fvg,fvg:supply:5596,2742.10009765625,2739.10009765625,,1,,0,0,0,4,10
2025-01-27 23:00:00,5601,E5,supply,fvg,fvg:supply:5595,2747.699951171875,2746.699951171875,,6,,0,0,0,10,10
2025-01-28 08:00:00,5610,E5,demand,fvg,fvg:demand:5599,2740.39990234375,2740.10009765625,,11,,0,1,0,6,6
2025-01-28 14:00:00,5616,E5,supply,fvg,fvg:supply:5594,2756.39990234375,2754.699951171875,,22,,0,0,1,2,1
2025-01-28 15:00:00,5617,E5,supply,fvg,fvg:supply:5593,2765.300048828125,2762.0,,24,,0,0,1,1,3
2025-01-28 16:00:00,5618,E4,supply,ob_internal,ob_internal:supply:5594,2776.5,2765.300048828125,,24,,0,0,0,2,10
2025-01-28 16:00:00,5618,E5,supply,fvg,fvg:supply:5592,2769.5,2767.300048828125,,26,,0,0,0,2,10
2025-01-28 18:00:00,5620,E1,supply,sd,sd:supply:5593,2782.2419921875,2769.5,-54816.0,27,14.2,0,0,0,10,10
2025-01-28 20:00:00,5622,E5,demand,fvg,fvg:demand:5621,2771.300048828125,2768.89990234375,,1,,0,0,0,9,10
2025-01-29 07:00:00,5632,E5,demand,fvg,fvg:demand:5619,2764.800048828125,2762.800048828125,,13,,0,1,0,1,1
2025-01-29 08:00:00,5633,E1,supply,sd,sd:supply:5593,2782.2419921875,2769.5,-54816.0,40,14.2,1,0,0,6,10
2025-01-29 08:00:00,5633,E5,supply,fvg,fvg:supply:5632,2767.39990234375,2767.10009765625,,1,,0,0,1,6,1
2025-01-29 10:00:00,5635,E5,demand,fvg,fvg:demand:5634,2769.10009765625,2767.10009765625,,1,,0,1,0,4,4
2025-01-29 15:00:00,5640,E2,demand,sd,sd:demand:5638,2771.199951171875,2758.9409619140624,26801.0,2,7.1,0,0,0,3,10
2025-01-29 15:00:00,5640,E4,demand,ob_internal,ob_internal:demand:5639,2772.60009765625,2764.699951171875,,1,,0,0,0,3,10
2025-01-29 15:00:00,5640,E5,demand,fvg,fvg:demand:5639,2772.10009765625,2769.300048828125,,1,,0,0,1,3,4
2025-01-29 18:00:00,5643,E1,supply,sd,sd:supply:5593,2782.2419921875,2769.5,-54816.0,50,13.3,2,0,0,1,10
2025-01-29 19:00:00,5644,E1,supply,sd,sd:supply:5642,2784.4320849609376,2772.10009765625,-33247.0,2,8.1,0,0,0,10,10
2025-01-30 02:00:00,5650,E2,demand,sd,sd:demand:5638,2771.199951171875,2758.9409619140624,26801.0,12,6.5,1,1,0,5,5
2025-01-30 06:00:00,5654,E1,supply,sd,sd:supply:5642,2784.4320849609376,2772.10009765625,-33247.0,12,8.1,1,0,1,1,2
2025-01-30 07:00:00,5655,E4,supply,ob_internal,ob_internal:supply:5578,2794.800048828125,2782.199951171875,,77,,0,0,1,1,1
2025-01-30 07:00:00,5655,E4,supply,ob_swing,ob_swing:supply:5595,2794.800048828125,2782.199951171875,,60,,0,0,1,1,1
2025-01-30 08:00:00,5656,E1,supply,sd,sd:supply:5572,2797.6449926757814,2785.0,-71798.0,84,20.1,0,1,0,1,1
2025-01-30 08:00:00,5656,E1,supply,sd,sd:supply:4297,2796.161005859375,2784.0,-61384.0,1359,17.2,2,1,0,1,1
2025-01-30 15:00:00,5663,E2,demand,sd,sd:demand:5662,2817.199951171875,2803.324951171875,78618.0,1,34.8,0,0,0,1,10
2025-01-31 17:00:00,5688,E2,demand,sd,sd:demand:5662,2817.199951171875,2803.324951171875,78618.0,26,34.8,1,0,0,1,10
2025-02-03 02:00:00,5696,E5,demand,fvg,fvg:demand:5656,2782.300048828125,2779.5,,40,,0,0,0,10,10
2025-02-03 02:00:00,5696,E5,demand,fvg,fvg:demand:5657,2786.60009765625,2783.800048828125,,39,,0,0,0,10,10
2025-02-03 08:00:00,5702,E1,supply,sd,sd:supply:5688,2844.6249462890623,2824.699951171875,-49373.0,14,18.0,0,0,0,6,10
2025-02-03 10:00:00,5704,E2,demand,sd,sd:demand:5662,2817.199951171875,2803.324951171875,78618.0,42,28.6,2,0,0,10,10
2025-02-03 10:00:00,5704,E5,demand,fvg,fvg:demand:5701,2817.5,2816.199951171875,,3,,0,0,0,10,10
2025-02-03 10:00:00,5704,E5,demand,fvg,fvg:demand:5702,2819.699951171875,2819.39990234375,,2,,0,0,0,10,10
2025-02-03 10:00:00,5704,E5,demand,fvg,fvg:demand:5703,2827.800048828125,2824.300048828125,,1,,0,0,0,10,10
2025-02-04 10:00:00,5727,E2,demand,sd,sd:demand:5662,2817.199951171875,2803.324951171875,78618.0,65,34.8,3,0,0,10,10
2025-02-04 19:00:00,5736,E5,demand,fvg,fvg:demand:5735,2872.800048828125,2872.5,,1,,0,0,0,10,10
2025-02-05 10:00:00,5750,E5,demand,fvg,fvg:demand:5749,2892.10009765625,2890.5,,1,,0,0,0,3,10
2025-02-05 13:00:00,5753,E5,demand,fvg,fvg:demand:5748,2889.60009765625,2888.800048828125,,5,,0,0,0,10,10
2025-02-05 17:00:00,5757,E4,demand,ob_internal,ob_internal:demand:5755,2895.800048828125,2878.800048828125,,2,,0,0,0,2,10
2025-02-05 21:00:00,5761,E5,supply,fvg,fvg:supply:5760,2885.89990234375,2885.800048828125,,1,,0,0,0,10,10
2025-02-06 01:00:00,5764,E5,supply,fvg,fvg:supply:5759,2891.699951171875,2889.199951171875,,5,,0,1,0,7,7
2025-02-06 07:00:00,5770,E4,demand,ob_internal,ob_internal:demand:5742,2877.10009765625,2868.699951171875,,28,,0,1,0,5,5
2025-02-06 09:00:00,5772,E5,supply,fvg,fvg:supply:5770,2884.89990234375,2882.199951171875,,2,,0,0,1,3,3
2025-02-06 11:00:00,5774,E4,supply,ob_internal,ob_internal:supply:5769,2893.0,2887.300048828125,,5,,0,1,0,3,3
2025-02-06 13:00:00,5776,E5,demand,fvg,fvg:demand:5775,2886.699951171875,2884.39990234375,,1,,0,0,1,1,1
2025-02-06 16:00:00,5779,E5,supply,fvg,fvg:supply:5778,2878.0,2877.60009765625,,1,,0,0,1,7,8
2025-02-06 20:00:00,5783,E1,supply,sd,sd:supply:5777,2911.751955566406,2881.699951171875,-48367.0,6,14.3,0,0,0,4,10
2025-02-07 00:00:00,5786,E5,supply,fvg,fvg:supply:5777,2886.699951171875,2884.699951171875,,9,,0,0,1,1,9
2025-02-07 01:00:00,5787,E4,supply,ob_internal,ob_internal:supply:5777,2894.199951171875,2886.699951171875,,10,,0,0,0,8,10
2025-02-07 03:00:00,5789,E5,demand,fvg,fvg:demand:5788,2888.89990234375,2884.699951171875,,1,,0,0,1,10,10
2025-02-07 07:00:00,5793,E5,supply,fvg,fvg:supply:5792,2888.5,2888.39990234375,,1,,0,0,1,2,2
2025-02-07 09:00:00,5795,E1,supply,sd,sd:supply:5759,2925.06794921875,2895.199951171875,-44643.0,36,13.2,0,1,0,4,4
2025-02-07 12:00:00,5798,E4,demand,ob_internal,ob_internal:demand:5795,2888.39990234375,2882.800048828125,,3,,0,0,1,1,1
2025-02-07 13:00:00,5799,E5,demand,fvg,fvg:demand:5784,2879.5,2878.10009765625,,15,,0,0,0,1,1
2025-02-07 16:00:00,5802,E4,demand,ob_internal,ob_internal:demand:5800,2893.0,2876.10009765625,,2,,0,0,0,10,10
2025-02-07 16:00:00,5802,E5,demand,fvg,fvg:demand:5801,2896.10009765625,2893.0,,1,,0,0,1,10,1
2025-02-07 18:00:00,5804,E5,supply,fvg,fvg:supply:5803,2896.10009765625,2887.60009765625,,1,,0,0,1,4,10
2025-02-09 23:00:00,5808,E1,supply,sd,sd:supply:5759,2925.06794921875,2895.199951171875,-44643.0,49,13.2,1,0,0,2,10
2025-02-10 14:00:00,5823,E5,demand,fvg,fvg:demand:5818,2923.39990234375,2922.0,,5,,0,1,0,10,10
2025-02-11 02:00:00,5834,E2,demand,sd,sd:demand:5828,2937.60009765625,2906.784089355469,18872.0,6,8.8,0,0,0,5,10
2025-02-11 02:00:00,5834,E5,demand,fvg,fvg:demand:5831,2936.0,2935.60009765625,,3,,0,0,1,5,10
2025-02-11 02:00:00,5834,E5,demand,fvg,fvg:demand:5832,2941.800048828125,2937.0,,2,,0,0,1,5,10
2025-02-11 05:00:00,5837,E1,supply,sd,sd:supply:5836,2977.161057128906,2945.800048828125,-33400.0,1,13.5,0,1,0,4,4
2025-02-11 09:00:00,5841,E4,demand,ob_internal,ob_internal:demand:5831,2932.300048828125,2925.39990234375,,10,,0,0,1,3,3
2025-02-11 11:00:00,5843,E5,supply,fvg,fvg:supply:5842,2933.60009765625,2933.39990234375,,1,,0,1,0,2,2
2025-02-11 12:00:00,5844,E5,demand,fvg,fvg:demand:5817,2918.0,2916.5,,27,,0,0,0,1,10
2025-02-11 13:00:00,5845,E5,demand,fvg,fvg:demand:5816,2912.10009765625,2906.0,,29,,0,0,0,10,10
2025-02-11 14:00:00,5846,E5,supply,fvg,fvg:supply:5845,2928.60009765625,2925.0,,1,,0,0,0,1,10
2025-02-12 02:00:00,5857,E5,supply,fvg,fvg:supply:5856,2925.60009765625,2924.800048828125,,1,,0,0,0,10,10
2025-02-12 06:00:00,5861,E5,supply,fvg,fvg:supply:5859,2919.300048828125,2917.0,,2,,0,1,0,7,7
2025-02-12 08:00:00,5863,E5,demand,fvg,fvg:demand:5862,2916.300048828125,2913.5,,1,,0,0,1,2,2
2025-02-12 10:00:00,5865,E5,demand,fvg,fvg:demand:5815,2905.5,2904.60009765625,,50,,0,0,1,3,3
2025-02-12 12:00:00,5867,E1,supply,sd,sd:supply:5866,2940.2999047851563,2910.89990234375,-29007.0,1,9.4,0,1,0,1,1
2025-02-12 13:00:00,5868,E5,demand,fvg,fvg:demand:5809,2891.10009765625,2889.5,,59,,0,1,0,3,3
2025-02-12 13:00:00,5868,E5,demand,fvg,fvg:demand:5811,2896.39990234375,2896.0,,57,,0,1,0,3,3
2025-02-12 13:00:00,5868,E5,demand,fvg,fvg:demand:5814,2903.0,2902.0,,54,,0,1,0,3,3
2025-02-12 16:00:00,5871,E4,supply,ob_swing,ob_swing:supply:5866,2935.800048828125,2928.89990234375,,5,,0,0,0,10,10
2025-02-12 16:00:00,5871,E5,supply,fvg,fvg:supply:5852,2931.10009765625,2930.10009765625,,19,,0,0,1,10,10
2025-02-12 16:00:00,5871,E5,supply,fvg,fvg:supply:5853,2928.699951171875,2928.39990234375,,18,,0,0,1,10,10
2025-02-12 18:00:00,5873,E5,demand,fvg,fvg:demand:5872,2929.10009765625,2923.89990234375,,1,,0,1,0,9,9
2025-02-12 21:00:00,5876,E5,supply,fvg,fvg:supply:5874,2929.10009765625,2928.0,,2,,0,0,1,5,5
2025-02-12 21:00:00,5876,E5,supply,fvg,fvg:supply:5875,2926.60009765625,2926.199951171875,,1,,0,0,1,5,4
2025-02-13 03:00:00,5881,E1,supply,sd,sd:supply:5836,2977.161057128906,2945.800048828125,-33400.0,45,10.7,1,0,0,10,10
2025-02-13 06:00:00,5884,E5,demand,fvg,fvg:demand:5882,2943.5,2937.5,,2,,0,0,0,7,10
2025-02-13 09:00:00,5887,E1,supply,sd,sd:supply:5886,2969.161003417969,2943.5,-28092.0,1,9.0,0,0,0,9,10
2025-02-13 15:00:00,5893,E1,supply,sd,sd:supply:5836,2977.161057128906,2945.800048828125,-33400.0,57,10.7,2,0,0,4,10
2025-02-13 23:00:00,5900,E5,demand,fvg,fvg:demand:5899,2956.89990234375,2955.89990234375,,1,,0,0,0,10,10
2025-02-14 07:00:00,5908,E5,demand,fvg,fvg:demand:5907,2958.199951171875,2956.60009765625,,1,,0,0,1,6,6
2025-02-14 12:00:00,5913,E5,demand,fvg,fvg:demand:5897,2951.199951171875,2948.699951171875,,16,,0,0,1,1,1
2025-02-14 13:00:00,5914,E2,demand,sd,sd:demand:5897,2948.89990234375,2926.20390625,25694.0,17,8.7,0,0,1,1,2
2025-02-14 13:00:00,5914,E4,demand,ob_swing,ob_swing:demand:5896,2946.800048828125,2932.699951171875,,18,,0,0,1,1,2
2025-02-14 13:00:00,5914,E4,demand,ob_internal,ob_internal:demand:5896,2946.800048828125,2932.699951171875,,18,,0,0,1,1,2
2025-02-14 14:00:00,5915,E1,supply,sd,sd:supply:5886,2969.161003417969,2943.5,-28092.0,29,9.5,1,1,0,1,1
2025-02-14 14:00:00,5915,E1,supply,sd,sd:supply:5836,2977.161057128906,2945.800048828125,-33400.0,79,11.3,3,1,0,1,1
2025-02-14 15:00:00,5916,E2,demand,sd,sd:demand:5871,2912.199951171875,2883.4239453125,55282.0,45,15.8,0,0,0,1,10
2025-02-14 15:00:00,5916,E5,demand,fvg,fvg:demand:5870,2912.89990234375,2912.199951171875,,46,,0,0,1,1,2
2025-02-14 16:00:00,5917,E4,demand,ob_internal,ob_internal:demand:5869,2912.199951171875,2886.5,,48,,0,0,0,1,10
2025-02-14 16:00:00,5917,E4,demand,ob_swing,ob_swing:demand:5880,2912.199951171875,2886.5,,37,,0,0,0,1,10
2025-02-16 23:00:00,5923,E4,demand,ob_internal,ob_internal:demand:5800,2893.0,2876.10009765625,,123,,1,1,0,4,4
2025-02-16 23:00:00,5923,E5,supply,fvg,fvg:supply:5919,2903.39990234375,2902.5,,4,,0,0,1,2,4
2025-02-17 04:00:00,5928,E2,demand,sd,sd:demand:5871,2912.199951171875,2883.4239453125,55282.0,57,15.0,1,1,0,8,8
2025-02-17 04:00:00,5928,E4,demand,ob_internal,ob_internal:demand:5869,2912.199951171875,2886.5,,59,,1,1,0,8,8
2025-02-17 04:00:00,5928,E4,demand,ob_swing,ob_swing:demand:5880,2912.199951171875,2886.5,,48,,1,1,0,8,8
2025-02-17 04:00:00,5928,E5,demand,fvg,fvg:demand:5927,2910.10009765625,2908.699951171875,,1,,0,1,0,8,8
2025-02-18 05:00:00,5929,E5,supply,fvg,fvg:supply:5917,2932.5,2919.300048828125,,12,,0,0,1,8,9
2025-02-18 07:00:00,5931,E5,demand,fvg,fvg:demand:5929,2923.199951171875,2916.39990234375,,2,,0,1,0,7,7
2025-02-18 07:00:00,5931,E5,demand,fvg,fvg:demand:5930,2923.699951171875,2915.800048828125,,1,,0,1,0,7,7
2025-02-18 14:00:00,5938,E1,supply,sd,sd:supply:5886,2969.161003417969,2943.5,-28092.0,52,7.6,2,0,0,5,10
2025-02-18 14:00:00,5938,E1,supply,sd,sd:supply:5836,2977.161057128906,2945.800048828125,-33400.0,102,9.1,4,0,0,5,10
2025-02-18 16:00:00,5940,E5,supply,fvg,fvg:supply:5915,2950.300048828125,2948.199951171875,,25,,0,0,1,10,8
2025-02-18 18:00:00,5942,E5,demand,fvg,fvg:demand:5941,2948.10009765625,2947.300048828125,,1,,0,0,0,7,10
2025-02-19 01:00:00,5948,E1,supply,sd,sd:supply:5915,2977.7390966796875,2958.60009765625,-55782.0,33,15.3,0,1,0,1,1
2025-02-19 01:00:00,5948,E5,supply,fvg,fvg:supply:5913,2958.60009765625,2956.89990234375,,35,,0,1,0,1,1
2025-02-19 05:00:00,5952,E1,supply,sd,sd:supply:5836,2977.161057128906,2945.800048828125,-33400.0,116,9.2,5,0,0,3,10
2025-02-19 07:00:00,5954,E5,demand,fvg,fvg:demand:5953,2947.199951171875,2947.10009765625,,1,,0,0,1,8,9
2025-02-19 09:00:00,5956,E4,supply,ob_internal,ob_internal:supply:5914,2964.10009765625,2958.60009765625,,42,,0,1,0,5,5
2025-02-19 09:00:00,5956,E4,supply,ob_swing,ob_swing:supply:5916,2964.10009765625,2958.60009765625,,40,,0,1,0,5,5
2025-02-19 11:00:00,5958,E5,demand,fvg,fvg:demand:5956,2955.300048828125,2953.60009765625,,2,,0,0,1,4,4
2025-02-19 11:00:00,5958,E5,demand,fvg,fvg:demand:5957,2960.0,2957.39990234375,,1,,0,0,1,4,1
2025-02-19 13:00:00,5960,E1,supply,sd,sd:supply:5915,2977.7390966796875,2958.60009765625,-55782.0,45,15.3,1,1,0,4,4
2025-02-19 13:00:00,5960,E5,supply,fvg,fvg:supply:5959,2960.0,2955.0,,1,,0,1,0,4,4
2025-02-19 16:00:00,5963,E1,supply,sd,sd:supply:5886,2969.161003417969,2943.5,-28092.0,77,7.7,3,0,0,7,10
2025-02-19 16:00:00,5963,E1,supply,sd,sd:supply:5836,2977.161057128906,2945.800048828125,-33400.0,127,9.2,6,0,0,7,10
2025-02-19 16:00:00,5963,E5,demand,fvg,fvg:demand:5939,2940.300048828125,2937.199951171875,,24,,0,0,0,2,10
2025-02-20 00:00:00,5970,E4,supply,ob_internal,ob_internal:supply:5962,2964.39990234375,2955.300048828125,,8,,0,0,1,6,7
2025-02-20 01:00:00,5971,E1,supply,sd,sd:supply:5915,2977.7390966796875,2958.60009765625,-55782.0,56,15.3,2,0,0,2,10
2025-02-20 10:00:00,5980,E5,demand,fvg,fvg:demand:5978,2967.10009765625,2966.0,,2,,0,0,1,2,2
2025-02-20 12:00:00,5982,E5,demand,fvg,fvg:demand:5976,2961.800048828125,2959.699951171875,,6,,0,0,1,1,1
2025-02-20 14:00:00,5984,E5,demand,fvg,fvg:demand:5967,2947.0,2942.39990234375,,17,,0,0,0,10,10
2025-02-20 14:00:00,5984,E5,demand,fvg,fvg:demand:5968,2948.60009765625,2948.0,,16,,0,0,0,10,10
2025-02-20 16:00:00,5986,E1,supply,sd,sd:supply:5915,2977.7390966796875,2958.60009765625,-55782.0,71,15.1,3,1,0,10,10
2025-02-21 00:00:00,5993,E5,demand,fvg,fvg:demand:5992,2954.800048828125,2954.39990234375,,1,,0,0,1,1,1
2025-02-21 02:00:00,5995,E1,supply,sd,sd:supply:5836,2977.161057128906,2945.800048828125,-33400.0,159,9.0,7,1,0,6,6
2025-02-21 04:00:00,5997,E4,demand,ob_swing,ob_swing:demand:5976,2942.39990234375,2933.699951171875,,21,,0,0,0,4,10
2025-02-21 04:00:00,5997,E4,demand,ob_internal,ob_internal:demand:5976,2942.39990234375,2933.699951171875,,21,,0,0,0,4,10
2025-02-21 08:00:00,6001,E5,demand,fvg,fvg:demand:5938,2933.60009765625,2932.699951171875,,63,,0,1,0,9,9
2025-02-21 12:00:00,6005,E1,supply,sd,sd:supply:5836,2977.161057128906,2945.800048828125,-33400.0,169,9.0,8,0,0,2,10
2025-02-21 17:00:00,6010,E2,demand,sd,sd:demand:6007,2950.199951171875,2933.403962402344,30338.0,3,8.1,0,0,0,6,10
2025-02-21 18:00:00,6011,E1,supply,sd,sd:supply:5915,2977.7390966796875,2958.60009765625,-55782.0,96,15.0,4,1,0,6,6
2025-02-21 19:00:00,6012,E5,demand,fvg,fvg:demand:6010,2949.89990234375,2949.699951171875,,2,,0,0,1,5,5
2025-02-24 01:00:00,6017,E1,supply,sd,sd:supply:5836,2977.161057128906,2945.800048828125,-33400.0,181,9.0,9,0,0,1,10
2025-02-24 02:00:00,6018,E5,supply,fvg,fvg:supply:6017,2947.60009765625,2945.89990234375,,1,,0,0,1,6,1
2025-02-24 04:00:00,6020,E5,demand,fvg,fvg:demand:6019,2952.800048828125,2945.89990234375,,1,,0,1,0,10,10
2025-02-24 05:00:00,6021,E2,demand,sd,sd:demand:6007,2950.199951171875,2933.403962402344,30338.0,14,8.1,1,1,0,8,8
2025-02-24 08:00:00,6024,E1,supply,sd,sd:supply:5915,2977.7390966796875,2958.60009765625,-55782.0,109,15.0,5,0,0,5,10
2025-02-24 13:00:00,6029,E1,supply,sd,sd:supply:5983,2983.1009350585937,2966.699951171875,-33933.0,46,9.1,0,1,0,1,1
2025-02-24 14:00:00,6030,E5,demand,fvg,fvg:demand:6028,2960.10009765625,2959.5,,2,,0,0,1,10,1
2025-02-24 15:00:00,6031,E2,demand,sd,sd:demand:6007,2950.199951171875,2933.403962402344,30338.0,24,8.1,2,0,0,10,10
2025-02-24 16:00:00,6032,E5,supply,fvg,fvg:supply:6031,2961.39990234375,2956.39990234375,,1,,0,0,0,5,10
2025-02-24 18:00:00,6034,E1,supply,sd,sd:supply:5915,2977.7390966796875,2958.60009765625,-55782.0,119,15.0,6,0,0,10,10
2025-02-24 20:00:00,6036,E5,demand,fvg,fvg:demand:6035,2961.699951171875,2960.5,,1,,0,0,1,6,7
2025-02-25 00:00:00,6039,E1,supply,sd,sd:supply:5983,2983.1009350585937,2966.699951171875,-33933.0,56,9.1,1,1,0,6,6
2025-02-25 06:00:00,6045,E2,demand,sd,sd:demand:6007,2950.199951171875,2933.403962402344,30338.0,38,8.1,3,0,1,1,9
2025-02-25 07:00:00,6046,E4,demand,ob_swing,ob_swing:demand:6024,2945.89990234375,2936.800048828125,,22,,0,0,1,5,8
2025-02-25 07:00:00,6046,E4,demand,ob_internal,ob_internal:demand:6024,2945.89990234375,2936.800048828125,,22,,0,0,1,5,8
2025-02-25 08:00:00,6047,E1,supply,sd,sd:supply:5836,2977.161057128906,2945.800048828125,-33400.0,211,9.0,10,1,0,4,4
2025-02-25 09:00:00,6048,E5,supply,fvg,fvg:supply:6043,2963.10009765625,2956.800048828125,,5,,0,1,0,3,3
2025-02-25 14:00:00,6053,E1,supply,sd,sd:supply:5915,2977.7390966796875,2958.60009765625,-55782.0,138,15.0,7,1,0,1,1
2025-02-25 15:00:00,6054,E2,demand,sd,sd:demand:5938,2926.300048828125,2909.7320556640625,38973.0,116,10.4,0,0,1,1,1
2025-02-25 15:00:00,6054,E2,demand,sd,sd:demand:5871,2912.199951171875,2883.4239453125,55282.0,183,14.8,2,0,0,1,9
2025-02-25 16:00:00,6055,E4,demand,ob_internal,ob_internal:demand:5869,2912.199951171875,2886.5,,186,,2,1,0,7,7
2025-02-25 16:00:00,6055,E4,demand,ob_swing,ob_swing:demand:5880,2912.199951171875,2886.5,,175,,2,1,0,7,7
2025-02-25 16:00:00,6055,E5,demand,fvg,fvg:demand:5926,2905.39990234375,2898.699951171875,,129,,0,1,0,7,7
2025-02-25 17:00:00,6056,E5,supply,fvg,fvg:supply:6055,2945.60009765625,2919.300048828125,,1,,0,0,0,6,10
2025-02-26 01:00:00,6063,E1,supply,sd,sd:supply:6055,2955.759919433594,2938.699951171875,-101869.0,8,22.1,0,0,0,10,10
2025-02-26 01:00:00,6063,E5,demand,fvg,fvg:demand:6062,2931.5,2930.800048828125,,1,,0,0,1,5,5
2025-02-26 04:00:00,6066,E5,demand,fvg,fvg:demand:6061,2927.699951171875,2926.10009765625,,5,,0,0,1,10,10
2025-02-26 07:00:00,6069,E2,demand,sd,sd:demand:6058,2919.300048828125,2902.176083984375,28008.0,11,6.1,0,0,0,7,10
2025-02-26 14:00:00,6076,E2,demand,sd,sd:demand:5871,2912.199951171875,2883.4239453125,55282.0,205,12.0,3,1,0,7,7
2025-02-26 15:00:00,6077,E4,supply,ob_internal,ob_internal:supply:6076,2932.5,2924.60009765625,,1,,0,0,0,10,10
2025-02-26 15:00:00,6077,E5,supply,fvg,fvg:supply:6076,2923.39990234375,2919.5,,1,,0,0,1,10,6
2025-02-27 00:00:00,6085,E4,demand,ob_internal,ob_internal:demand:6084,2932.10009765625,2924.60009765625,,1,,0,0,1,2,4
2025-02-27 02:00:00,6087,E2,demand,sd,sd:demand:6058,2919.300048828125,2902.176083984375,28008.0,29,6.1,1,0,1,2,6
2025-02-27 02:00:00,6087,E5,demand,fvg,fvg:demand:6078,2924.60009765625,2919.5,,9,,0,0,1,2,2
2025-02-27 04:00:00,6089,E2,demand,sd,sd:demand:5871,2912.199951171875,2883.4239453125,55282.0,218,12.0,4,0,0,1,10
2025-02-27 05:00:00,6090,E4,demand,ob_internal,ob_internal:demand:5869,2912.199951171875,2886.5,,221,,3,0,0,3,10
2025-02-27 05:00:00,6090,E4,demand,ob_swing,ob_swing:demand:5880,2912.199951171875,2886.5,,210,,3,0,0,3,10
2025-02-27 08:00:00,6093,E4,demand,ob_internal,ob_internal:demand:5800,2893.0,2876.10009765625,,293,,2,0,0,6,10
2025-02-27 14:00:00,6099,E4,demand,ob_swing,ob_swing:demand:5815,2887.60009765625,2877.800048828125,,284,,0,0,0,10,10
2025-02-27 14:00:00,6099,E4,demand,ob_internal,ob_internal:demand:5815,2887.60009765625,2877.800048828125,,284,,0,0,0,10,10
2025-02-27 18:00:00,6103,E4,supply,ob_internal,ob_internal:supply:6099,2908.300048828125,2898.60009765625,,4,,0,1,0,8,8
2025-02-27 19:00:00,6104,E4,demand,ob_internal,ob_internal:demand:5800,2893.0,2876.10009765625,,304,,3,0,0,7,10
2025-02-27 19:00:00,6104,E5,demand,fvg,fvg:demand:6103,2894.5,2891.39990234375,,1,,0,0,1,7,7
2025-02-28 00:00:00,6108,E5,supply,fvg,fvg:supply:6105,2894.5,2890.60009765625,,3,,0,1,0,4,4
2025-02-28 05:00:00,6113,E5,supply,fvg,fvg:supply:6112,2882.699951171875,2878.0,,1,,0,1,0,9,9
2025-02-28 09:00:00,6117,E5,supply,fvg,fvg:supply:6116,2874.10009765625,2872.39990234375,,1,,0,1,0,5,5
2025-02-28 14:00:00,6122,E2,demand,sd,sd:demand:5731,2847.39990234375,2818.1069140625,46755.0,391,9.9,0,1,0,2,2
2025-02-28 16:00:00,6124,E5,supply,fvg,fvg:supply:6122,2866.89990234375,2864.300048828125,,2,,0,0,1,5,6
2025-02-28 21:00:00,6129,E4,supply,ob_internal,ob_internal:supply:6121,2877.300048828125,2866.89990234375,,8,,0,0,1,1,1
2025-03-02 23:00:00,6130,E1,supply,sd,sd:supply:6122,2888.3580615234373,2871.10009765625,-54520.0,8,10.4,0,0,0,10,10
2025-03-03 01:00:00,6132,E5,demand,fvg,fvg:demand:6131,2876.300048828125,2869.89990234375,,1,,0,0,0,2,10
2025-03-03 08:00:00,6139,E5,supply,fvg,fvg:supply:6135,2878.10009765625,2878.0,,4,,0,0,1,4,4
2025-03-03 12:00:00,6143,E4,supply,ob_internal,ob_internal:supply:6111,2896.10009765625,2885.800048828125,,32,,0,0,1,2,4
2025-03-03 13:00:00,6144,E5,demand,fvg,fvg:demand:6142,2881.89990234375,2881.5,,2,,0,1,0,2,2
2025-03-03 15:00:00,6146,E4,supply,ob_internal,ob_internal:supply:6099,2908.300048828125,2898.60009765625,,47,,1,0,0,10,10
2025-03-03 19:00:00,6150,E5,demand,fvg,fvg:demand:6147,2895.800048828125,2895.0,,3,,0,0,0,10,10
2025-03-03 20:00:00,6151,E1,supply,sd,sd:supply:6150,2913.3240185546874,2895.800048828125,-24857.0,1,5.0,0,0,0,10,10
2025-03-04 03:00:00,6157,E4,supply,ob_internal,ob_internal:supply:6099,2908.300048828125,2898.60009765625,,58,,2,0,1,4,5
2025-03-04 07:00:00,6161,E5,supply,fvg,fvg:supply:6091,2910.699951171875,2910.5,,70,,0,0,1,1,1
2025-03-04 08:00:00,6162,E5,supply,fvg,fvg:supply:6087,2931.10009765625,2929.10009765625,,75,,0,0,0,4,10
2025-03-04 08:00:00,6162,E5,supply,fvg,fvg:supply:6088,2926.10009765625,2922.39990234375,,74,,0,0,1,4,4
2025-03-04 08:00:00,6162,E5,supply,fvg,fvg:supply:6090,2918.10009765625,2913.10009765625,,72,,0,0,1,4,1
2025-03-04 11:00:00,6165,E4,supply,ob_internal,ob_internal:supply:6087,2935.800048828125,2930.89990234375,,78,,0,1,0,4,4
2025-03-04 11:00:00,6165,E4,supply,ob_swing,ob_swing:supply:6093,2935.800048828125,2930.89990234375,,72,,0,1,0,4,4
2025-03-04 13:00:00,6167,E1,supply,sd,sd:supply:6055,2955.759919433594,2938.699951171875,-101869.0,112,22.1,1,1,0,1,1
2025-03-04 14:00:00,6168,E5,demand,fvg,fvg:demand:6163,2922.699951171875,2910.800048828125,,5,,0,0,0,10,10
2025-03-04 16:00:00,6170,E5,supply,fvg,fvg:supply:6169,2930.699951171875,2923.39990234375,,1,,0,0,0,10,10
2025-03-05 07:00:00,6184,E5,demand,fvg,fvg:demand:6183,2924.5,2923.300048828125,,1,,0,0,1,3,6
2025-03-05 13:00:00,6190,E5,demand,fvg,fvg:demand:6162,2906.10009765625,2899.89990234375,,28,,0,1,0,2,2
2025-03-05 15:00:00,6192,E4,supply,ob_swing,ob_swing:supply:6190,2933.699951171875,2924.5,,2,,0,0,0,1,10
2025-03-05 15:00:00,6192,E4,supply,ob_internal,ob_internal:supply:6190,2933.699951171875,2924.5,,2,,0,0,0,1,10
2025-03-05 16:00:00,6193,E1,supply,sd,sd:supply:6055,2955.759919433594,2938.699951171875,-101869.0,138,22.1,2,0,0,10,10
2025-03-05 17:00:00,6194,E2,demand,sd,sd:demand:6193,2927.60009765625,2909.195124511719,55362.0,1,11.3,0,0,0,10,10
2025-03-06 03:00:00,6203,E5,demand,fvg,fvg:demand:6202,2931.10009765625,2929.199951171875,,1,,0,0,1,4,4
2025-03-06 04:00:00,6204,E2,demand,sd,sd:demand:6193,2927.60009765625,2909.195124511719,55362.0,11,11.3,1,0,1,3,5
2025-03-06 06:00:00,6206,E5,supply,fvg,fvg:supply:6204,2931.10009765625,2930.300048828125,,2,,0,1,0,2,2
2025-03-06 09:00:00,6209,E2,demand,sd,sd:demand:6163,2899.89990234375,2882.2609448242188,33998.0,46,7.0,0,1,0,5,5
2025-03-06 09:00:00,6209,E4,demand,ob_internal,ob_internal:demand:6161,2903.89990234375,2892.5,,48,,0,1,0,5,5
2025-03-06 11:00:00,6211,E5,supply,fvg,fvg:supply:6209,2916.699951171875,2912.800048828125,,2,,0,0,1,3,4
2025-03-06 14:00:00,6214,E5,supply,fvg,fvg:supply:6208,2927.300048828125,2919.0,,6,,0,0,0,10,10
2025-03-06 15:00:00,6215,E1,supply,sd,sd:supply:6209,2945.233017578125,2927.300048828125,-36135.0,6,7.3,0,0,0,10,10
2025-03-07 08:00:00,6231,E1,supply,sd,sd:supply:6209,2945.233017578125,2927.300048828125,-36135.0,22,7.3,1,1,0,6,6
2025-03-07 10:00:00,6233,E5,demand,fvg,fvg:demand:6232,2927.699951171875,2925.0,,1,,0,0,1,3,3
2025-03-07 13:00:00,6236,E5,demand,fvg,fvg:demand:6231,2923.199951171875,2921.699951171875,,5,,0,0,0,1,1
2025-03-07 14:00:00,6237,E4,supply,ob_swing,ob_swing:supply:6207,2935.89990234375,2931.10009765625,,30,,0,1,0,1,1
2025-03-07 14:00:00,6237,E4,supply,ob_internal,ob_internal:supply:6207,2935.89990234375,2931.10009765625,,30,,0,1,0,1,1
2025-03-07 15:00:00,6238,E1,supply,sd,sd:supply:6055,2955.759919433594,2938.699951171875,-101869.0,183,20.5,3,0,0,10,10
2025-03-07 17:00:00,6240,E4,demand,ob_swing,ob_swing:demand:6237,2917.300048828125,2905.300048828125,,3,,0,0,0,10,10
2025-03-07 19:00:00,6242,E5,supply,fvg,fvg:supply:6241,2919.300048828125,2917.300048828125,,1,,0,0,0,3,10
2025-03-10 03:00:00,6250,E4,demand,ob_swing,ob_swing:demand:6237,2917.300048828125,2905.300048828125,,13,,1,0,0,5,10
2025-03-10 09:00:00,6256,E1,supply,sd,sd:supply:6240,2927.4859326171877,2909.199951171875,-78397.0,16,14.5,0,1,0,8,8
2025-03-10 16:00:00,6263,E4,demand,ob_internal,ob_internal:demand:6161,2903.89990234375,2892.5,,102,,1,0,1,1,8
2025-03-10 17:00:00,6264,E2,demand,sd,sd:demand:6163,2899.89990234375,2882.2609448242188,33998.0,101,6.3,1,0,0,10,10
2025-03-10 17:00:00,6264,E2,demand,sd,sd:demand:6147,2887.0,2869.3950341796876,49219.0,117,9.1,0,0,0,10,10
2025-03-10 19:00:00,6266,E5,supply,fvg,fvg:supply:6265,2901.60009765625,2895.0,,1,,0,0,0,6,10
2025-03-11 02:00:00,6272,E5,supply,fvg,fvg:supply:6264,2906.39990234375,2902.0,,8,,0,0,1,6,7
2025-03-11 04:00:00,6274,E2,demand,sd,sd:demand:6163,2899.89990234375,2882.2609448242188,33998.0,111,6.1,2,1,0,6,6
2025-03-11 05:00:00,6275,E5,demand,fvg,fvg:demand:6273,2898.699951171875,2894.39990234375,,2,,0,1,0,4,4
2025-03-11 06:00:00,6276,E1,supply,sd,sd:supply:6264,2924.954079589844,2907.10009765625,-74958.0,12,13.4,0,0,0,3,10
2025-03-11 06:00:00,6276,E4,supply,ob_internal,ob_internal:supply:6264,2917.5,2906.39990234375,,12,,0,0,1,3,7
2025-03-11 08:00:00,6278,E1,supply,sd,sd:supply:6240,2927.4859326171877,2909.199951171875,-78397.0,38,14.0,1,0,0,5,10
2025-03-11 11:00:00,6281,E5,demand,fvg,fvg:demand:6280,2915.699951171875,2915.300048828125,,1,,0,0,0,10,10
2025-03-11 13:00:00,6283,E1,supply,sd,sd:supply:6209,2945.233017578125,2927.300048828125,-36135.0,74,6.4,2,0,0,10,10
2025-03-11 13:00:00,6283,E4,supply,ob_swing,ob_swing:supply:6255,2926.39990234375,2920.300048828125,,28,,0,0,0,10,10
2025-03-11 13:00:00,6283,E4,supply,ob_internal,ob_internal:supply:6255,2926.39990234375,2920.300048828125,,28,,0,0,0,10,10
2025-03-11 13:00:00,6283,E5,demand,fvg,fvg:demand:6279,2913.300048828125,2907.89990234375,,4,,0,0,0,10,10
2025-03-12 08:00:00,6301,E1,supply,sd,sd:supply:6209,2945.233017578125,2927.300048828125,-36135.0,92,6.4,3,1,0,5,5
2025-03-12 16:00:00,6309,E1,supply,sd,sd:supply:6055,2955.759919433594,2938.699951171875,-101869.0,254,19.7,4,0,0,9,10
2025-03-12 16:00:00,6309,E1,supply,sd,sd:supply:5836,2977.161057128906,2945.800048828125,-33400.0,473,6.5,11,0,0,9,10
2025-03-12 18:00:00,6311,E5,demand,fvg,fvg:demand:6310,2943.39990234375,2937.300048828125,,1,,0,0,0,10,10
2025-03-13 05:00:00,6321,E5,demand,fvg,fvg:demand:6319,2951.199951171875,2950.0,,2,,0,0,1,2,2
2025-03-13 08:00:00,6324,E1,supply,sd,sd:supply:5836,2977.161057128906,2945.800048828125,-33400.0,488,7.4,12,0,1,1,6
2025-03-13 08:00:00,6324,E5,supply,fvg,fvg:supply:6322,2952.10009765625,2949.60009765625,,2,,0,0,1,1,4
2025-03-13 12:00:00,6328,E1,supply,sd,sd:supply:5915,2977.7390966796875,2958.60009765625,-55782.0,413,15.9,8,0,1,1,2
2025-03-13 12:00:00,6328,E5,demand,fvg,fvg:demand:6325,2950.199951171875,2947.60009765625,,3,,0,1,0,2,2
2025-03-13 14:00:00,6330,E1,supply,sd,sd:supply:5983,2983.1009350585937,2966.699951171875,-33933.0,347,9.7,2,0,1,1,2
2025-03-14 10:00:00,6349,E5,demand,fvg,fvg:demand:6348,3005.60009765625,3000.89990234375,,1,,0,0,1,3,4
2025-03-14 15:00:00,6354,E5,demand,fvg,fvg:demand:6332,2988.60009765625,2984.60009765625,,22,,0,0,0,10,10
2025-03-14 20:00:00,6359,E5,supply,fvg,fvg:supply:6358,2997.10009765625,2996.5,,1,,0,0,0,2,10
2025-03-17 12:00:00,6374,E4,demand,ob_internal,ob_internal:demand:6371,2995.10009765625,2991.39990234375,,3,,0,1,0,2,2
2025-03-17 12:00:00,6374,E5,demand,fvg,fvg:demand:6372,3002.60009765625,2995.89990234375,,2,,0,1,0,2,2
2025-03-17 12:00:00,6374,E5,demand,fvg,fvg:demand:6373,3004.5,3004.199951171875,,1,,0,1,1,2,1
2025-03-17 14:00:00,6376,E5,supply,fvg,fvg:supply:6375,3004.5,2999.199951171875,,1,,0,0,1,9,9
2025-03-17 16:00:00,6378,E5,demand,fvg,fvg:demand:6377,3000.39990234375,2999.199951171875,,1,,0,1,0,8,8
2025-03-18 05:00:00,6390,E5,demand,fvg,fvg:demand:6388,3019.10009765625,3017.800048828125,,2,,0,1,0,3,3
2025-03-18 13:00:00,6398,E5,demand,fvg,fvg:demand:6397,3035.0,3034.89990234375,,1,,0,0,0,1,10
2025-03-18 23:00:00,6407,E5,supply,fvg,fvg:supply:6406,3042.300048828125,3041.60009765625,,1,,0,0,1,4,6
2025-03-19 08:00:00,6416,E4,demand,ob_swing,ob_swing:demand:6413,3040.300048828125,3031.300048828125,,3,,0,1,0,3,3
2025-03-19 08:00:00,6416,E5,demand,fvg,fvg:demand:6411,3039.60009765625,3039.10009765625,,5,,0,1,1,3,1
2025-03-19 10:00:00,6418,E5,supply,fvg,fvg:supply:6417,3043.0,3040.0,,1,,0,0,1,8,8
2025-03-19 11:00:00,6419,E4,supply,ob_internal,ob_internal:supply:6416,3052.39990234375,3043.89990234375,,3,,0,0,1,7,8
2025-03-19 13:00:00,6421,E5,demand,fvg,fvg:demand:6419,3041.60009765625,3040.0,,2,,0,0,0,1,5
2025-03-19 15:00:00,6423,E1,supply,sd,sd:supply:6422,3056.348046875,3041.60009765625,-32457.0,1,10.7,0,0,1,3,8
2025-03-19 15:00:00,6423,E5,supply,fvg,fvg:supply:6422,3043.699951171875,3041.699951171875,,1,,0,0,1,3,3
2025-03-20 01:00:00,6432,E5,demand,fvg,fvg:demand:6430,3058.10009765625,3057.60009765625,,2,,0,0,1,6,6
2025-03-20 07:00:00,6438,E5,demand,fvg,fvg:demand:6427,3049.800048828125,3042.800048828125,,11,,0,0,1,3,3
2025-03-20 09:00:00,6440,E5,supply,fvg,fvg:supply:6439,3053.300048828125,3051.0,,1,,0,1,0,1,1
2025-03-20 10:00:00,6441,E2,demand,sd,sd:demand:6428,3042.800048828125,3027.9251000976565,30505.0,13,12.1,0,0,0,10,10
2025-03-20 10:00:00,6441,E4,demand,ob_internal,ob_internal:demand:6426,3041.699951171875,3033.60009765625,,15,,0,0,0,10,10
2025-03-20 12:00:00,6443,E5,supply,fvg,fvg:supply:6442,3047.60009765625,3043.199951171875,,1,,0,0,0,10,10
2025-03-20 13:00:00,6444,E4,demand,ob_swing,ob_swing:demand:6413,3040.300048828125,3031.300048828125,,31,,1,0,0,10,10
2025-03-20 13:00:00,6444,E4,demand,ob_swing,ob_swing:demand:6426,3040.0,3031.300048828125,,18,,0,0,0,10,10
2025-03-21 00:00:00,6454,E5,demand,fvg,fvg:demand:6450,3050.5,3048.89990234375,,4,,0,0,1,1,2
2025-03-21 01:00:00,6455,E4,demand,ob_internal,ob_internal:demand:6450,3049.10009765625,3037.699951171875,,5,,0,0,1,3,4
2025-03-21 02:00:00,6456,E2,demand,sd,sd:demand:6428,3042.800048828125,3027.9251000976565,30505.0,28,12.1,1,0,0,2,10
2025-03-21 03:00:00,6457,E4,demand,ob_swing,ob_swing:demand:6413,3040.300048828125,3031.300048828125,,44,,2,0,1,2,10
2025-03-21 03:00:00,6457,E4,demand,ob_swing,ob_swing:demand:6426,3040.0,3031.300048828125,,31,,1,0,1,2,10
2025-03-21 06:00:00,6460,E5,supply,fvg,fvg:supply:6458,3042.0,3039.300048828125,,2,,0,0,0,5,7
2025-03-21 11:00:00,6465,E5,supply,fvg,fvg:supply:6456,3050.199951171875,3045.39990234375,,9,,0,1,0,2,2
2025-03-21 11:00:00,6465,E5,supply,fvg,fvg:supply:6457,3043.800048828125,3043.39990234375,,8,,0,1,0,2,2
2025-03-21 15:00:00,6469,E5,supply,fvg,fvg:supply:6468,3040.199951171875,3021.699951171875,,1,,0,0,0,3,10
2025-03-24 09:00:00,6486,E4,demand,ob_internal,ob_internal:demand:6485,3028.89990234375,3019.199951171875,,1,,0,0,1,5,6
2025-03-24 14:00:00,6491,E1,supply,sd,sd:supply:6490,3042.4998486328127,3028.39990234375,-45134.0,1,14.3,0,0,0,10,10
2025-03-24 16:00:00,6493,E5,supply,fvg,fvg:supply:6492,3023.10009765625,3020.60009765625,,1,,0,0,0,10,10
2025-03-25 07:00:00,6507,E4,demand,ob_internal,ob_internal:demand:6505,3016.5,3010.800048828125,,2,,0,1,0,3,3
2025-03-25 07:00:00,6507,E5,demand,fvg,fvg:demand:6504,3018.199951171875,3016.5,,3,,0,1,0,3,3
2025-03-25 10:00:00,6510,E1,supply,sd,sd:supply:6490,3042.4998486328127,3028.39990234375,-45134.0,20,14.3,1,0,0,3,10
2025-03-25 10:00:00,6510,E4,supply,ob_internal,ob_internal:supply:6491,3038.39990234375,3028.39990234375,,19,,0,0,0,3,10
2025-03-25 12:00:00,6512,E5,demand,fvg,fvg:demand:6509,3022.800048828125,3022.60009765625,,3,,0,1,0,2,2
2025-03-25 15:00:00,6515,E5,demand,fvg,fvg:demand:6514,3029.699951171875,3027.89990234375,,1,,0,0,1,10,9
2025-03-26 01:00:00,6524,E1,supply,sd,sd:supply:6490,3042.4998486328127,3028.39990234375,-45134.0,34,14.3,2,0,0,6,10
2025-03-26 03:00:00,6526,E5,demand,fvg,fvg:demand:6525,3027.0,3026.0,,1,,0,1,1,4,1
2025-03-26 05:00:00,6528,E5,supply,fvg,fvg:supply:6527,3027.0,3021.39990234375,,1,,0,0,1,2,2
2025-03-26 08:00:00,6531,E5,demand,fvg,fvg:demand:6530,3028.300048828125,3027.699951171875,,1,,0,0,1,5,6
2025-03-26 09:00:00,6532,E5,demand,fvg,fvg:demand:6529,3025.39990234375,3021.39990234375,,3,,0,0,0,10,10
2025-03-26 10:00:00,6533,E5,supply,fvg,fvg:supply:6532,3028.300048828125,3028.10009765625,,1,,0,0,1,1,1
2025-03-26 13:00:00,6536,E2,demand,sd,sd:demand:6535,3028.10009765625,3014.3731494140625,30363.0,1,10.2,0,0,0,10,10
2025-03-26 13:00:00,6536,E5,demand,fvg,fvg:demand:6534,3028.89990234375,3028.10009765625,,2,,0,0,1,10,1
2025-03-26 20:00:00,6543,E5,supply,fvg,fvg:supply:6537,3030.10009765625,3027.800048828125,,6,,0,0,1,5,5
2025-03-27 00:00:00,6546,E1,supply,sd,sd:supply:6490,3042.4998486328127,3028.39990234375,-45134.0,56,15.2,3,0,1,2,9
2025-03-27 01:00:00,6547,E2,demand,sd,sd:demand:6535,3028.10009765625,3014.3731494140625,30363.0,12,10.2,1,1,0,3,3
2025-03-27 02:00:00,6548,E4,supply,ob_internal,ob_internal:supply:6467,3045.39990234375,3036.10009765625,,81,,0,0,1,2,8
2025-03-27 06:00:00,6552,E5,demand,fvg,fvg:demand:6549,3034.199951171875,3032.199951171875,,3,,0,1,0,4,4
2025-03-27 12:00:00,6558,E5,demand,fvg,fvg:demand:6557,3056.60009765625,3049.39990234375,,1,,0,0,1,1,1
2025-03-27 13:00:00,6559,E2,demand,sd,sd:demand:6557,3047.800048828125,3034.385085449219,23451.0,2,9.7,0,1,0,1,1
2025-03-27 13:00:00,6559,E5,demand,fvg,fvg:demand:6554,3042.699951171875,3039.699951171875,,5,,0,1,0,1,1
2025-03-27 13:00:00,6559,E5,demand,fvg,fvg:demand:6556,3048.699951171875,3047.800048828125,,3,,0,1,0,1,1
2025-03-27 16:00:00,6562,E5,demand,fvg,fvg:demand:6561,3062.10009765625,3060.699951171875,,1,,0,1,0,8,8
2025-03-27 22:00:00,6567,E5,demand,fvg,fvg:demand:6565,3067.300048828125,3067.10009765625,,2,,0,1,0,3,3
2025-03-28 03:00:00,6572,E5,demand,fvg,fvg:demand:6571,3079.39990234375,3075.39990234375,,1,,0,1,0,4,4
2025-03-28 08:00:00,6577,E5,demand,fvg,fvg:demand:6575,3086.0,3085.5,,2,,0,0,1,1,6
2025-03-28 14:00:00,6583,E2,demand,sd,sd:demand:6582,3112.199951171875,3096.175988769531,43668.0,1,18.4,0,0,1,1,1
2025-03-28 14:00:00,6583,E5,demand,fvg,fvg:demand:6570,3072.699951171875,3069.300048828125,,13,,0,0,0,1,10
2025-03-31 01:00:00,6593,E2,demand,sd,sd:demand:6582,3112.199951171875,3096.175988769531,43668.0,11,18.4,1,0,0,10,10
2025-03-31 13:00:00,6605,E2,demand,sd,sd:demand:6582,3112.199951171875,3096.175988769531,43668.0,23,18.4,2,0,0,10,10
2025-04-01 03:00:00,6618,E2,demand,sd,sd:demand:6617,3161.0,3134.671032714844,23242.0,1,11.1,0,0,0,2,10
2025-04-01 13:00:00,6628,E2,demand,sd,sd:demand:6617,3161.0,3134.671032714844,23242.0,11,9.8,1,0,0,1,10
2025-04-01 16:00:00,6631,E1,supply,sd,sd:supply:6621,3172.899970703125,3145.5,-26754.0,10,11.3,0,0,0,10,10
2025-04-01 16:00:00,6631,E2,demand,sd,sd:demand:6582,3112.199951171875,3096.175988769531,43668.0,49,18.5,3,0,0,10,10
2025-04-02 02:00:00,6640,E2,demand,sd,sd:demand:6617,3161.0,3134.671032714844,23242.0,23,9.8,2,0,0,1,10
2025-04-02 03:00:00,6641,E5,demand,fvg,fvg:demand:6639,3151.5,3147.800048828125,,2,,0,0,0,7,10
2025-04-02 03:00:00,6641,E5,demand,fvg,fvg:demand:6640,3157.800048828125,3153.800048828125,,1,,0,0,1,7,7
2025-04-02 07:00:00,6645,E5,supply,fvg,fvg:supply:6642,3157.800048828125,3155.5,,3,,0,0,0,10,10
2025-04-02 10:00:00,6648,E2,demand,sd,sd:demand:6647,3148.5,3116.305026855469,23180.0,1,13.6,0,0,0,10,10
2025-04-02 15:00:00,6653,E2,demand,sd,sd:demand:6617,3161.0,3134.671032714844,23242.0,36,13.6,3,0,0,2,10
2025-04-02 20:00:00,6658,E2,demand,sd,sd:demand:6647,3148.5,3116.305026855469,23180.0,11,16.1,1,0,0,1,10
2025-04-03 05:00:00,6666,E2,demand,sd,sd:demand:6617,3161.0,3134.671032714844,23242.0,49,16.2,4,0,1,1,5
2025-04-03 07:00:00,6668,E2,demand,sd,sd:demand:6647,3148.5,3116.305026855469,23180.0,21,13.5,2,0,1,3,5
2025-04-03 08:00:00,6669,E5,supply,fvg,fvg:supply:6667,3161.39990234375,3156.199951171875,,2,,0,1,0,3,3
2025-04-03 10:00:00,6671,E2,demand,sd,sd:demand:6582,3112.199951171875,3096.175988769531,43668.0,89,25.3,4,0,1,2,2
2025-04-03 14:00:00,6675,E4,supply,ob_internal,ob_internal:supply:6671,3187.10009765625,3152.10009765625,,4,,0,0,0,10,10
2025-04-03 14:00:00,6675,E4,supply,ob_swing,ob_swing:supply:6673,3187.10009765625,3152.10009765625,,2,,0,0,0,10,10
2025-04-03 14:00:00,6675,E5,supply,fvg,fvg:supply:6672,3125.89990234375,3120.60009765625,,3,,0,0,0,10,10
2025-04-03 15:00:00,6676,E2,demand,sd,sd:demand:6675,3120.60009765625,3079.68111328125,127483.0,1,36.4,0,0,0,10,10
2025-04-04 02:00:00,6686,E2,demand,sd,sd:demand:6675,3120.60009765625,3079.68111328125,127483.0,11,36.4,1,0,0,6,10
2025-04-04 04:00:00,6688,E5,supply,fvg,fvg:supply:6687,3129.10009765625,3120.10009765625,,1,,0,0,0,7,9
2025-04-04 12:00:00,6696,E2,demand,sd,sd:demand:6695,3114.89990234375,3069.044924316406,53730.0,1,14.2,0,0,1,2,2
2025-04-04 12:00:00,6696,E2,demand,sd,sd:demand:6675,3120.60009765625,3079.68111328125,127483.0,21,33.8,2,0,1,2,2
2025-04-04 13:00:00,6697,E1,supply,sd,sd:supply:6692,3144.769982910156,3100.0,-25060.0,5,6.6,0,1,0,8,8
2025-04-04 14:00:00,6698,E2,demand,sd,sd:demand:6557,3047.800048828125,3034.385085449219,23451.0,141,6.2,1,0,1,1,7
2025-04-04 14:00:00,6698,E2,demand,sd,sd:demand:6535,3028.10009765625,3014.3731494140625,30363.0,163,8.0,2,0,1,1,8
2025-04-04 14:00:00,6698,E5,demand,fvg,fvg:demand:6547,3027.89990234375,3025.300048828125,,151,,0,0,1,1,7
2025-04-06 23:00:00,6706,E5,demand,fvg,fvg:demand:6331,2977.199951171875,2963.300048828125,,375,,0,0,0,1,10
2025-04-07 01:00:00,6708,E1,supply,sd,sd:supply:6706,3081.3210791015626,3030.60009765625,-28072.0,2,8.0,0,0,0,10,10
2025-04-07 01:00:00,6708,E5,supply,fvg,fvg:supply:6706,3035.60009765625,3034.5,,2,,0,0,0,10,10
2025-04-07 03:00:00,6710,E5,demand,fvg,fvg:demand:6709,3042.60009765625,3025.199951171875,,1,,0,0,0,10,10
2025-04-07 17:00:00,6724,E2,demand,sd,sd:demand:6331,2958.89990234375,2942.3239233398435,88714.0,393,20.5,0,0,0,10,10
2025-04-07 17:00:00,6724,E5,demand,fvg,fvg:demand:6330,2959.5,2958.89990234375,,394,,0,0,0,10,10
2025-04-08 01:00:00,6731,E1,supply,sd,sd:supply:6722,3067.1770751953127,3010.10009765625,-80141.0,9,18.5,0,0,0,10,10
2025-04-08 03:00:00,6733,E5,demand,fvg,fvg:demand:6732,3011.800048828125,3006.60009765625,,1,,0,0,0,10,10
2025-04-08 05:00:00,6735,E2,demand,sd,sd:demand:6732,3003.39990234375,2944.615927734375,20451.0,3,5.1,0,0,0,10,10
2025-04-08 06:00:00,6736,E1,supply,sd,sd:supply:6706,3081.3210791015626,3030.60009765625,-28072.0,30,7.0,1,0,0,10,10
2025-04-08 06:00:00,6736,E4,supply,ob_internal,ob_internal:supply:6722,3064.5,3024.0,,14,,0,0,0,10,10
2025-04-08 12:00:00,6742,E4,demand,ob_internal,ob_internal:demand:6741,3030.60009765625,2996.0,,1,,0,0,1,4,10
2025-04-08 15:00:00,6745,E2,demand,sd,sd:demand:6732,3003.39990234375,2944.615927734375,20451.0,13,5.1,1,0,0,1,10
2025-04-09 01:00:00,6754,E1,supply,sd,sd:supply:6746,3078.6378735351564,3016.89990234375,-42811.0,8,9.6,0,0,0,5,10
2025-04-09 01:00:00,6754,E1,supply,sd,sd:supply:6722,3067.1770751953127,3010.10009765625,-80141.0,32,18.0,1,0,0,5,10
2025-04-09 04:00:00,6757,E1,supply,sd,sd:supply:6706,3081.3210791015626,3030.60009765625,-28072.0,51,6.3,2,0,0,2,10
2025-04-09 04:00:00,6757,E4,supply,ob_internal,ob_internal:supply:6722,3064.5,3024.0,,35,,1,0,1,2,8
2025-04-09 04:00:00,6757,E5,demand,fvg,fvg:demand:6755,3012.89990234375,3002.199951171875,,2,,0,1,0,7,7
2025-04-09 08:00:00,6761,E5,demand,fvg,fvg:demand:6760,3051.60009765625,3038.60009765625,,1,,0,1,0,8,8
2025-04-09 14:00:00,6767,E1,supply,sd,sd:supply:6692,3144.769982910156,3100.0,-25060.0,75,8.3,1,0,0,2,10
2025-04-09 19:00:00,6772,E5,supply,fvg,fvg:supply:6771,3098.60009765625,3090.39990234375,,1,,0,0,1,7,6
2025-04-10 05:00:00,6781,E5,demand,fvg,fvg:demand:6779,3132.199951171875,3116.0,,2,,0,0,0,2,10
2025-04-10 09:00:00,6785,E1,supply,sd,sd:supply:6784,3197.4309204101564,3132.199951171875,-25247.0,1,7.8,0,0,0,5,10
2025-04-10 14:00:00,6790,E1,supply,sd,sd:supply:6667,3204.3259814453127,3166.5,-28429.0,123,8.7,0,0,1,7,9
2025-04-10 14:00:00,6790,E4,supply,ob_internal,ob_internal:supply:6671,3187.10009765625,3152.10009765625,,119,,1,0,1,7,9
2025-04-10 14:00:00,6790,E4,supply,ob_swing,ob_swing:supply:6673,3187.10009765625,3152.10009765625,,117,,1,0,1,7,9
2025-04-10 14:00:00,6790,E5,supply,fvg,fvg:supply:6666,3166.5,3162.800048828125,,124,,0,0,1,7,1
2025-04-10 17:00:00,6793,E2,demand,sd,sd:demand:6792,3154.699951171875,3089.8609838867187,69105.0,1,21.4,0,1,0,6,6
2025-04-11 00:00:00,6799,E5,demand,fvg,fvg:demand:6798,3202.699951171875,3195.0,,1,,0,0,0,5,10
2025-04-11 10:00:00,6809,E2,demand,sd,sd:demand:6808,3238.300048828125,3175.0680810546874,40805.0,1,15.8,0,0,0,10,10
2025-04-11 10:00:00,6809,E4,demand,ob_internal,ob_internal:demand:6808,3238.300048828125,3189.199951171875,,1,,0,0,0,10,10
2025-04-11 20:00:00,6819,E2,demand,sd,sd:demand:6808,3238.300048828125,3175.0680810546874,40805.0,11,15.8,1,0,0,1,10
2025-04-13 22:00:00,6820,E4,demand,ob_internal,ob_internal:demand:6808,3238.300048828125,3189.199951171875,,12,,1,0,0,10,10
2025-04-14 07:00:00,6829,E2,demand,sd,sd:demand:6808,3238.300048828125,3175.0680810546874,40805.0,21,15.8,2,0,0,1,10
2025-04-14 10:00:00,6832,E4,demand,ob_internal,ob_internal:demand:6808,3238.300048828125,3189.199951171875,,24,,2,0,0,4,10
2025-04-14 11:00:00,6833,E1,supply,sd,sd:supply:6831,3298.2299169921876,3236.699951171875,-27853.0,2,9.7,0,0,0,10,10
2025-04-14 14:00:00,6836,E5,supply,fvg,fvg:supply:6835,3229.10009765625,3227.39990234375,,1,,0,0,0,10,10
2025-04-14 17:00:00,6839,E4,supply,ob_internal,ob_internal:supply:6837,3261.60009765625,3228.800048828125,,2,,0,0,0,10,10
2025-04-15 01:00:00,6846,E1,supply,sd,sd:supply:6831,3298.2299169921876,3236.699951171875,-27853.0,15,9.7,1,0,0,10,10
2025-04-15 02:00:00,6847,E2,demand,sd,sd:demand:6808,3238.300048828125,3175.0680810546874,40805.0,39,14.3,3,0,0,5,10
2025-04-15 05:00:00,6850,E5,demand,fvg,fvg:demand:6849,3243.0,3240.5,,1,,0,0,1,2,2
2025-04-15 10:00:00,6855,E4,demand,ob_internal,ob_internal:demand:6808,3238.300048828125,3189.199951171875,,47,,3,0,0,2,10
2025-04-15 11:00:00,6856,E1,supply,sd,sd:supply:6831,3298.2299169921876,3236.699951171875,-27853.0,25,9.7,2,0,0,10,10
2025-04-15 15:00:00,6860,E2,demand,sd,sd:demand:6808,3238.300048828125,3175.0680810546874,40805.0,52,14.3,4,1,0,7,7
2025-04-16 20:00:00,6888,E5,demand,fvg,fvg:demand:6887,3351.300048828125,3349.199951171875,,1,,0,0,1,4,4
2025-04-17 00:00:00,6891,E5,demand,fvg,fvg:demand:6890,3361.199951171875,3357.89990234375,,1,,0,0,1,1,1
2025-04-17 01:00:00,6892,E5,demand,fvg,fvg:demand:6884,3337.199951171875,3336.0,,8,,0,0,0,10,10
2025-04-17 03:00:00,6894,E1,supply,sd,sd:supply:6892,3408.3078686523436,3356.89990234375,-37216.0,2,16.1,0,1,0,4,4
2025-04-17 03:00:00,6894,E5,supply,fvg,fvg:supply:6893,3354.699951171875,3352.5,,1,,0,1,0,4,4
2025-04-17 10:00:00,6901,E5,supply,fvg,fvg:supply:6897,3349.60009765625,3347.0,,4,,0,0,0,2,4
2025-04-17 13:00:00,6904,E4,demand,ob_internal,ob_internal:demand:6883,3334.199951171875,3305.10009765625,,21,,0,0,0,1,8
2025-04-17 14:00:00,6905,E5,demand,fvg,fvg:demand:6873,3300.60009765625,3298.5,,32,,0,1,0,3,3
2025-04-17 16:00:00,6907,E5,supply,fvg,fvg:supply:6905,3335.699951171875,3327.89990234375,,2,,0,0,1,5,5
2025-04-17 16:00:00,6907,E5,supply,fvg,fvg:supply:6906,3324.39990234375,3318.89990234375,,1,,0,0,1,5,4
2025-04-17 18:00:00,6909,E2,demand,sd,sd:demand:6908,3327.89990234375,3282.4829296875,37970.0,1,15.3,0,1,0,3,3
2025-04-17 18:00:00,6909,E5,demand,fvg,fvg:demand:6908,3327.5,3318.89990234375,,1,,0,1,0,3,3
2025-04-17 20:00:00,6911,E4,supply,ob_internal,ob_internal:supply:6905,3355.800048828125,3335.699951171875,,6,,0,0,1,1,3
2025-04-20 22:00:00,6912,E1,supply,sd,sd:supply:6892,3408.3078686523436,3356.89990234375,-37216.0,20,15.0,1,0,0,2,10
2025-04-21 04:00:00,6918,E5,demand,fvg,fvg:demand:6916,3386.800048828125,3384.699951171875,,2,,0,1,0,7,7
2025-04-21 07:00:00,6921,E5,demand,fvg,fvg:demand:6920,3394.10009765625,3393.89990234375,,1,,0,1,0,5,5
2025-04-22 00:00:00,6937,E5,demand,fvg,fvg:demand:6936,3440.199951171875,3438.300048828125,,1,,0,1,0,2,2
2025-04-22 05:00:00,6942,E5,demand,fvg,fvg:demand:6941,3488.699951171875,3485.89990234375,,1,,0,0,1,1,3
2025-04-22 07:00:00,6944,E5,demand,fvg,fvg:demand:6940,3481.199951171875,3464.60009765625,,4,,0,0,1,1,5
2025-04-22 10:00:00,6947,E5,supply,fvg,fvg:supply:6946,3471.199951171875,3470.5,,1,,0,1,0,3,3
2025-04-22 12:00:00,6949,E2,demand,sd,sd:demand:6940,3446.300048828125,3405.8380688476564,52907.0,9,20.5,0,0,1,1,4
2025-04-22 12:00:00,6949,E5,demand,fvg,fvg:demand:6939,3452.39990234375,3446.300048828125,,10,,0,0,1,1,1
2025-04-22 13:00:00,6950,E4,demand,ob_internal,ob_internal:demand:6936,3434.699951171875,3417.10009765625,,14,,0,0,1,3,3
2025-04-22 16:00:00,6953,E2,demand,sd,sd:demand:6926,3407.300048828125,3366.708076171875,45783.0,27,17.7,0,0,1,3,5
2025-04-22 16:00:00,6953,E5,demand,fvg,fvg:demand:6926,3410.39990234375,3409.300048828125,,27,,0,0,1,3,2
2025-04-22 19:00:00,6956,E5,demand,fvg,fvg:demand:6915,3380.800048828125,3366.699951171875,,41,,0,0,1,2,2
2025-04-22 22:00:00,6958,E2,demand,sd,sd:demand:6908,3327.89990234375,3282.4829296875,37970.0,50,13.8,1,1,0,3,3
2025-04-22 22:00:00,6958,E5,demand,fvg,fvg:demand:6912,3344.0,3335.0,,46,,0,1,0,3,3
2025-04-22 22:00:00,6958,E5,demand,fvg,fvg:demand:6913,3357.699951171875,3342.699951171875,,45,,0,1,0,3,3
2025-04-23 00:00:00,6960,E5,supply,fvg,fvg:supply:6958,3379.10009765625,3367.800048828125,,2,,0,1,0,6,6
2025-04-23 00:00:00,6960,E5,supply,fvg,fvg:supply:6959,3386.0,3359.39990234375,,1,,0,1,0,6,6
2025-04-23 02:00:00,6962,E2,demand,sd,sd:demand:6961,3367.800048828125,3326.6350732421874,45809.0,1,16.7,0,0,0,3,10
2025-04-23 02:00:00,6962,E5,demand,fvg,fvg:demand:6961,3367.89990234375,3359.39990234375,,1,,0,0,1,3,3
2025-04-23 05:00:00,6965,E5,supply,fvg,fvg:supply:6964,3357.89990234375,3356.89990234375,,1,,0,1,0,9,9
2025-04-23 06:00:00,6966,E4,demand,ob_internal,ob_internal:demand:6912,3327.89990234375,3296.39990234375,,54,,0,0,0,7,10
2025-04-23 06:00:00,6966,E4,demand,ob_swing,ob_swing:demand:6914,3327.89990234375,3296.39990234375,,52,,0,0,0,7,10
2025-04-23 08:00:00,6968,E2,demand,sd,sd:demand:6908,3327.89990234375,3282.4829296875,37970.0,60,14.1,2,0,0,5,10
2025-04-23 09:00:00,6969,E5,supply,fvg,fvg:supply:6966,3345.699951171875,3336.60009765625,,3,,0,1,0,5,5
2025-04-23 13:00:00,6973,E2,demand,sd,sd:demand:6873,3291.300048828125,3236.1030810546877,23545.0,100,8.8,0,1,0,10,10
2025-04-23 14:00:00,6974,E5,demand,fvg,fvg:demand:6869,3273.10009765625,3269.199951171875,,105,,0,1,0,10,10
2025-04-23 16:00:00,6976,E5,supply,fvg,fvg:supply:6974,3321.800048828125,3308.800048828125,,2,,0,0,1,7,7
2025-04-23 22:00:00,6981,E1,supply,sd,sd:supply:6973,3367.9580224609376,3327.300048828125,-77891.0,8,22.5,0,0,0,2,10
2025-04-23 22:00:00,6981,E5,supply,fvg,fvg:supply:6973,3332.800048828125,3325.5,,8,,0,0,1,2,3
2025-04-24 00:00:00,6983,E4,supply,ob_internal,ob_internal:supply:6973,3352.39990234375,3328.0,,10,,0,0,1,1,1
2025-04-24 01:00:00,6984,E5,supply,fvg,fvg:supply:6963,3367.89990234375,3365.199951171875,,21,,0,0,0,10,10
2025-04-24 03:00:00,6986,E5,demand,fvg,fvg:demand:6984,3340.0,3328.199951171875,,2,,0,0,0,10,10
2025-04-24 05:00:00,6988,E5,supply,fvg,fvg:supply:6987,3345.5,3341.800048828125,,1,,0,0,0,10,10
2025-04-24 06:00:00,6989,E2,demand,sd,sd:demand:6908,3327.89990234375,3282.4829296875,37970.0,81,10.9,3,0,0,10,10
2025-04-24 14:00:00,6997,E1,supply,sd,sd:supply:6973,3367.9580224609376,3327.300048828125,-77891.0,24,22.4,1,0,0,5,10
2025-04-24 14:00:00,6997,E5,demand,fvg,fvg:demand:6982,3320.300048828125,3309.10009765625,,15,,0,1,0,7,7
2025-04-24 16:00:00,6999,E5,supply,fvg,fvg:supply:6997,3346.699951171875,3342.60009765625,,2,,0,0,1,5,5
2025-04-24 18:00:00,7001,E2,demand,sd,sd:demand:6999,3348.199951171875,3309.430966796875,44242.0,2,13.7,0,1,0,3,3
2025-04-24 22:00:00,7004,E4,supply,ob_internal,ob_internal:supply:6966,3396.0,3367.89990234375,,38,,0,1,0,5,5
2025-04-24 23:00:00,7005,E5,demand,fvg,fvg:demand:7004,3361.300048828125,3358.89990234375,,1,,0,0,1,4,4
2025-04-25 03:00:00,7009,E4,demand,ob_internal,ob_internal:demand:7003,3342.60009765625,3316.89990234375,,6,,0,0,1,2,2
2025-04-25 03:00:00,7009,E4,demand,ob_swing,ob_swing:demand:7004,3342.60009765625,3316.89990234375,,5,,0,0,1,2,2
2025-04-25 03:00:00,7009,E5,demand,fvg,fvg:demand:7000,3342.0,3341.39990234375,,9,,0,0,1,2,2
2025-04-25 04:00:00,7010,E2,demand,sd,sd:demand:6908,3327.89990234375,3282.4829296875,37970.0,102,15.5,4,0,0,1,10
2025-04-25 05:00:00,7011,E2,demand,sd,sd:demand:6984,3309.10009765625,3268.5611206054687,40926.0,27,16.7,0,0,0,8,10
2025-04-25 05:00:00,7011,E4,demand,ob_internal,ob_internal:demand:6981,3314.89990234375,3288.89990234375,,30,,0,0,0,8,10
2025-04-25 07:00:00,7013,E5,supply,fvg,fvg:supply:7012,3326.89990234375,3316.10009765625,,1,,0,1,0,6,6
2025-04-25 13:00:00,7019,E2,demand,sd,sd:demand:6873,3291.300048828125,3236.1030810546877,23545.0,146,8.7,1,1,0,7,7
2025-04-25 16:00:00,7022,E5,supply,fvg,fvg:supply:7020,3301.0,3298.699951171875,,2,,0,0,1,3,3
2025-04-25 17:00:00,7023,E1,supply,sd,sd:supply:7019,3338.2459887695313,3302.0,-51618.0,4,16.1,0,0,0,2,10
2025-04-25 19:00:00,7025,E4,supply,ob_internal,ob_internal:supply:7019,3325.199951171875,3313.800048828125,,6,,0,0,1,2,2
2025-04-25 19:00:00,7025,E5,demand,fvg,fvg:demand:7024,3299.10009765625,3298.89990234375,,1,,0,0,1,5,6
2025-04-27 22:00:00,7027,E2,demand,sd,sd:demand:6908,3327.89990234375,3282.4829296875,37970.0,119,11.8,5,0,0,3,10
2025-04-27 22:00:00,7027,E5,supply,fvg,fvg:supply:7010,3355.0,3338.0,,17,,0,1,0,4,4
2025-04-27 22:00:00,7027,E5,supply,fvg,fvg:supply:7011,3337.800048828125,3337.39990234375,,16,,0,1,0,4,4
2025-04-27 23:00:00,7028,E5,demand,fvg,fvg:demand:7026,3315.699951171875,3308.199951171875,,2,,0,0,1,2,2
2025-04-28 01:00:00,7030,E2,demand,sd,sd:demand:6984,3309.10009765625,3268.5611206054687,40926.0,46,12.7,1,0,0,10,10
2025-04-28 01:00:00,7030,E2,demand,sd,sd:demand:6873,3291.300048828125,3236.1030810546877,23545.0,157,7.3,2,0,0,10,10
2025-04-28 01:00:00,7030,E4,demand,ob_internal,ob_internal:demand:7026,3303.0,3274.800048828125,,4,,0,0,0,10,10
2025-04-28 03:00:00,7032,E5,supply,fvg,fvg:supply:7031,3312.39990234375,3297.39990234375,,1,,0,0,0,10,10
2025-04-28 04:00:00,7033,E1,supply,sd,sd:supply:7019,3338.2459887695313,3302.0,-51618.0,14,16.1,1,0,0,10,10
2025-04-28 05:00:00,7034,E5,demand,fvg,fvg:demand:7033,3299.699951171875,3297.39990234375,,1,,0,0,0,4,9
2025-04-28 13:00:00,7042,E5,demand,fvg,fvg:demand:7041,3304.199951171875,3302.699951171875,,1,,0,1,0,1,1
2025-04-28 19:00:00,7048,E4,supply,ob_swing,ob_swing:supply:7011,3384.10009765625,3361.300048828125,,37,,0,1,0,6,6
2025-04-28 19:00:00,7048,E4,supply,ob_internal,ob_internal:supply:7011,3384.10009765625,3361.300048828125,,37,,0,1,0,6,6
2025-04-28 20:00:00,7049,E5,demand,fvg,fvg:demand:7048,3356.300048828125,3351.699951171875,,1,,0,0,1,3,4
2025-04-29 02:00:00,7054,E5,demand,fvg,fvg:demand:7044,3329.199951171875,3312.60009765625,,10,,0,0,0,3,10
2025-04-29 03:00:00,7055,E2,demand,sd,sd:demand:6908,3327.89990234375,3282.4829296875,37970.0,147,14.1,6,0,0,10,10
2025-04-29 06:00:00,7058,E5,supply,fvg,fvg:supply:7055,3333.10009765625,3332.199951171875,,3,,0,0,0,10,10
2025-04-29 06:00:00,7058,E5,supply,fvg,fvg:supply:7056,3329.199951171875,3328.0,,2,,0,0,0,10,10
2025-04-29 17:00:00,7069,E2,demand,sd,sd:demand:6908,3327.89990234375,3282.4829296875,37970.0,161,14.1,7,0,0,10,10
2025-04-29 17:00:00,7069,E4,demand,ob_internal,ob_internal:demand:7068,3331.800048828125,3309.199951171875,,1,,0,0,0,10,10
2025-04-30 08:00:00,7083,E2,demand,sd,sd:demand:6984,3309.10009765625,3268.5611206054687,40926.0,99,15.2,2,0,0,2,5
2025-04-30 08:00:00,7083,E2,demand,sd,sd:demand:6873,3291.300048828125,3236.1030810546877,23545.0,210,8.7,3,0,0,2,5
2025-04-30 08:00:00,7083,E4,demand,ob_internal,ob_internal:demand:7026,3303.0,3274.800048828125,,57,,1,0,0,2,5
2025-04-30 08:00:00,7083,E4,demand,ob_internal,ob_internal:demand:7043,3302.699951171875,3282.60009765625,,40,,0,0,0,2,5
2025-04-30 08:00:00,7083,E4,demand,ob_swing,ob_swing:demand:7047,3297.39990234375,3278.0,,36,,0,0,0,2,5
2025-04-30 12:00:00,7087,E1,supply,sd,sd:supply:7085,3347.249890136719,3312.39990234375,-31848.0,2,10.5,0,0,0,1,10
2025-04-30 12:00:00,7087,E5,supply,fvg,fvg:supply:7084,3312.39990234375,3296.800048828125,,3,,0,0,1,1,1
2025-04-30 14:00:00,7089,E5,demand,fvg,fvg:demand:7088,3306.199951171875,3291.199951171875,,1,,0,0,1,5,9
2025-04-30 19:00:00,7094,E2,demand,sd,sd:demand:6984,3309.10009765625,3268.5611206054687,40926.0,110,12.0,3,0,1,2,4
2025-04-30 20:00:00,7095,E4,demand,ob_internal,ob_internal:demand:7026,3303.0,3274.800048828125,,69,,2,0,1,1,3
2025-04-30 22:00:00,7096,E2,demand,sd,sd:demand:7089,3291.199951171875,3255.7889599609375,76824.0,7,22.6,0,0,1,2,5
2025-04-30 22:00:00,7096,E2,demand,sd,sd:demand:6873,3291.300048828125,3236.1030810546877,23545.0,223,6.9,4,0,0,2,10
2025-05-01 00:00:00,7098,E5,demand,fvg,fvg:demand:6867,3254.10009765625,3250.89990234375,,231,,0,0,1,3,4
2025-05-01 00:00:00,7098,E5,demand,fvg,fvg:demand:6868,3268.699951171875,3257.89990234375,,230,,0,0,1,3,1
2025-05-01 01:00:00,7099,E5,demand,fvg,fvg:demand:6863,3241.699951171875,3239.800048828125,,236,,0,0,1,3,8
2025-05-01 03:00:00,7101,E2,demand,sd,sd:demand:6808,3238.300048828125,3175.0680810546874,40805.0,293,14.4,5,0,0,7,10
2025-05-01 03:00:00,7101,E4,demand,ob_internal,ob_internal:demand:6808,3238.300048828125,3189.199951171875,,293,,4,0,0,7,10
2025-05-01 03:00:00,7101,E4,demand,ob_swing,ob_swing:demand:6866,3242.199951171875,3216.5,,235,,0,0,0,7,10
2025-05-01 03:00:00,7101,E4,demand,ob_internal,ob_internal:demand:6866,3242.199951171875,3216.5,,235,,0,0,0,7,10
2025-05-01 05:00:00,7103,E5,supply,fvg,fvg:supply:7102,3242.800048828125,3239.699951171875,,1,,0,1,0,6,6
2025-05-01 07:00:00,7105,E5,demand,fvg,fvg:demand:7104,3241.39990234375,3239.699951171875,,1,,0,0,1,2,2
2025-05-01 11:00:00,7109,E5,supply,fvg,fvg:supply:7108,3237.89990234375,3233.300048828125,,1,,0,0,0,1,10
2025-05-01 20:00:00,7118,E4,supply,ob_internal,ob_internal:supply:7107,3251.800048828125,3241.39990234375,,11,,0,0,1,6,6
2025-05-02 00:00:00,7121,E2,demand,sd,sd:demand:6808,3238.300048828125,3175.0680810546874,40805.0,313,11.7,6,1,0,6,6
2025-05-02 00:00:00,7121,E5,demand,fvg,fvg:demand:7118,3236.5,3234.699951171875,,3,,0,1,0,6,6
2025-05-02 00:00:00,7121,E5,demand,fvg,fvg:demand:7119,3241.5,3238.5,,2,,0,1,0,6,6
2025-05-02 03:00:00,7124,E5,supply,fvg,fvg:supply:7099,3278.39990234375,3259.5,,25,,0,0,0,10,10
2025-05-02 05:00:00,7126,E5,demand,fvg,fvg:demand:7125,3259.199951171875,3258.800048828125,,1,,0,0,1,8,10
2025-05-02 06:00:00,7127,E5,demand,fvg,fvg:demand:7124,3254.60009765625,3246.0,,3,,0,0,1,7,10
2025-05-02 16:00:00,7137,E2,demand,sd,sd:demand:6808,3238.300048828125,3175.0680810546874,40805.0,329,11.7,7,1,0,8,8
2025-05-02 16:00:00,7137,E4,demand,ob_internal,ob_internal:demand:6808,3238.300048828125,3189.199951171875,,329,,5,1,0,8,8
2025-05-02 16:00:00,7137,E5,demand,fvg,fvg:demand:7117,3231.300048828125,3229.199951171875,,20,,0,1,0,8,8
2025-05-02 17:00:00,7138,E5,supply,fvg,fvg:supply:7137,3249.800048828125,3243.800048828125,,1,,0,0,1,5,7
2025-05-05 03:00:00,7147,E5,demand,fvg,fvg:demand:7146,3267.39990234375,3256.0,,1,,0,1,0,5,5
2025-05-05 09:00:00,7153,E1,supply,sd,sd:supply:7085,3347.249890136719,3312.39990234375,-31848.0,68,9.2,1,0,0,3,10
2025-05-05 09:00:00,7153,E4,supply,ob_internal,ob_internal:supply:7095,3325.10009765625,3309.0,,58,,0,0,1,3,10
2025-05-05 09:00:00,7153,E4,supply,ob_swing,ob_swing:supply:7098,3330.10009765625,3306.199951171875,,55,,0,0,1,3,10
2025-05-05 09:00:00,7153,E5,supply,fvg,fvg:supply:7095,3310.699951171875,3308.699951171875,,58,,0,0,1,3,1
2025-05-05 09:00:00,7153,E5,supply,fvg,fvg:supply:7096,3302.699951171875,3300.60009765625,,57,,0,0,1,3,1
2025-05-05 12:00:00,7156,E4,supply,ob_swing,ob_swing:supply:7083,3340.5,3323.199951171875,,73,,0,0,0,7,10
2025-05-05 12:00:00,7156,E4,supply,ob_internal,ob_internal:supply:7083,3340.5,3323.199951171875,,73,,0,0,0,7,10
2025-05-05 14:00:00,7158,E5,demand,fvg,fvg:demand:7155,3320.10009765625,3317.699951171875,,3,,0,1,0,10,10
2025-05-05 16:00:00,7160,E1,supply,sd,sd:supply:7159,3353.981955566406,3321.699951171875,-40075.0,1,10.3,0,0,1,2,8
2025-05-05 16:00:00,7160,E5,demand,fvg,fvg:demand:7154,3316.699951171875,3291.300048828125,,6,,0,1,0,3,3
2025-05-05 22:00:00,7165,E5,demand,fvg,fvg:demand:7164,3337.60009765625,3332.199951171875,,1,,0,1,0,3,3
2025-05-06 01:00:00,7168,E4,supply,ob_internal,ob_internal:supply:6966,3396.0,3367.89990234375,,202,,1,1,0,4,4
2025-05-06 01:00:00,7168,E5,supply,fvg,fvg:supply:7051,3353.300048828125,3353.199951171875,,117,,0,1,1,4,1
2025-05-06 03:00:00,7170,E5,demand,fvg,fvg:demand:7169,3365.10009765625,3342.800048828125,,1,,0,1,0,9,9
2025-05-06 12:00:00,7179,E5,supply,fvg,fvg:supply:6956,3398.10009765625,3398.0,,223,,0,0,1,4,4
2025-05-06 14:00:00,7181,E5,demand,fvg,fvg:demand:7180,3395.89990234375,3393.199951171875,,1,,0,1,0,3,3
2025-05-06 22:00:00,7188,E2,demand,sd,sd:demand:7184,3406.89990234375,3377.1608959960936,46826.0,4,16.7,0,0,0,2,10
2025-05-06 22:00:00,7188,E5,demand,fvg,fvg:demand:7184,3416.199951171875,3408.300048828125,,4,,0,0,1,2,1
2025-05-06 22:00:00,7188,E5,demand,fvg,fvg:demand:7187,3428.0,3426.39990234375,,1,,0,0,1,2,1
2025-05-07 00:00:00,7190,E5,demand,fvg,fvg:demand:7174,3372.60009765625,3372.300048828125,,16,,0,0,0,10,10
2025-05-07 00:00:00,7190,E5,demand,fvg,fvg:demand:7175,3375.89990234375,3375.699951171875,,15,,0,0,0,10,10
2025-05-07 23:00:00,7212,E5,supply,fvg,fvg:supply:7210,3383.0,3381.89990234375,,2,,0,0,1,2,2
2025-05-08 00:00:00,7213,E1,supply,sd,sd:supply:7209,3417.054953613281,3386.699951171875,-65657.0,4,20.6,0,0,0,1,6
2025-05-08 01:00:00,7214,E5,supply,fvg,fvg:supply:7189,3428.0,3413.39990234375,,25,,0,1,0,4,4
2025-05-08 03:00:00,7216,E5,demand,fvg,fvg:demand:7215,3408.699951171875,3394.10009765625,,1,,0,0,1,1,2
2025-05-08 04:00:00,7217,E4,demand,ob_swing,ob_swing:demand:7214,3394.699951171875,3371.199951171875,,3,,0,0,1,1,2
2025-05-08 04:00:00,7217,E4,demand,ob_internal,ob_internal:demand:7214,3394.699951171875,3371.199951171875,,3,,0,0,1,1,2
2025-05-08 05:00:00,7218,E4,demand,ob_internal,ob_internal:demand:7179,3372.300048828125,3357.39990234375,,39,,0,0,1,1,1
2025-05-08 05:00:00,7218,E5,demand,fvg,fvg:demand:7214,3385.5,3383.89990234375,,4,,0,0,1,1,1
2025-05-08 06:00:00,7219,E5,demand,fvg,fvg:demand:7163,3331.300048828125,3326.60009765625,,56,,0,1,0,7,7
2025-05-08 12:00:00,7225,E5,supply,fvg,fvg:supply:7220,3360.300048828125,3354.89990234375,,5,,0,1,0,4,4
2025-05-08 13:00:00,7226,E5,supply,fvg,fvg:supply:7219,3388.0,3368.0,,7,,0,1,0,3,3
2025-05-08 14:00:00,7227,E5,demand,fvg,fvg:demand:7226,3360.39990234375,3351.0,,1,,0,0,1,1,1
2025-05-08 16:00:00,7229,E2,demand,sd,sd:demand:7164,3322.5,3291.0660009765625,26131.0,65,8.2,0,0,0,3,10
2025-05-08 16:00:00,7229,E4,demand,ob_internal,ob_internal:demand:7164,3322.5,3314.0,,65,,0,0,1,3,3
2025-05-08 22:00:00,7234,E5,supply,fvg,fvg:supply:7230,3332.0,3316.300048828125,,4,,0,1,0,3,3
2025-05-09 00:00:00,7236,E5,demand,fvg,fvg:demand:7235,3317.0,3316.0,,1,,0,0,1,1,1
2025-05-09 02:00:00,7238,E5,demand,fvg,fvg:demand:7153,3290.199951171875,3276.0,,85,,0,0,0,10,10
2025-05-09 05:00:00,7241,E2,demand,sd,sd:demand:7164,3322.5,3291.0660009765625,26131.0,77,6.5,1,0,0,10,10
2025-05-09 07:00:00,7243,E5,supply,fvg,fvg:supply:7229,3356.300048828125,3336.0,,14,,0,0,0,8,10
2025-05-11 22:00:00,7257,E2,demand,sd,sd:demand:7164,3322.5,3291.0660009765625,26131.0,93,6.5,2,0,1,9,1
2025-05-11 22:00:00,7257,E4,demand,ob_internal,ob_internal:demand:7152,3279.800048828125,3260.89990234375,,105,,0,0,1,9,9
2025-05-11 23:00:00,7258,E5,supply,fvg,fvg:supply:7257,3330.89990234375,3292.5,,1,,0,1,0,8,8
2025-05-12 00:00:00,7259,E5,supply,fvg,fvg:supply:7258,3329.10009765625,3294.39990234375,,1,,0,1,0,7,7
2025-05-12 07:00:00,7266,E2,demand,sd,sd:demand:6808,3238.300048828125,3175.0680810546874,40805.0,458,8.8,8,0,0,10,10
2025-05-12 07:00:00,7266,E4,demand,ob_internal,ob_internal:demand:6808,3238.300048828125,3189.199951171875,,458,,6,0,0,10,10
2025-05-12 07:00:00,7266,E4,demand,ob_internal,ob_internal:demand:7118,3229.699951171875,3212.199951171875,,148,,0,0,0,10,10
2025-05-12 07:00:00,7266,E5,demand,fvg,fvg:demand:7141,3240.5,3240.0,,125,,0,0,1,10,2
2025-05-12 07:00:00,7266,E5,demand,fvg,fvg:demand:7142,3243.10009765625,3242.300048828125,,124,,0,0,1,10,2
2025-05-12 11:00:00,7270,E5,supply,fvg,fvg:supply:7269,3224.300048828125,3222.89990234375,,1,,0,0,1,2,2
2025-05-12 13:00:00,7272,E5,supply,fvg,fvg:supply:7267,3276.300048828125,3238.800048828125,,5,,0,0,0,10,10
2025-05-12 16:00:00,7275,E5,demand,fvg,fvg:demand:7272,3235.60009765625,3233.800048828125,,3,,0,0,0,10,10
2025-05-12 18:00:00,7277,E5,supply,fvg,fvg:supply:7276,3236.300048828125,3231.699951171875,,1,,0,0,1,9,9
2025-05-12 20:00:00,7279,E2,demand,sd,sd:demand:6808,3238.300048828125,3175.0680810546874,40805.0,471,9.5,9,0,0,4,10
2025-05-12 22:00:00,7280,E4,demand,ob_internal,ob_internal:demand:6808,3238.300048828125,3189.199951171875,,472,,7,0,0,3,8
2025-05-12 22:00:00,7280,E5,demand,fvg,fvg:demand:7279,3237.300048828125,3234.699951171875,,1,,0,0,0,3,8
2025-05-13 01:00:00,7283,E2,demand,sd,sd:demand:7272,3222.89990234375,3191.222897949219,52004.0,11,12.1,0,1,0,4,4
2025-05-13 01:00:00,7283,E5,demand,fvg,fvg:demand:7271,3223.60009765625,3222.89990234375,,12,,0,1,0,4,4
2025-05-13 01:00:00,7283,E5,demand,fvg,fvg:demand:7278,3233.10009765625,3231.699951171875,,5,,0,1,0,4,4
2025-05-13 06:00:00,7288,E5,demand,fvg,fvg:demand:7287,3255.699951171875,3242.5,,1,,0,0,0,6,10
2025-05-13 12:00:00,7294,E2,demand,sd,sd:demand:7288,3247.39990234375,3215.8629052734377,37071.0,6,8.3,0,0,0,1,10
2025-05-13 12:00:00,7294,E4,demand,ob_swing,ob_swing:demand:7286,3247.39990234375,3220.10009765625,,8,,0,0,0,1,10
2025-05-13 12:00:00,7294,E4,demand,ob_internal,ob_internal:demand:7286,3247.39990234375,3220.10009765625,,8,,0,0,0,1,10
2025-05-13 13:00:00,7295,E2,demand,sd,sd:demand:6808,3238.300048828125,3175.0680810546874,40805.0,487,9.2,10,1,0,2,2
2025-05-13 13:00:00,7295,E4,demand,ob_internal,ob_internal:demand:6808,3238.300048828125,3189.199951171875,,487,,8,1,0,2,2
2025-05-13 14:00:00,7296,E5,supply,fvg,fvg:supply:7295,3252.300048828125,3251.39990234375,,1,,0,0,0,2,10
2025-05-13 15:00:00,7297,E5,supply,fvg,fvg:supply:7294,3255.39990234375,3253.800048828125,,3,,0,0,0,10,10
2025-05-14 00:00:00,7305,E2,demand,sd,sd:demand:7288,3247.39990234375,3215.8629052734377,37071.0,17,8.3,1,0,0,2,10
2025-05-14 01:00:00,7306,E4,demand,ob_swing,ob_swing:demand:7286,3247.39990234375,3220.10009765625,,20,,1,0,0,2,10
2025-05-14 01:00:00,7306,E4,demand,ob_internal,ob_internal:demand:7286,3247.39990234375,3220.10009765625,,20,,1,0,0,2,10
2025-05-14 02:00:00,7307,E2,demand,sd,sd:demand:6808,3238.300048828125,3175.0680810546874,40805.0,499,9.2,11,0,0,9,10
2025-05-14 02:00:00,7307,E4,demand,ob_internal,ob_internal:demand:6808,3238.300048828125,3189.199951171875,,499,,9,0,0,9,10
2025-05-14 05:00:00,7310,E5,supply,fvg,fvg:supply:7308,3241.60009765625,3237.39990234375,,2,,0,1,0,7,7
2025-05-14 12:00:00,7317,E2,demand,sd,sd:demand:7272,3222.89990234375,3191.222897949219,52004.0,45,11.1,1,0,1,7,4
2025-05-15 00:00:00,7329,E5,demand,fvg,fvg:demand:7328,3183.699951171875,3180.699951171875,,1,,0,0,1,1,2
2025-05-15 02:00:00,7331,E2,demand,sd,sd:demand:6792,3154.699951171875,3089.8609838867187,69105.0,539,13.8,1,0,0,2,9
2025-05-15 05:00:00,7334,E4,demand,ob_internal,ob_internal:demand:6790,3139.39990234375,3103.300048828125,,544,,0,1,0,3,3
2025-05-15 06:00:00,7335,E5,supply,fvg,fvg:supply:7334,3150.89990234375,3145.800048828125,,1,,0,0,1,3,2
2025-05-15 08:00:00,7337,E5,supply,fvg,fvg:supply:7332,3173.5,3160.199951171875,,5,,0,0,1,2,4
2025-05-15 10:00:00,7339,E4,supply,ob_internal,ob_internal:supply:7331,3195.60009765625,3173.5,,8,,0,0,1,3,5
2025-05-15 10:00:00,7339,E5,supply,fvg,fvg:supply:7331,3182.300048828125,3178.39990234375,,8,,0,0,1,3,3
2025-05-15 11:00:00,7340,E1,supply,sd,sd:supply:7332,3212.9080444335937,3182.300048828125,-35107.0,8,6.8,0,0,1,2,6
2025-05-15 13:00:00,7342,E5,supply,fvg,fvg:supply:7318,3223.0,3202.10009765625,,24,,0,0,1,1,7
2025-05-15 16:00:00,7345,E5,supply,fvg,fvg:supply:7317,3233.199951171875,3226.300048828125,,28,,0,0,1,4,5
2025-05-15 19:00:00,7348,E4,supply,ob_internal,ob_internal:supply:7316,3248.199951171875,3234.39990234375,,32,,0,0,0,2,10
2025-05-15 22:00:00,7350,E1,supply,sd,sd:supply:7307,3284.0708935546877,3253.39990234375,-24553.0,43,5.1,0,1,0,3,3
2025-05-15 22:00:00,7350,E4,supply,ob_swing,ob_swing:supply:7309,3262.10009765625,3252.699951171875,,41,,0,1,0,3,3
2025-05-16 00:00:00,7352,E5,demand,fvg,fvg:demand:7350,3239.699951171875,3235.300048828125,,2,,0,0,1,1,1
2025-05-16 01:00:00,7353,E5,demand,fvg,fvg:demand:7345,3218.699951171875,3210.5,,8,,0,0,1,2,9
2025-05-16 01:00:00,7353,E5,demand,fvg,fvg:demand:7349,3233.699951171875,3229.300048828125,,4,,0,0,1,2,2
2025-05-16 06:00:00,7358,E5,supply,fvg,fvg:supply:7354,3235.10009765625,3231.300048828125,,4,,0,1,0,4,4
2025-05-16 07:00:00,7359,E5,demand,fvg,fvg:demand:7344,3207.800048828125,3203.39990234375,,15,,0,0,1,3,3
2025-05-16 09:00:00,7361,E1,supply,sd,sd:supply:7359,3245.2959033203124,3214.39990234375,-28829.0,2,5.7,0,1,0,1,1
2025-05-16 09:00:00,7361,E5,supply,fvg,fvg:supply:7360,3215.39990234375,3212.300048828125,,1,,0,1,0,1,1
2025-05-16 10:00:00,7362,E5,demand,fvg,fvg:demand:7340,3175.39990234375,3174.39990234375,,22,,0,0,1,1,1
2025-05-16 10:00:00,7362,E5,demand,fvg,fvg:demand:7342,3188.300048828125,3183.300048828125,,20,,0,0,1,1,1
2025-05-16 10:00:00,7362,E5,demand,fvg,fvg:demand:7343,3193.5,3193.39990234375,,19,,0,0,1,1,1
2025-05-16 11:00:00,7363,E5,demand,fvg,fvg:demand:7338,3162.0,3155.5,,25,,0,1,0,9,9
2025-05-16 12:00:00,7364,E5,supply,fvg,fvg:supply:7363,3206.699951171875,3182.39990234375,,1,,0,0,1,7,9
2025-05-18 22:00:00,7373,E1,supply,sd,sd:supply:7359,3245.2959033203124,3214.39990234375,-28829.0,14,5.7,1,0,0,10,10
2025-05-19 01:00:00,7376,E5,demand,fvg,fvg:demand:7374,3229.39990234375,3208.699951171875,,2,,0,0,0,10,10
2025-05-19 03:00:00,7378,E5,demand,fvg,fvg:demand:7373,3212.199951171875,3197.89990234375,,5,,0,1,0,6,6
2025-05-19 03:00:00,7378,E5,supply,fvg,fvg:supply:7377,3236.699951171875,3232.60009765625,,1,,0,0,0,3,10
2025-05-19 13:00:00,7388,E5,demand,fvg,fvg:demand:7382,3227.199951171875,3226.89990234375,,6,,0,0,0,10,10
2025-05-19 14:00:00,7389,E5,demand,fvg,fvg:demand:7381,3223.0,3220.89990234375,,8,,0,0,0,9,10
2025-05-20 01:00:00,7399,E5,supply,fvg,fvg:supply:7396,3233.89990234375,3233.800048828125,,3,,0,0,0,7,10
2025-05-20 01:00:00,7399,E5,supply,fvg,fvg:supply:7397,3230.60009765625,3230.199951171875,,2,,0,0,1,7,10
2025-05-20 01:00:00,7399,E5,supply,fvg,fvg:supply:7398,3227.199951171875,3226.199951171875,,1,,0,0,1,7,8
2025-05-20 04:00:00,7402,E5,supply,fvg,fvg:supply:7401,3223.60009765625,3217.300048828125,,1,,0,0,1,4,4
2025-05-20 08:00:00,7406,E4,supply,ob_internal,ob_internal:supply:7400,3243.300048828125,3232.60009765625,,6,,0,0,1,4,5
2025-05-20 12:00:00,7410,E1,supply,sd,sd:supply:7307,3284.0708935546877,3253.39990234375,-24553.0,103,5.1,1,0,1,1,7
2025-05-20 14:00:00,7412,E4,supply,ob_internal,ob_internal:supply:7266,3288.89990234375,3274.10009765625,,146,,0,0,1,7,7
2025-05-21 01:00:00,7422,E5,demand,fvg,fvg:demand:7416,3287.300048828125,3285.39990234375,,6,,0,0,0,10,10
2025-05-21 07:00:00,7428,E5,demand,fvg,fvg:demand:7427,3312.5,3310.10009765625,,1,,0,0,1,5,5
2025-05-21 18:00:00,7439,E2,demand,sd,sd:demand:7436,3314.800048828125,3286.0590405273438,53001.0,3,11.7,0,1,0,6,6
2025-05-22 01:00:00,7445,E5,supply,fvg,fvg:supply:7256,3341.39990234375,3335.5,,189,,0,1,0,7,7
2025-05-22 02:00:00,7446,E4,supply,ob_swing,ob_swing:supply:7257,3352.699951171875,3341.39990234375,,189,,0,1,0,6,6
2025-05-22 02:00:00,7446,E4,supply,ob_internal,ob_internal:supply:7257,3352.699951171875,3341.39990234375,,189,,0,1,0,6,6
2025-05-22 03:00:00,7447,E5,demand,fvg,fvg:demand:7446,3337.5,3328.10009765625,,1,,0,0,1,4,5
2025-05-22 08:00:00,7452,E2,demand,sd,sd:demand:7436,3314.800048828125,3286.0590405273438,53001.0,16,11.7,1,0,0,2,10
2025-05-22 08:00:00,7452,E4,demand,ob_swing,ob_swing:demand:7444,3314.800048828125,3291.5,,8,,0,0,1,2,6
2025-05-22 08:00:00,7452,E4,demand,ob_internal,ob_internal:demand:7444,3314.800048828125,3291.5,,8,,0,0,1,2,6
2025-05-22 11:00:00,7455,E5,supply,fvg,fvg:supply:7453,3323.39990234375,3313.699951171875,,2,,0,1,0,2,2
2025-05-22 11:00:00,7455,E5,supply,fvg,fvg:supply:7454,3310.5,3308.300048828125,,1,,0,1,0,2,2
2025-05-23 00:00:00,7467,E5,demand,fvg,fvg:demand:7466,3297.300048828125,3295.5,,1,,0,1,0,6,6
2025-05-23 05:00:00,7472,E1,supply,sd,sd:supply:7454,3351.530910644531,3323.39990234375,-39455.0,18,8.0,0,0,1,6,8
2025-05-23 08:00:00,7475,E5,demand,fvg,fvg:demand:7473,3322.699951171875,3316.0,,2,,0,1,0,3,3
2025-05-23 08:00:00,7475,E5,demand,fvg,fvg:demand:7474,3326.10009765625,3325.39990234375,,1,,0,1,0,3,3
2025-05-23 11:00:00,7478,E4,supply,ob_swing,ob_swing:supply:7257,3352.699951171875,3341.39990234375,,221,,1,0,1,2,2
2025-05-23 11:00:00,7478,E4,supply,ob_internal,ob_internal:supply:7257,3352.699951171875,3341.39990234375,,221,,1,0,1,2,2
2025-05-23 12:00:00,7479,E1,supply,sd,sd:supply:7230,3386.545048828125,3356.300048828125,-84048.0,249,17.1,0,0,0,10,10
2025-05-23 13:00:00,7480,E5,demand,fvg,fvg:demand:7479,3344.60009765625,3331.89990234375,,1,,0,0,0,10,10
2025-05-23 15:00:00,7482,E4,supply,ob_internal,ob_internal:supply:7229,3375.699951171875,3360.39990234375,,253,,0,1,0,8,8
2025-05-26 02:00:00,7492,E5,supply,fvg,fvg:supply:7489,3355.89990234375,3349.199951171875,,3,,0,0,0,10,10
2025-05-26 08:00:00,7498,E5,supply,fvg,fvg:supply:7497,3343.60009765625,3338.10009765625,,1,,0,0,0,10,10
2025-05-26 16:00:00,7506,E4,supply,ob_internal,ob_internal:supply:7499,3355.300048828125,3341.300048828125,,7,,0,1,0,10,10
2025-05-27 00:00:00,7511,E5,demand,fvg,fvg:demand:7510,3344.10009765625,3343.300048828125,,1,,0,0,1,1,1
2025-05-27 01:00:00,7512,E5,demand,fvg,fvg:demand:7504,3335.800048828125,3335.0,,8,,0,0,1,4,4
2025-05-27 01:00:00,7512,E5,demand,fvg,fvg:demand:7507,3340.39990234375,3339.60009765625,,5,,0,0,1,4,3
2025-05-27 06:00:00,7517,E2,demand,sd,sd:demand:7436,3314.800048828125,3286.0590405273438,53001.0,81,11.7,2,0,0,1,10
2025-05-27 06:00:00,7517,E4,demand,ob_internal,ob_internal:demand:7471,3309.5,3285.5,,46,,0,0,0,1,10
2025-05-27 06:00:00,7517,E5,demand,fvg,fvg:demand:7472,3311.89990234375,3302.39990234375,,45,,0,0,1,1,1
2025-05-27 07:00:00,7518,E4,demand,ob_swing,ob_swing:demand:7478,3304.199951171875,3277.800048828125,,40,,0,0,0,7,10
2025-05-27 15:00:00,7526,E2,demand,sd,sd:demand:7525,3296.699951171875,3270.611926269531,47702.0,1,9.6,0,0,0,10,10
2025-05-27 23:00:00,7533,E5,demand,fvg,fvg:demand:7529,3298.199951171875,3297.39990234375,,4,,0,0,0,2,10
2025-05-28 00:00:00,7534,E5,supply,fvg,fvg:supply:7518,3315.0,3312.39990234375,,16,,0,0,0,7,10
2025-05-28 01:00:00,7535,E4,demand,ob_swing,ob_swing:demand:7478,3304.199951171875,3277.800048828125,,57,,1,1,0,6,6
2025-05-28 01:00:00,7535,E5,demand,fvg,fvg:demand:7534,3306.800048828125,3304.39990234375,,1,,0,1,1,6,2
2025-05-28 03:00:00,7537,E2,demand,sd,sd:demand:7525,3296.699951171875,3270.611926269531,47702.0,12,9.6,1,1,0,4,4
2025-05-28 08:00:00,7542,E2,demand,sd,sd:demand:7436,3314.800048828125,3286.0590405273438,53001.0,106,10.7,3,0,0,3,10
2025-05-28 10:00:00,7544,E5,demand,fvg,fvg:demand:7542,3313.699951171875,3307.199951171875,,2,,0,0,1,3,3
2025-05-28 13:00:00,7547,E2,demand,sd,sd:demand:7542,3298.89990234375,3273.742883300781,22876.0,5,5.1,0,0,1,2,9
2025-05-28 13:00:00,7547,E2,demand,sd,sd:demand:7525,3296.699951171875,3270.611926269531,47702.0,22,10.6,2,0,1,2,9
2025-05-28 13:00:00,7547,E4,demand,ob_swing,ob_swing:demand:7478,3304.199951171875,3277.800048828125,,69,,2,0,1,2,9
2025-05-28 13:00:00,7547,E5,supply,fvg,fvg:supply:7545,3319.300048828125,3314.10009765625,,2,,0,1,0,7,7
2025-05-28 14:00:00,7548,E4,demand,ob_internal,ob_internal:demand:7541,3303.39990234375,3289.89990234375,,7,,0,0,1,2,6
2025-05-28 18:00:00,7552,E5,supply,fvg,fvg:supply:7550,3298.89990234375,3297.5,,2,,0,1,0,2,2
2025-05-28 20:00:00,7554,E5,demand,fvg,fvg:demand:7413,3275.800048828125,3265.300048828125,,141,,0,0,1,1,2
2025-05-28 23:00:00,7556,E5,demand,fvg,fvg:demand:7412,3263.699951171875,3254.10009765625,,144,,0,1,0,8,8
2025-05-29 02:00:00,7559,E5,supply,fvg,fvg:supply:7557,3272.0,3265.10009765625,,2,,0,0,1,5,5
2025-05-29 05:00:00,7562,E5,demand,fvg,fvg:demand:7560,3266.300048828125,3261.199951171875,,2,,0,1,0,2,2
2025-05-29 07:00:00,7564,E1,supply,sd,sd:supply:7549,3329.5109228515626,3304.39990234375,-37665.0,15,7.6,0,1,0,1,1
2025-05-29 07:00:00,7564,E5,supply,fvg,fvg:supply:7555,3291.5,3290.300048828125,,9,,0,1,0,1,1
2025-05-29 09:00:00,7566,E5,demand,fvg,fvg:demand:7565,3276.60009765625,3271.89990234375,,1,,0,0,0,1,3
2025-05-29 10:00:00,7567,E4,supply,ob_internal,ob_internal:supply:7554,3324.5,3319.300048828125,,13,,0,0,1,2,3
2025-05-29 10:00:00,7567,E4,supply,ob_swing,ob_swing:supply:7555,3324.5,3319.300048828125,,12,,0,0,1,2,3
2025-05-29 11:00:00,7568,E5,supply,fvg,fvg:supply:7517,3330.0,3327.699951171875,,51,,0,0,1,2,5
2025-05-29 12:00:00,7569,E1,supply,sd,sd:supply:7517,3360.1939794921873,3334.199951171875,-37041.0,52,7.4,0,0,0,10,10
2025-05-29 12:00:00,7569,E2,demand,sd,sd:demand:7568,3314.10009765625,3288.4640844726564,24343.0,1,4.9,0,0,0,1,10
2025-05-29 12:00:00,7569,E4,supply,ob_internal,ob_internal:supply:7499,3355.300048828125,3341.300048828125,,70,,1,0,0,10,10
2025-05-29 12:00:00,7569,E5,supply,fvg,fvg:supply:7516,3340.699951171875,3332.10009765625,,53,,0,0,0,10,10
2025-05-29 15:00:00,7572,E4,supply,ob_swing,ob_swing:supply:7516,3349.699951171875,3342.0,,56,,0,0,0,10,10
2025-05-29 15:00:00,7572,E4,supply,ob_internal,ob_internal:supply:7516,3349.699951171875,3342.0,,56,,0,0,0,10,10
2025-05-29 16:00:00,7573,E1,supply,sd,sd:supply:7230,3386.545048828125,3356.300048828125,-84048.0,343,18.3,1,0,0,10,10
2025-05-29 16:00:00,7573,E5,supply,fvg,fvg:supply:7488,3358.199951171875,3356.0,,85,,0,0,0,10,10
2025-05-30 02:00:00,7582,E1,supply,sd,sd:supply:7517,3360.1939794921873,3334.199951171875,-37041.0,65,8.1,1,0,0,10,10
2025-05-30 05:00:00,7585,E2,demand,sd,sd:demand:7568,3314.10009765625,3288.4640844726564,24343.0,17,5.0,1,0,0,2,10
2025-05-30 05:00:00,7585,E5,supply,fvg,fvg:supply:7583,3332.199951171875,3325.89990234375,,2,,0,1,0,9,9
2025-05-30 17:00:00,7597,E2,demand,sd,sd:demand:7568,3314.10009765625,3288.4640844726564,24343.0,29,4.9,2,0,0,10,10
2025-06-01 22:00:00,7601,E1,supply,sd,sd:supply:7583,3361.914064941406,3336.300048828125,-27000.0,18,5.5,0,0,1,8,9
2025-06-01 22:00:00,7601,E1,supply,sd,sd:supply:7517,3360.1939794921873,3334.199951171875,-37041.0,84,7.5,2,0,1,8,9
2025-06-01 23:00:00,7602,E2,demand,sd,sd:demand:7596,3332.89990234375,3306.8538916015623,46482.0,6,9.4,0,1,0,7,7
2025-06-02 00:00:00,7603,E5,demand,fvg,fvg:demand:7602,3332.699951171875,3319.699951171875,,1,,0,1,0,6,6
2025-06-02 06:00:00,7609,E1,supply,sd,sd:supply:7230,3386.545048828125,3356.300048828125,-84048.0,379,17.0,2,0,1,1,7
2025-06-02 06:00:00,7609,E4,supply,ob_internal,ob_internal:supply:7229,3375.699951171875,3360.39990234375,,380,,1,0,1,1,6
2025-06-02 09:00:00,7612,E5,demand,fvg,fvg:demand:7611,3374.699951171875,3369.89990234375,,1,,0,1,0,4,4
2025-06-02 12:00:00,7615,E1,supply,sd,sd:supply:7209,3417.054953613281,3386.699951171875,-65657.0,406,15.3,1,0,0,1,10
2025-06-02 13:00:00,7616,E5,supply,fvg,fvg:supply:7218,3401.800048828125,3390.699951171875,,398,,0,0,1,8,8
2025-06-02 13:00:00,7616,E5,demand,fvg,fvg:demand:7615,3378.699951171875,3376.300048828125,,1,,0,0,0,10,10
2025-06-02 19:00:00,7622,E5,supply,fvg,fvg:supply:7217,3408.699951171875,3405.800048828125,,405,,0,0,0,3,8
2025-06-02 22:00:00,7624,E4,supply,ob_swing,ob_swing:supply:7218,3422.0,3408.699951171875,,406,,0,1,0,3,3
2025-06-02 22:00:00,7624,E4,supply,ob_internal,ob_internal:supply:7218,3422.0,3408.699951171875,,406,,0,1,0,3,3
2025-06-03 00:00:00,7626,E5,demand,fvg,fvg:demand:7622,3403.0,3400.89990234375,,4,,0,0,1,1,1
2025-06-03 00:00:00,7626,E5,demand,fvg,fvg:demand:7625,3408.300048828125,3408.10009765625,,1,,0,0,1,1,1
2025-06-03 01:00:00,7627,E5,demand,fvg,fvg:demand:7617,3391.800048828125,3388.89990234375,,10,,0,0,1,2,5
2025-06-03 02:00:00,7628,E5,supply,fvg,fvg:supply:7627,3408.300048828125,3401.300048828125,,1,,0,0,0,10,10
2025-06-03 08:00:00,7634,E1,supply,sd,sd:supply:7209,3417.054953613281,3386.699951171875,-65657.0,425,17.5,2,1,0,6,6
2025-06-03 11:00:00,7637,E5,supply,fvg,fvg:supply:7636,3384.300048828125,3383.10009765625,,1,,0,1,0,3,3
2025-06-03 13:00:00,7639,E5,demand,fvg,fvg:demand:7610,3367.699951171875,3350.0,,29,,0,0,0,1,10
2025-06-03 23:00:00,7648,E4,supply,ob_internal,ob_internal:supply:7639,3389.800048828125,3384.300048828125,,9,,0,0,0,2,10
2025-06-04 01:00:00,7650,E1,supply,sd,sd:supply:7209,3417.054953613281,3386.699951171875,-65657.0,441,17.5,3,1,0,4,4
2025-06-04 03:00:00,7652,E5,demand,fvg,fvg:demand:7651,3386.800048828125,3384.699951171875,,1,,0,0,1,2,2
2025-06-04 06:00:00,7655,E5,supply,fvg,fvg:supply:7654,3382.10009765625,3380.300048828125,,1,,0,0,1,8,8
2025-06-04 07:00:00,7656,E5,supply,fvg,fvg:supply:7653,3386.800048828125,3385.699951171875,,3,,0,0,1,2,7
2025-06-04 10:00:00,7659,E4,demand,ob_internal,ob_internal:demand:7650,3374.60009765625,3357.199951171875,,9,,0,1,0,4,4
2025-06-04 12:00:00,7661,E5,supply,fvg,fvg:supply:7660,3383.300048828125,3376.199951171875,,1,,0,0,1,2,2
2025-06-04 13:00:00,7662,E1,supply,sd,sd:supply:7209,3417.054953613281,3386.699951171875,-65657.0,453,17.5,4,0,0,1,10
2025-06-04 14:00:00,7663,E1,supply,sd,sd:supply:7628,3431.907998046875,3406.5,-29429.0,35,7.8,0,0,0,10,10
2025-06-04 20:00:00,7669,E5,demand,fvg,fvg:demand:7664,3394.5,3387.199951171875,,5,,0,0,0,7,10
2025-06-04 22:00:00,7670,E5,supply,fvg,fvg:supply:7669,3399.60009765625,3399.300048828125,,1,,0,0,0,3,10
2025-06-05 01:00:00,7673,E1,supply,sd,sd:supply:7628,3431.907998046875,3406.5,-29429.0,45,7.8,1,0,0,8,10
2025-06-05 07:00:00,7679,E4,supply,ob_internal,ob_internal:supply:7674,3407.699951171875,3394.10009765625,,5,,0,0,1,2,3
2025-06-05 09:00:00,7681,E4,supply,ob_swing,ob_swing:supply:7218,3422.0,3408.699951171875,,463,,1,0,0,1,5
2025-06-05 09:00:00,7681,E4,supply,ob_internal,ob_internal:supply:7218,3422.0,3408.699951171875,,463,,1,0,0,1,5
2025-06-05 12:00:00,7684,E5,demand,fvg,fvg:demand:7682,3411.800048828125,3400.39990234375,,2,,0,0,1,2,2
2025-06-05 12:00:00,7684,E5,demand,fvg,fvg:demand:7683,3416.300048828125,3415.300048828125,,1,,0,0,1,2,1
2025-06-05 13:00:00,7685,E1,supply,sd,sd:supply:7628,3431.907998046875,3406.5,-29429.0,57,10.6,2,1,0,2,2
2025-06-05 14:00:00,7686,E2,demand,sd,sd:demand:7682,3393.39990234375,3369.6519140625,36955.0,4,11.0,0,0,0,1,10
2025-06-05 14:00:00,7686,E4,demand,ob_swing,ob_swing:demand:7681,3393.39990234375,3384.5,,5,,0,0,1,1,1
2025-06-05 14:00:00,7686,E4,demand,ob_internal,ob_internal:demand:7681,3393.39990234375,3384.5,,5,,0,0,1,1,1
2025-06-05 15:00:00,7687,E4,demand,ob_internal,ob_internal:demand:7650,3374.60009765625,3357.199951171875,,37,,1,0,0,10,10
2025-06-05 15:00:00,7687,E4,demand,ob_swing,ob_swing:demand:7663,3376.199951171875,3366.89990234375,,24,,0,0,0,10,10
2025-06-05 15:00:00,7687,E4,demand,ob_internal,ob_internal:demand:7663,3376.199951171875,3366.89990234375,,24,,0,0,0,10,10
2025-06-05 19:00:00,7691,E5,supply,fvg,fvg:supply:7688,3387.10009765625,3379.39990234375,,3,,0,0,0,7,10
2025-06-06 05:00:00,7700,E5,demand,fvg,fvg:demand:7699,3391.60009765625,3389.39990234375,,1,,0,0,1,2,2
2025-06-06 08:00:00,7703,E5,supply,fvg,fvg:supply:7701,3391.60009765625,3390.60009765625,,2,,0,1,0,4,4
2025-06-06 08:00:00,7703,E5,supply,fvg,fvg:supply:7702,3385.60009765625,3385.300048828125,,1,,0,1,0,4,4
2025-06-06 13:00:00,7708,E4,demand,ob_internal,ob_internal:demand:7650,3374.60009765625,3357.199951171875,,58,,2,0,1,1,1
2025-06-06 14:00:00,7709,E5,demand,fvg,fvg:demand:7609,3347.60009765625,3341.89990234375,,100,,0,0,1,5,6
2025-06-06 18:00:00,7713,E5,demand,fvg,fvg:demand:7608,3337.60009765625,3332.39990234375,,105,,0,0,1,5,5
2025-06-06 19:00:00,7714,E4,demand,ob_internal,ob_internal:demand:7608,3337.10009765625,3324.300048828125,,106,,0,0,0,4,10
2025-06-06 20:00:00,7715,E2,demand,sd,sd:demand:7596,3332.89990234375,3306.8538916015623,46482.0,119,11.2,1,0,0,3,10
2025-06-08 22:00:00,7716,E5,supply,fvg,fvg:supply:7715,3336.10009765625,3334.800048828125,,1,,0,0,1,9,9
2025-06-09 01:00:00,7719,E4,demand,ob_internal,ob_internal:demand:7601,3320.199951171875,3307.60009765625,,118,,0,1,0,5,5
2025-06-09 02:00:00,7720,E2,demand,sd,sd:demand:7568,3314.10009765625,3288.4640844726564,24343.0,152,5.9,3,1,0,5,5
2025-06-09 03:00:00,7721,E5,supply,fvg,fvg:supply:7719,3333.60009765625,3329.300048828125,,2,,0,0,1,3,3
2025-06-09 06:00:00,7724,E5,supply,fvg,fvg:supply:7714,3343.60009765625,3341.199951171875,,10,,0,0,1,10,10
2025-06-09 08:00:00,7726,E5,demand,fvg,fvg:demand:7725,3341.60009765625,3336.89990234375,,1,,0,0,0,10,10
2025-06-09 13:00:00,7731,E2,demand,sd,sd:demand:7596,3332.89990234375,3306.8538916015623,46482.0,135,11.2,2,0,0,10,10
2025-06-09 19:00:00,7737,E5,demand,fvg,fvg:demand:7734,3348.5,3347.89990234375,,3,,0,0,1,4,4
2025-06-09 22:00:00,7739,E2,demand,sd,sd:demand:7734,3342.5,3317.77603515625,31541.0,5,8.4,0,0,0,2,10
2025-06-09 22:00:00,7739,E5,supply,fvg,fvg:supply:7738,3353.39990234375,3350.699951171875,,1,,0,0,0,1,3
2025-06-10 00:00:00,7741,E4,demand,ob_internal,ob_internal:demand:7734,3342.5,3331.5,,7,,0,0,1,1,2
2025-06-10 01:00:00,7742,E2,demand,sd,sd:demand:7596,3332.89990234375,3306.8538916015623,46482.0,146,12.3,3,1,0,5,5
2025-06-10 01:00:00,7742,E5,demand,fvg,fvg:demand:7722,3329.0,3327.5,,20,,0,1,0,5,5
2025-06-10 03:00:00,7744,E5,supply,fvg,fvg:supply:7743,3333.800048828125,3330.0,,1,,0,0,1,2,3
2025-06-10 06:00:00,7747,E5,supply,fvg,fvg:supply:7742,3344.10009765625,3339.699951171875,,5,,0,0,1,2,2
2025-06-10 10:00:00,7751,E4,supply,ob_internal,ob_internal:supply:7742,3359.0,3353.39990234375,,9,,0,0,1,3,3
2025-06-10 11:00:00,7752,E5,supply,fvg,fvg:supply:7710,3364.800048828125,3359.199951171875,,42,,0,0,0,2,10
2025-06-10 12:00:00,7753,E5,demand,fvg,fvg:demand:7752,3352.89990234375,3352.39990234375,,1,,0,0,1,2,4
2025-06-10 15:00:00,7756,E5,demand,fvg,fvg:demand:7748,3344.300048828125,3339.39990234375,,8,,0,0,0,7,10
2025-06-10 16:00:00,7757,E2,demand,sd,sd:demand:7734,3342.5,3317.77603515625,31541.0,23,8.4,1,1,0,10,10
2025-06-10 19:00:00,7760,E5,supply,fvg,fvg:supply:7756,3356.5,3350.39990234375,,4,,0,0,0,6,10
2025-06-10 23:00:00,7763,E5,demand,fvg,fvg:demand:7747,3335.60009765625,3328.5,,16,,0,1,0,8,8
2025-06-11 09:00:00,7773,E5,demand,fvg,fvg:demand:7772,3363.5,3361.300048828125,,1,,0,1,1,3,1
2025-06-11 11:00:00,7775,E1,supply,sd,sd:supply:7774,3377.0190551757814,3355.60009765625,-16878.0,1,4.3,0,0,1,1,10
2025-06-11 12:00:00,7776,E1,supply,sd,sd:supply:7708,3404.0379248046875,3379.199951171875,-47267.0,68,12.1,0,0,0,7,10
2025-06-11 12:00:00,7776,E5,supply,fvg,fvg:supply:7774,3363.5,3357.300048828125,,2,,0,0,1,7,8
2025-06-11 17:00:00,7781,E2,demand,sd,sd:demand:7734,3342.5,3317.77603515625,31541.0,47,8.1,2,1,0,1,1
2025-06-11 18:00:00,7782,E4,supply,ob_internal,ob_internal:supply:7781,3365.60009765625,3347.5,,1,,0,0,1,3,3
2025-06-11 22:00:00,7785,E4,supply,ob_swing,ob_swing:supply:7709,3398.300048828125,3385.60009765625,,76,,0,1,0,9,9
2025-06-11 22:00:00,7785,E4,supply,ob_internal,ob_internal:supply:7709,3398.300048828125,3385.60009765625,,76,,0,1,0,9,9
2025-06-12 03:00:00,7790,E2,demand,sd,sd:demand:7789,3394.0,3371.9270336914065,22695.0,1,6.6,0,0,1,4,4
2025-06-12 07:00:00,7794,E5,demand,fvg,fvg:demand:7783,3362.699951171875,3352.10009765625,,11,,0,1,0,3,3
2025-06-12 07:00:00,7794,E5,demand,fvg,fvg:demand:7785,3376.300048828125,3370.199951171875,,9,,0,1,0,3,3
2025-06-12 07:00:00,7794,E5,demand,fvg,fvg:demand:7786,3377.60009765625,3376.60009765625,,8,,0,1,0,3,3
2025-06-12 08:00:00,7795,E1,supply,sd,sd:supply:7708,3404.0379248046875,3379.199951171875,-47267.0,87,12.6,1,0,1,2,5
2025-06-12 09:00:00,7796,E5,supply,fvg,fvg:supply:7795,3385.10009765625,3380.800048828125,,1,,0,0,1,1,1
2025-06-12 10:00:00,7797,E1,supply,sd,sd:supply:7628,3431.907998046875,3406.5,-29429.0,169,7.9,3,0,0,3,10
2025-06-12 13:00:00,7800,E1,supply,sd,sd:supply:7685,3435.859035644531,3411.800048828125,-57601.0,115,17.6,0,0,0,10,10
2025-06-12 13:00:00,7800,E5,supply,fvg,fvg:supply:7685,3416.300048828125,3412.60009765625,,115,,0,0,1,10,10
2025-06-12 22:00:00,7808,E1,supply,sd,sd:supply:7628,3431.907998046875,3406.5,-29429.0,180,9.0,4,0,1,1,3
2025-06-12 23:00:00,7809,E4,supply,ob_internal,ob_internal:supply:7687,3427.699951171875,3416.300048828125,,122,,0,0,1,1,1
2025-06-13 03:00:00,7813,E5,demand,fvg,fvg:demand:7812,3446.300048828125,3442.0,,1,,0,0,0,3,10
2025-06-13 06:00:00,7816,E5,demand,fvg,fvg:demand:7811,3435.10009765625,3417.0,,5,,0,1,0,7,7
2025-06-13 10:00:00,7820,E5,demand,fvg,fvg:demand:7819,3440.60009765625,3439.699951171875,,1,,0,1,0,3,3
2025-06-13 14:00:00,7824,E5,demand,fvg,fvg:demand:7823,3454.300048828125,3443.199951171875,,1,,0,1,0,7,7
2025-06-13 16:00:00,7826,E5,supply,fvg,fvg:supply:7825,3454.300048828125,3450.89990234375,,1,,0,0,1,5,5
2025-06-16 00:00:00,7833,E5,demand,fvg,fvg:demand:7832,3459.5,3455.10009765625,,1,,0,0,1,5,5
2025-06-16 03:00:00,7836,E4,demand,ob_internal,ob_internal:demand:7831,3451.39990234375,3439.199951171875,,5,,0,0,1,2,10
2025-06-16 05:00:00,7838,E1,supply,sd,sd:supply:7832,3471.2940625,3448.60009765625,-26808.0,6,10.1,0,1,0,8,8
2025-06-16 10:00:00,7843,E5,supply,fvg,fvg:supply:7839,3445.800048828125,3440.800048828125,,4,,0,1,0,3,3
2025-06-16 13:00:00,7846,E2,demand,sd,sd:demand:7811,3407.0,3384.831032714844,50904.0,35,19.1,0,0,0,10,10
2025-06-16 13:00:00,7846,E5,demand,fvg,fvg:demand:7810,3412.39990234375,3407.0,,36,,0,0,0,10,10
2025-06-16 15:00:00,7848,E5,supply,fvg,fvg:supply:7847,3430.300048828125,3418.89990234375,,1,,0,0,0,10,10
2025-06-16 18:00:00,7851,E4,demand,ob_internal,ob_internal:demand:7809,3405.699951171875,3398.699951171875,,42,,0,0,0,8,10
2025-06-16 22:00:00,7854,E5,supply,fvg,fvg:supply:7851,3415.89990234375,3413.800048828125,,3,,0,1,0,5,5
2025-06-16 22:00:00,7854,E5,supply,fvg,fvg:supply:7852,3410.300048828125,3407.39990234375,,2,,0,1,1,5,1
2025-06-17 00:00:00,7856,E5,demand,fvg,fvg:demand:7855,3412.300048828125,3405.10009765625,,1,,0,0,1,3,3
2025-06-17 02:00:00,7858,E2,demand,sd,sd:demand:7811,3407.0,3384.831032714844,50904.0,47,19.1,1,0,0,1,10
2025-06-17 03:00:00,7859,E5,demand,fvg,fvg:demand:7798,3393.5,3388.199951171875,,61,,0,0,0,10,10
2025-06-17 04:00:00,7860,E5,supply,fvg,fvg:supply:7859,3412.300048828125,3411.699951171875,,1,,0,1,0,10,10
2025-06-17 12:00:00,7868,E2,demand,sd,sd:demand:7811,3407.0,3384.831032714844,50904.0,57,19.1,2,0,0,2,10
2025-06-17 12:00:00,7868,E5,demand,fvg,fvg:demand:7867,3406.60009765625,3404.10009765625,,1,,0,0,1,2,2
2025-06-17 14:00:00,7870,E4,demand,ob_internal,ob_internal:demand:7866,3404.10009765625,3393.699951171875,,4,,0,0,0,1,10
2025-06-17 23:00:00,7878,E2,demand,sd,sd:demand:7811,3407.0,3384.831032714844,50904.0,67,19.1,3,0,0,3,10
2025-06-17 23:00:00,7878,E5,demand,fvg,fvg:demand:7877,3406.89990234375,3405.0,,1,,0,0,1,3,3
2025-06-18 03:00:00,7882,E5,supply,fvg,fvg:supply:7881,3401.199951171875,3398.0,,1,,0,0,1,10,1
2025-06-18 05:00:00,7884,E5,demand,fvg,fvg:demand:7883,3408.199951171875,3398.0,,1,,0,0,0,4,10
2025-06-18 08:00:00,7887,E5,supply,fvg,fvg:supply:7885,3408.199951171875,3405.5,,2,,0,0,0,5,10
2025-06-18 14:00:00,7893,E2,demand,sd,sd:demand:7892,3403.800048828125,3381.278078613281,37262.0,1,13.4,0,0,0,5,10
2025-06-18 14:00:00,7893,E2,demand,sd,sd:demand:7811,3407.0,3384.831032714844,50904.0,82,18.2,4,0,0,5,10
2025-06-18 19:00:00,7898,E5,demand,fvg,fvg:demand:7797,3382.5,3380.800048828125,,101,,0,0,1,10,10
2025-06-18 22:00:00,7900,E5,supply,fvg,fvg:supply:7899,3396.0,3387.60009765625,,1,,0,0,0,3,8
2025-06-19 00:00:00,7902,E1,supply,sd,sd:supply:7898,3422.251970214844,3399.5,-42949.0,4,13.3,0,1,0,6,6
2025-06-19 00:00:00,7902,E4,supply,ob_internal,ob_internal:supply:7898,3414.199951171875,3396.0,,4,,0,1,0,6,6
2025-06-19 00:00:00,7902,E5,supply,fvg,fvg:supply:7898,3403.699951171875,3397.5,,4,,0,1,0,6,6
2025-06-19 06:00:00,7908,E4,demand,ob_internal,ob_internal:demand:7797,3380.800048828125,3366.699951171875,,111,,0,1,0,4,4
2025-06-19 07:00:00,7909,E5,supply,fvg,fvg:supply:7908,3389.10009765625,3381.89990234375,,1,,0,0,0,3,10
2025-06-19 10:00:00,7912,E4,supply,ob_internal,ob_internal:supply:7908,3405.199951171875,3391.5,,4,,0,0,0,10,10
2025-06-20 07:00:00,7930,E5,supply,fvg,fvg:supply:7929,3368.699951171875,3365.39990234375,,1,,0,0,1,2,6
2025-06-20 11:00:00,7934,E5,demand,fvg,fvg:demand:7933,3371.0,3368.60009765625,,1,,0,1,1,2,1
2025-06-20 13:00:00,7936,E4,supply,ob_internal,ob_internal:supply:7924,3392.199951171875,3382.699951171875,,12,,0,0,1,8,8
2025-06-20 13:00:00,7936,E4,supply,ob_swing,ob_swing:supply:7928,3396.89990234375,3386.10009765625,,8,,0,0,1,8,8
2025-06-20 13:00:00,7936,E5,supply,fvg,fvg:supply:7925,3380.89990234375,3377.0,,11,,0,0,1,8,8
2025-06-20 13:00:00,7936,E5,supply,fvg,fvg:supply:7935,3371.0,3366.60009765625,,1,,0,0,1,8,1
2025-06-20 18:00:00,7941,E5,demand,fvg,fvg:demand:7937,3381.300048828125,3366.60009765625,,4,,0,1,0,3,3
2025-06-20 19:00:00,7942,E5,supply,fvg,fvg:supply:7941,3384.0,3383.800048828125,,1,,0,0,1,2,2
2025-06-22 22:00:00,7944,E1,supply,sd,sd:supply:7898,3422.251970214844,3399.5,-42949.0,46,13.9,1,1,0,2,2
2025-06-22 22:00:00,7944,E4,supply,ob_internal,ob_internal:supply:7908,3405.199951171875,3391.5,,36,,1,1,0,2,2
2025-06-22 23:00:00,7945,E5,demand,fvg,fvg:demand:7944,3386.800048828125,3386.39990234375,,1,,0,0,1,1,1
2025-06-23 00:00:00,7946,E4,demand,ob_internal,ob_internal:demand:7944,3383.800048828125,3380.199951171875,,2,,0,0,1,1,1
2025-06-23 00:00:00,7946,E5,demand,fvg,fvg:demand:7945,3386.800048828125,3385.0,,1,,0,0,1,1,1
2025-06-23 09:00:00,7955,E5,supply,fvg,fvg:supply:7947,3386.800048828125,3384.0,,8,,0,0,1,2,2
2025-06-23 11:00:00,7957,E4,supply,ob_internal,ob_internal:supply:7947,3396.0,3386.800048828125,,10,,0,1,0,1,1
2025-06-23 12:00:00,7958,E5,demand,fvg,fvg:demand:7955,3377.0,3373.89990234375,,3,,0,1,0,1,1
2025-06-23 12:00:00,7958,E5,demand,fvg,fvg:demand:7956,3379.60009765625,3377.800048828125,,2,,0,1,0,1,1
2025-06-23 13:00:00,7959,E1,supply,sd,sd:supply:7898,3422.251970214844,3399.5,-42949.0,61,13.9,2,0,0,3,8
2025-06-23 13:00:00,7959,E4,supply,ob_internal,ob_internal:supply:7898,3414.199951171875,3396.0,,61,,1,0,0,3,8
2025-06-24 03:00:00,7972,E5,supply,fvg,fvg:supply:7968,3382.89990234375,3372.39990234375,,4,,0,1,0,2,2
2025-06-24 05:00:00,7974,E2,demand,sd,sd:demand:7734,3342.5,3317.77603515625,31541.0,240,10.2,3,0,0,1,10
2025-06-24 05:00:00,7974,E4,demand,ob_swing,ob_swing:demand:7784,3348.60009765625,3335.39990234375,,190,,0,0,1,1,7
2025-06-24 05:00:00,7974,E4,demand,ob_internal,ob_internal:demand:7785,3352.10009765625,3339.39990234375,,189,,0,0,1,1,7
2025-06-24 06:00:00,7975,E2,demand,sd,sd:demand:7596,3332.89990234375,3306.8538916015623,46482.0,379,15.0,4,0,0,6,10
2025-06-24 12:00:00,7981,E2,demand,sd,sd:demand:7748,3328.5,3304.0000439453124,28465.0,233,8.3,0,0,0,1,10
2025-06-24 12:00:00,7981,E4,demand,ob_swing,ob_swing:demand:7754,3330.0,3321.300048828125,,227,,0,0,1,1,1
2025-06-24 12:00:00,7981,E4,demand,ob_internal,ob_internal:demand:7754,3330.0,3321.300048828125,,227,,0,0,1,1,1
2025-06-24 13:00:00,7982,E2,demand,sd,sd:demand:7568,3314.10009765625,3288.4640844726564,24343.0,414,7.1,4,1,0,10,10
2025-06-24 13:00:00,7982,E4,demand,ob_internal,ob_internal:demand:7601,3320.199951171875,3307.60009765625,,381,,1,1,0,10,10
2025-06-24 18:00:00,7987,E5,demand,fvg,fvg:demand:7986,3332.0,3330.89990234375,,1,,0,0,0,10,10
2025-06-24 20:00:00,7989,E4,supply,ob_internal,ob_internal:supply:7981,3346.800048828125,3338.5,,8,,0,0,0,10,10
2025-06-24 22:00:00,7990,E5,demand,fvg,fvg:demand:7989,3335.699951171875,3333.10009765625,,1,,0,0,0,10,10
2025-06-25 01:00:00,7993,E5,supply,fvg,fvg:supply:7975,3361.199951171875,3347.199951171875,,18,,0,0,0,10,10
2025-06-25 04:00:00,7996,E5,demand,fvg,fvg:demand:7993,3340.0,3338.800048828125,,3,,0,0,1,8,9
2025-06-25 12:00:00,8004,E2,demand,sd,sd:demand:7596,3332.89990234375,3306.8538916015623,46482.0,408,13.6,5,0,0,1,10
2025-06-25 13:00:00,8005,E2,demand,sd,sd:demand:7748,3328.5,3304.0000439453124,28465.0,257,8.3,1,1,0,3,3
2025-06-25 14:00:00,8006,E5,supply,fvg,fvg:supply:8005,3336.10009765625,3335.300048828125,,1,,0,0,1,2,2
2025-06-25 16:00:00,8008,E4,supply,ob_internal,ob_internal:supply:8001,3351.300048828125,3340.300048828125,,7,,0,0,0,10,10
2025-06-26 08:00:00,8023,E5,supply,fvg,fvg:supply:7974,3365.60009765625,3363.0,,49,,0,1,0,3,3
2025-06-26 09:00:00,8024,E5,demand,fvg,fvg:demand:8022,3353.0,3352.10009765625,,2,,0,0,1,2,3
2025-06-26 09:00:00,8024,E5,demand,fvg,fvg:demand:8023,3357.800048828125,3353.800048828125,,1,,0,0,1,2,2
2025-06-26 11:00:00,8026,E5,supply,fvg,fvg:supply:8025,3357.800048828125,3356.0,,1,,0,0,0,1,2
2025-06-26 13:00:00,8028,E2,demand,sd,sd:demand:7748,3328.5,3304.0000439453124,28465.0,280,8.3,2,0,0,1,10
2025-06-26 13:00:00,8028,E2,demand,sd,sd:demand:7596,3332.89990234375,3306.8538916015623,46482.0,432,13.6,6,0,0,1,10
2025-06-26 13:00:00,8028,E5,demand,fvg,fvg:demand:7985,3325.10009765625,3324.199951171875,,43,,0,0,0,1,10
2025-06-26 13:00:00,8028,E5,demand,fvg,fvg:demand:8007,3335.800048828125,3335.300048828125,,21,,0,0,1,1,1
2025-06-26 15:00:00,8030,E5,supply,fvg,fvg:supply:8029,3337.5,3337.0,,1,,0,0,1,2,2
2025-06-26 16:00:00,8031,E5,supply,fvg,fvg:supply:8028,3344.89990234375,3341.800048828125,,3,,0,1,0,9,9
2025-06-26 19:00:00,8034,E5,demand,fvg,fvg:demand:8032,3344.5,3337.89990234375,,2,,0,0,1,2,4
2025-06-26 22:00:00,8036,E2,demand,sd,sd:demand:8032,3337.0,3316.3910083007813,22710.0,4,6.8,0,0,1,2,5
2025-06-27 00:00:00,8038,E2,demand,sd,sd:demand:7748,3328.5,3304.0000439453124,28465.0,290,8.5,3,0,1,2,7
2025-06-27 02:00:00,8040,E4,demand,ob_internal,ob_internal:demand:7993,3324.199951171875,3312.0,,47,,0,0,1,1,3
2025-06-27 03:00:00,8041,E2,demand,sd,sd:demand:7568,3314.10009765625,3288.4640844726564,24343.0,473,7.3,5,0,1,4,10
2025-06-27 03:00:00,8041,E4,demand,ob_swing,ob_swing:demand:7609,3311.300048828125,3294.800048828125,,432,,0,0,1,4,9
2025-06-27 05:00:00,8043,E5,supply,fvg,fvg:supply:8042,3320.699951171875,3310.0,,1,,0,1,0,6,6
2025-06-27 14:00:00,8052,E5,supply,fvg,fvg:supply:8051,3287.60009765625,3286.39990234375,,1,,0,1,0,7,7
2025-06-30 01:00:00,8062,E5,supply,fvg,fvg:supply:8060,3282.300048828125,3281.89990234375,,2,,0,0,1,3,1
2025-06-30 04:00:00,8065,E5,demand,fvg,fvg:demand:8064,3288.800048828125,3287.199951171875,,1,,0,0,0,10,10
2025-06-30 09:00:00,8070,E5,demand,fvg,fvg:demand:8066,3295.800048828125,3294.199951171875,,4,,0,0,0,2,10
2025-06-30 09:00:00,8070,E5,demand,fvg,fvg:demand:8067,3298.60009765625,3297.60009765625,,3,,0,0,1,2,2
2025-06-30 10:00:00,8071,E5,supply,fvg,fvg:supply:8070,3301.699951171875,3300.300048828125,,1,,0,0,1,6,9
2025-06-30 15:00:00,8076,E1,supply,sd,sd:supply:8071,3321.8499462890627,3301.699951171875,-16359.0,5,4.1,0,0,1,3,9
2025-06-30 15:00:00,8076,E2,demand,sd,sd:demand:8075,3295.5,3275.2630004882812,26968.0,1,6.8,0,1,0,6,6
2025-06-30 22:00:00,8082,E5,supply,fvg,fvg:supply:8041,3327.5,3323.199951171875,,41,,0,0,1,3,7
2025-06-30 22:00:00,8082,E5,demand,fvg,fvg:demand:8081,3314.39990234375,3311.800048828125,,1,,0,1,0,7,7
2025-07-01 02:00:00,8086,E5,demand,fvg,fvg:demand:8085,3325.800048828125,3324.39990234375,,1,,0,1,0,4,4
2025-07-01 05:00:00,8089,E5,supply,fvg,fvg:supply:8037,3341.300048828125,3336.800048828125,,52,,0,0,1,2,2
2025-07-01 12:00:00,8096,E1,supply,sd,sd:supply:7975,3388.936083984375,3365.60009765625,-32914.0,121,8.7,0,1,0,3,3
2025-07-01 12:00:00,8096,E4,supply,ob_internal,ob_internal:supply:7974,3372.89990234375,3365.60009765625,,122,,0,1,0,3,3
2025-07-01 14:00:00,8098,E5,demand,fvg,fvg:demand:8094,3356.199951171875,3354.300048828125,,4,,0,0,1,1,9
2025-07-01 15:00:00,8099,E5,demand,fvg,fvg:demand:8092,3348.699951171875,3346.0,,7,,0,0,0,9,10
2025-07-02 05:00:00,8112,E5,demand,fvg,fvg:demand:8111,3349.0,3348.300048828125,,1,,0,0,1,1,1
2025-07-02 11:00:00,8118,E5,demand,fvg,fvg:demand:8117,3350.89990234375,3348.10009765625,,1,,0,0,0,3,8
2025-07-02 12:00:00,8119,E1,supply,sd,sd:supply:8099,3380.3369946289063,3360.5,-49395.0,20,11.5,0,0,0,6,10
2025-07-02 13:00:00,8120,E4,demand,ob_internal,ob_internal:demand:8117,3347.60009765625,3337.199951171875,,3,,0,1,0,5,5
2025-07-02 18:00:00,8125,E1,supply,sd,sd:supply:7975,3388.936083984375,3365.60009765625,-32914.0,150,7.7,1,0,0,3,9
2025-07-02 19:00:00,8126,E4,supply,ob_internal,ob_internal:supply:7974,3372.89990234375,3365.60009765625,,152,,1,0,0,2,5
2025-07-02 23:00:00,8129,E5,demand,fvg,fvg:demand:8126,3365.199951171875,3361.800048828125,,3,,0,0,1,5,2
2025-07-03 00:00:00,8130,E1,supply,sd,sd:supply:8099,3380.3369946289063,3360.5,-49395.0,31,11.5,1,1,0,4,4
2025-07-03 00:00:00,8130,E5,demand,fvg,fvg:demand:8124,3358.199951171875,3354.800048828125,,6,,0,0,1,4,4
2025-07-03 02:00:00,8132,E5,supply,fvg,fvg:supply:8130,3368.300048828125,3360.800048828125,,2,,0,1,0,2,2
2025-07-03 02:00:00,8132,E5,supply,fvg,fvg:supply:8131,3359.800048828125,3359.10009765625,,1,,0,1,0,2,2
2025-07-03 13:30:00,8134,E4,demand,ob_internal,ob_internal:demand:8117,3347.60009765625,3337.199951171875,,17,,1,0,0,1,10
2025-07-03 13:30:00,8134,E4,demand,ob_swing,ob_swing:demand:8128,3347.60009765625,3337.199951171875,,6,,0,0,0,1,10
2025-07-03 13:30:00,8134,E5,demand,fvg,fvg:demand:8089,3335.10009765625,3334.699951171875,,45,,0,0,0,1,10
2025-07-03 13:30:00,8134,E5,demand,fvg,fvg:demand:8090,3336.0,3335.5,,44,,0,0,0,1,10
2025-07-03 16:30:00,8137,E5,supply,fvg,fvg:supply:8135,3356.199951171875,3344.5,,2,,0,0,0,3,10
2025-07-04 04:00:00,8138,E5,supply,fvg,fvg:supply:8134,3356.39990234375,3348.5,,4,,0,0,0,10,10
2025-07-04 05:00:00,8139,E5,demand,fvg,fvg:demand:8138,3349.0,3341.60009765625,,1,,0,0,0,10,10
2025-07-04 07:00:00,8141,E5,demand,fvg,fvg:demand:8139,3348.10009765625,3345.0,,2,,0,0,0,2,10
2025-07-06 22:00:00,8151,E5,supply,fvg,fvg:supply:8144,3350.800048828125,3348.300048828125,,7,,0,1,0,3,3
2025-07-07 14:00:00,8167,E5,supply,fvg,fvg:supply:8155,3330.5,3326.800048828125,,12,,0,0,1,2,3
2025-07-07 17:00:00,8170,E1,supply,sd,sd:supply:8155,3361.42109375,3342.60009765625,-27782.0,15,7.0,0,0,0,4,10
2025-07-07 17:00:00,8170,E5,supply,fvg,fvg:supply:8153,3342.199951171875,3338.60009765625,,17,,0,0,1,4,4
2025-07-07 22:00:00,8174,E4,supply,ob_swing,ob_swing:supply:8154,3355.0,3348.699951171875,,20,,0,0,0,10,10
2025-07-07 22:00:00,8174,E4,supply,ob_internal,ob_internal:supply:8154,3355.0,3348.699951171875,,20,,0,0,0,10,10
2025-07-08 01:00:00,8177,E5,supply,fvg,fvg:supply:8176,3348.10009765625,3347.10009765625,,1,,0,0,0,10,10
2025-07-08 04:00:00,8180,E1,supply,sd,sd:supply:8155,3361.42109375,3342.60009765625,-27782.0,25,7.0,1,0,0,3,9
2025-07-08 04:00:00,8180,E5,demand,fvg,fvg:demand:8170,3337.300048828125,3331.60009765625,,10,,0,0,1,5,9
2025-07-08 10:00:00,8186,E5,supply,fvg,fvg:supply:8185,3340.39990234375,3336.199951171875,,1,,0,1,0,4,4
2025-07-08 14:00:00,8190,E2,demand,sd,sd:demand:8167,3320.0,3301.729006347656,38160.0,23,9.7,0,0,0,1,10
2025-07-08 14:00:00,8190,E5,demand,fvg,fvg:demand:8078,3303.60009765625,3303.0,,112,,0,0,0,1,10
2025-07-08 14:00:00,8190,E5,demand,fvg,fvg:demand:8167,3322.699951171875,3322.199951171875,,23,,0,0,1,1,1
2025-07-08 15:00:00,8191,E2,demand,sd,sd:demand:8075,3295.5,3275.2630004882812,26968.0,116,6.9,1,0,0,10,10
2025-07-08 16:00:00,8192,E5,supply,fvg,fvg:supply:8191,3323.5,3309.10009765625,,1,,0,0,0,1,10
2025-07-09 02:00:00,8201,E2,demand,sd,sd:demand:8075,3295.5,3275.2630004882812,26968.0,126,6.9,2,0,0,10,10
2025-07-09 04:00:00,8203,E5,supply,fvg,fvg:supply:8202,3308.0,3302.89990234375,,1,,0,0,1,9,10
2025-07-09 08:00:00,8207,E4,demand,ob_internal,ob_internal:demand:8077,3295.5,3285.60009765625,,130,,0,1,0,5,5
2025-07-09 10:00:00,8209,E4,supply,ob_internal,ob_internal:supply:8207,3306.199951171875,3297.300048828125,,2,,0,0,1,3,4
2025-07-09 19:00:00,8218,E5,supply,fvg,fvg:supply:8190,3333.60009765625,3325.39990234375,,28,,0,0,0,5,10
2025-07-10 11:00:00,8233,E4,demand,ob_internal,ob_internal:demand:8230,3330.89990234375,3323.5,,3,,0,0,0,2,10
2025-07-10 15:00:00,8237,E4,supply,ob_internal,ob_internal:supply:8235,3339.39990234375,3326.89990234375,,2,,0,0,0,8,10
2025-07-10 22:00:00,8243,E5,demand,fvg,fvg:demand:8242,3332.60009765625,3330.800048828125,,1,,0,1,0,7,7
2025-07-11 00:00:00,8245,E1,supply,sd,sd:supply:8185,3357.753955078125,3340.699951171875,-22203.0,60,5.5,0,0,0,5,10
2025-07-11 00:00:00,8245,E1,supply,sd,sd:supply:8155,3361.42109375,3342.60009765625,-27782.0,90,6.9,2,0,0,5,10
2025-07-11 07:00:00,8252,E4,supply,ob_swing,ob_swing:supply:8201,3355.60009765625,3348.10009765625,,51,,0,0,1,4,5
2025-07-11 08:00:00,8253,E4,demand,ob_internal,ob_internal:demand:8252,3347.199951171875,3333.5,,1,,0,1,0,2,2
2025-07-11 11:00:00,8256,E1,supply,sd,sd:supply:8099,3380.3369946289063,3360.5,-49395.0,157,12.3,2,0,0,1,10
2025-07-11 12:00:00,8257,E1,supply,sd,sd:supply:7975,3388.936083984375,3365.60009765625,-32914.0,282,9.2,2,0,0,2,10
2025-07-11 14:00:00,8259,E4,supply,ob_internal,ob_internal:supply:8134,3376.89990234375,3368.300048828125,,125,,0,0,0,10,10
2025-07-11 14:00:00,8259,E4,supply,ob_swing,ob_swing:supply:8135,3376.89990234375,3368.300048828125,,124,,0,0,0,10,10
2025-07-11 16:00:00,8261,E5,demand,fvg,fvg:demand:8260,3371.89990234375,3371.39990234375,,1,,0,0,0,10,10
2025-07-11 18:00:00,8263,E5,supply,fvg,fvg:supply:8262,3371.89990234375,3368.800048828125,,1,,0,0,1,5,5
2025-07-11 20:00:00,8265,E5,demand,fvg,fvg:demand:8264,3370.0,3368.800048828125,,1,,0,0,1,9,9
2025-07-14 07:00:00,8269,E5,supply,fvg,fvg:supply:7967,3390.800048828125,3385.0,,302,,0,1,0,5,5
2025-07-14 08:00:00,8270,E5,demand,fvg,fvg:demand:8269,3378.5,3374.5,,1,,0,0,1,4,4
2025-07-14 13:00:00,8275,E1,supply,sd,sd:supply:7975,3388.936083984375,3365.60009765625,-32914.0,300,9.7,3,0,0,10,10
2025-07-14 14:00:00,8276,E2,demand,sd,sd:demand:8256,3354.5,3337.6060083007815,22151.0,20,6.5,0,0,0,10,10
2025-07-14 14:00:00,8276,E5,demand,fvg,fvg:demand:8256,3353.10009765625,3350.89990234375,,20,,0,0,0,10,10
2025-07-14 23:00:00,8284,E5,supply,fvg,fvg:supply:8282,3356.5,3354.5,,2,,0,0,1,4,4
2025-07-15 03:00:00,8288,E1,supply,sd,sd:supply:7975,3388.936083984375,3365.60009765625,-32914.0,313,9.4,4,0,0,2,10
2025-07-15 03:00:00,8288,E5,supply,fvg,fvg:supply:8275,3374.10009765625,3367.0,,13,,0,0,0,2,10
2025-07-15 06:00:00,8291,E5,demand,fvg,fvg:demand:8289,3366.89990234375,3361.199951171875,,2,,0,0,1,6,7
2025-07-15 06:00:00,8291,E5,demand,fvg,fvg:demand:8290,3369.89990234375,3367.39990234375,,1,,0,0,1,6,6
2025-07-15 11:00:00,8296,E2,demand,sd,sd:demand:8279,3364.199951171875,3347.620966796875,41435.0,17,11.9,0,0,1,1,4
2025-07-15 12:00:00,8297,E5,demand,fvg,fvg:demand:8288,3359.39990234375,3359.199951171875,,9,,0,0,1,1,1
2025-07-15 13:00:00,8298,E2,demand,sd,sd:demand:8256,3354.5,3337.6060083007815,22151.0,42,6.3,1,0,1,2,3
2025-07-15 15:00:00,8300,E4,demand,ob_internal,ob_internal:demand:8252,3347.199951171875,3333.5,,48,,1,0,0,10,10
2025-07-15 16:00:00,8301,E5,demand,fvg,fvg:demand:8241,3330.300048828125,3327.60009765625,,60,,0,0,0,10,10
2025-07-15 17:00:00,8302,E5,supply,fvg,fvg:supply:8301,3350.60009765625,3337.699951171875,,1,,0,0,0,10,10
2025-07-15 20:00:00,8305,E4,demand,ob_swing,ob_swing:demand:8245,3330.89990234375,3319.199951171875,,60,,0,1,0,9,9
2025-07-15 20:00:00,8305,E4,demand,ob_internal,ob_internal:demand:8245,3330.89990234375,3319.199951171875,,60,,0,1,0,9,9
2025-07-16 02:00:00,8310,E5,demand,fvg,fvg:demand:8308,3335.10009765625,3333.699951171875,,2,,0,1,0,4,4
2025-07-16 10:00:00,8318,E5,demand,fvg,fvg:demand:8313,3342.0,3341.89990234375,,5,,0,0,1,3,3
2025-07-16 12:00:00,8320,E5,demand,fvg,fvg:demand:8312,3339.199951171875,3337.699951171875,,8,,0,0,1,1,1
2025-07-16 15:00:00,8323,E1,supply,sd,sd:supply:8298,3383.858981933594,3367.5,-51113.0,25,11.7,0,0,0,1,10
2025-07-16 15:00:00,8323,E1,supply,sd,sd:supply:7975,3388.936083984375,3365.60009765625,-32914.0,348,7.5,5,0,0,1,10
2025-07-16 15:00:00,8323,E5,supply,fvg,fvg:supply:8274,3380.699951171875,3376.699951171875,,49,,0,0,0,1,10
2025-07-16 15:00:00,8323,E5,supply,fvg,fvg:supply:8297,3370.39990234375,3369.800048828125,,26,,0,0,0,1,10
2025-07-16 15:00:00,8323,E5,supply,fvg,fvg:supply:8298,3362.800048828125,3360.60009765625,,25,,0,0,0,1,10
2025-07-17 00:00:00,8331,E2,demand,sd,sd:demand:8324,3346.5,3329.5310302734374,126857.0,7,25.7,0,0,0,6,10
2025-07-17 11:00:00,8342,E4,demand,ob_swing,ob_swing:demand:8245,3330.89990234375,3319.199951171875,,97,,1,0,0,1,6
2025-07-17 11:00:00,8342,E4,demand,ob_internal,ob_internal:demand:8245,3330.89990234375,3319.199951171875,,97,,1,0,0,1,6
2025-07-17 12:00:00,8343,E5,demand,fvg,fvg:demand:8214,3314.89990234375,3313.699951171875,,129,,0,1,0,2,2
2025-07-17 14:00:00,8345,E5,supply,fvg,fvg:supply:8344,3327.5,3326.699951171875,,1,,0,0,1,7,1
2025-07-17 15:00:00,8346,E5,supply,fvg,fvg:supply:8338,3342.300048828125,3341.800048828125,,8,,0,0,0,10,10
2025-07-17 16:00:00,8347,E1,supply,sd,sd:supply:8338,3361.276064453125,3344.60009765625,-22148.0,9,5.9,0,0,0,10,10
2025-07-18 03:00:00,8357,E1,supply,sd,sd:supply:8338,3361.276064453125,3344.60009765625,-22148.0,19,5.9,1,0,0,3,10
2025-07-18 07:00:00,8361,E5,supply,fvg,fvg:supply:8331,3353.89990234375,3352.800048828125,,30,,0,0,1,4,4
2025-07-18 09:00:00,8363,E4,supply,ob_internal,ob_internal:supply:8336,3364.60009765625,3356.300048828125,,27,,0,0,0,3,10
2025-07-18 09:00:00,8363,E4,supply,ob_swing,ob_swing:supply:8343,3364.60009765625,3356.300048828125,,20,,0,0,0,3,10
2025-07-18 12:00:00,8366,E1,supply,sd,sd:supply:8298,3383.858981933594,3367.5,-51113.0,68,13.6,1,1,0,9,9
2025-07-18 12:00:00,8366,E1,supply,sd,sd:supply:7975,3388.936083984375,3365.60009765625,-32914.0,391,8.7,6,1,0,9,9
2025-07-18 13:00:00,8367,E5,demand,fvg,fvg:demand:8366,3360.5,3358.60009765625,,1,,0,0,1,6,8
2025-07-20 22:00:00,8375,E5,demand,fvg,fvg:demand:8362,3352.199951171875,3348.60009765625,,13,,0,1,0,7,7
2025-07-21 04:00:00,8381,E5,demand,fvg,fvg:demand:8378,3358.0,3355.5,,3,,0,1,0,1,1
2025-07-21 05:00:00,8382,E1,supply,sd,sd:supply:8298,3383.858981933594,3367.5,-51113.0,84,12.4,2,0,1,6,7
2025-07-21 05:00:00,8382,E1,supply,sd,sd:supply:7975,3388.936083984375,3365.60009765625,-32914.0,407,8.0,7,0,1,6,7
2025-07-21 07:00:00,8384,E5,demand,fvg,fvg:demand:8383,3372.60009765625,3365.0,,1,,0,1,0,5,5
2025-07-21 11:00:00,8388,E4,supply,ob_internal,ob_internal:supply:8274,3386.39990234375,3380.699951171875,,114,,0,0,1,1,1
2025-07-21 13:00:00,8390,E1,supply,sd,sd:supply:7898,3422.251970214844,3399.5,-42949.0,492,13.4,3,0,0,1,10
2025-07-21 13:00:00,8390,E4,supply,ob_internal,ob_internal:supply:7898,3414.199951171875,3396.0,,492,,2,0,0,1,10
2025-07-21 13:00:00,8390,E4,supply,ob_swing,ob_swing:supply:7968,3410.10009765625,3395.699951171875,,422,,0,0,0,1,10
2025-07-21 13:00:00,8390,E4,supply,ob_internal,ob_internal:supply:7968,3410.10009765625,3395.699951171875,,422,,0,0,0,1,10
2025-07-21 14:00:00,8391,E4,supply,ob_swing,ob_swing:supply:7907,3419.0,3408.199951171875,,484,,0,0,0,10,10
2025-07-21 16:00:00,8393,E5,demand,fvg,fvg:demand:8392,3410.10009765625,3405.699951171875,,1,,0,0,0,8,10
2025-07-21 23:00:00,8399,E5,demand,fvg,fvg:demand:8397,3409.39990234375,3409.300048828125,,2,,0,0,1,2,2
2025-07-22 03:00:00,8403,E5,supply,fvg,fvg:supply:8402,3406.60009765625,3405.800048828125,,1,,0,0,1,9,9
2025-07-22 05:00:00,8405,E5,demand,fvg,fvg:demand:8391,3399.0,3397.10009765625,,14,,0,1,0,7,7
2025-07-22 07:00:00,8407,E1,supply,sd,sd:supply:8394,3414.95796875,3399.0,-32995.0,13,9.3,0,0,1,5,6
2025-07-22 08:00:00,8408,E1,supply,sd,sd:supply:7898,3422.251970214844,3399.5,-42949.0,510,12.2,4,0,1,4,5
2025-07-22 14:00:00,8414,E4,supply,ob_internal,ob_internal:supply:7846,3442.39990234375,3430.199951171875,,568,,0,0,1,9,9
2025-07-22 14:00:00,8414,E5,demand,fvg,fvg:demand:8413,3418.10009765625,3401.39990234375,,1,,0,0,0,10,10
2025-07-23 00:00:00,8423,E1,supply,sd,sd:supply:7832,3471.2940625,3448.60009765625,-26808.0,591,9.1,1,0,0,10,10
2025-07-23 01:00:00,8424,E5,demand,fvg,fvg:demand:8415,3437.60009765625,3433.10009765625,,9,,0,0,0,10,10
2025-07-23 03:00:00,8426,E5,supply,fvg,fvg:supply:8425,3439.0,3438.89990234375,,1,,0,0,0,6,10
2025-07-23 16:00:00,8439,E2,demand,sd,sd:demand:8413,3402.10009765625,3386.628125,69148.0,26,23.5,0,0,0,9,10
2025-07-23 16:00:00,8439,E4,demand,ob_swing,ob_swing:demand:8412,3402.10009765625,3394.89990234375,,27,,0,0,1,9,10
2025-07-23 16:00:00,8439,E4,demand,ob_internal,ob_internal:demand:8412,3402.10009765625,3394.89990234375,,27,,0,0,1,9,10
2025-07-23 16:00:00,8439,E5,demand,fvg,fvg:demand:8390,3392.699951171875,3383.39990234375,,49,,0,0,0,9,10
2025-07-23 16:00:00,8439,E5,demand,fvg,fvg:demand:8412,3400.699951171875,3398.699951171875,,27,,0,0,1,9,9
2025-07-23 18:00:00,8441,E5,supply,fvg,fvg:supply:8440,3406.300048828125,3404.0,,1,,0,1,0,8,8
2025-07-24 03:00:00,8449,E5,demand,fvg,fvg:demand:8389,3382.199951171875,3375.800048828125,,60,,0,0,1,3,6
2025-07-24 07:00:00,8453,E4,demand,ob_internal,ob_internal:demand:8388,3375.800048828125,3370.300048828125,,65,,0,0,1,5,5
2025-07-24 12:00:00,8458,E2,demand,sd,sd:demand:8383,3363.89990234375,3347.7429345703126,23577.0,75,7.8,0,1,0,1,1
2025-07-24 12:00:00,8458,E5,demand,fvg,fvg:demand:8382,3363.699951171875,3363.199951171875,,76,,0,1,0,1,1
2025-07-24 23:00:00,8468,E5,supply,fvg,fvg:supply:8467,3373.800048828125,3372.699951171875,,1,,0,1,0,7,7
2025-07-25 03:00:00,8472,E2,demand,sd,sd:demand:8383,3363.89990234375,3347.7429345703126,23577.0,89,7.8,1,0,1,5,8
2025-07-25 04:00:00,8473,E5,supply,fvg,fvg:supply:8472,3368.800048828125,3365.199951171875,,1,,0,1,0,4,4
2025-07-25 08:00:00,8477,E4,demand,ob_internal,ob_internal:demand:8361,3348.60009765625,3337.199951171875,,116,,0,0,1,4,7
2025-07-25 08:00:00,8477,E5,demand,fvg,fvg:demand:8361,3346.60009765625,3345.800048828125,,116,,0,0,1,4,4
2025-07-25 12:00:00,8481,E5,demand,fvg,fvg:demand:8346,3336.699951171875,3326.699951171875,,135,,0,0,0,2,10
2025-07-25 14:00:00,8483,E2,demand,sd,sd:demand:8346,3333.89990234375,3316.883935546875,44375.0,137,14.4,0,0,0,10,10
2025-07-25 17:00:00,8486,E5,supply,fvg,fvg:supply:8484,3337.5,3336.300048828125,,2,,0,0,0,10,10
2025-07-25 20:00:00,8489,E5,demand,fvg,fvg:demand:8488,3338.60009765625,3337.60009765625,,1,,0,0,1,1,1
2025-07-28 00:00:00,8490,E2,demand,sd,sd:demand:8487,3336.300048828125,3320.5260571289064,22375.0,3,7.5,0,0,0,10,10
2025-07-28 00:00:00,8490,E5,demand,fvg,fvg:demand:8487,3336.39990234375,3332.0,,3,,0,0,0,10,10
2025-07-28 01:00:00,8491,E5,supply,fvg,fvg:supply:8490,3338.60009765625,3334.89990234375,,1,,0,0,0,2,10
2025-07-28 05:00:00,8495,E5,demand,fvg,fvg:demand:8494,3339.60009765625,3336.60009765625,,1,,0,0,1,1,7
2025-07-28 07:00:00,8497,E2,demand,sd,sd:demand:8346,3333.89990234375,3316.883935546875,44375.0,151,14.8,1,0,1,5,6
2025-07-28 07:00:00,8497,E4,demand,ob_internal,ob_internal:demand:8493,3334.89990234375,3327.39990234375,,4,,0,0,1,5,6
2025-07-28 10:00:00,8500,E2,demand,sd,sd:demand:8487,3336.300048828125,3320.5260571289064,22375.0,13,7.5,1,0,1,2,3
2025-07-28 13:00:00,8503,E2,demand,sd,sd:demand:8213,3304.10009765625,3286.309099121094,46221.0,290,15.5,0,0,0,10,10
2025-07-28 13:00:00,8503,E4,demand,ob_internal,ob_internal:demand:8212,3300.89990234375,3290.199951171875,,291,,0,0,0,10,10
2025-07-28 13:00:00,8503,E5,demand,fvg,fvg:demand:8213,3308.699951171875,3306.0,,290,,0,0,0,10,10
2025-07-28 15:00:00,8505,E5,supply,fvg,fvg:supply:8504,3325.0,3314.199951171875,,1,,0,0,0,10,10
2025-07-29 00:00:00,8513,E5,supply,fvg,fvg:supply:8512,3313.5,3312.300048828125,,1,,0,0,1,1,8
2025-07-29 03:00:00,8516,E5,demand,fvg,fvg:demand:8515,3315.800048828125,3313.5,,1,,0,1,0,5,5
2025-07-29 05:00:00,8518,E5,supply,fvg,fvg:supply:8517,3315.800048828125,3315.39990234375,,1,,0,0,1,3,3
2025-07-29 11:00:00,8524,E4,demand,ob_internal,ob_internal:demand:8521,3318.800048828125,3306.300048828125,,3,,0,1,0,4,4
2025-07-29 11:00:00,8524,E5,demand,fvg,fvg:demand:8522,3319.199951171875,3316.60009765625,,2,,0,1,0,4,4
2025-07-29 15:00:00,8528,E5,supply,fvg,fvg:supply:8503,3334.39990234375,3330.39990234375,,25,,0,0,0,3,10
2025-07-29 19:00:00,8532,E5,demand,fvg,fvg:demand:8531,3323.39990234375,3322.60009765625,,1,,0,0,0,10,10
2025-07-30 07:00:00,8543,E1,supply,sd,sd:supply:8503,3350.6129907226564,3335.0,-55075.0,40,14.2,0,1,0,1,1
2025-07-30 07:00:00,8543,E5,supply,fvg,fvg:supply:8452,3385.800048828125,3385.60009765625,,91,,0,1,0,1,1
2025-07-30 07:00:00,8543,E5,supply,fvg,fvg:supply:8478,3354.60009765625,3351.39990234375,,65,,0,1,0,1,1
2025-07-30 09:00:00,8545,E2,demand,sd,sd:demand:8544,3328.0,3311.976003417969,30040.0,1,10.2,0,0,0,1,10
2025-07-30 10:00:00,8546,E5,demand,fvg,fvg:demand:8544,3325.60009765625,3324.300048828125,,2,,0,0,0,1,10
2025-07-30 17:00:00,8553,E5,supply,fvg,fvg:supply:8552,3355.10009765625,3352.699951171875,,1,,0,0,0,10,10
2025-07-30 19:00:00,8555,E2,demand,sd,sd:demand:8544,3328.0,3311.976003417969,30040.0,11,10.2,1,0,0,10,10
2025-07-30 19:00:00,8555,E4,demand,ob_swing,ob_swing:demand:8543,3322.60009765625,3316.300048828125,,12,,0,0,0,10,10
2025-07-30 19:00:00,8555,E4,demand,ob_internal,ob_internal:demand:8543,3330.699951171875,3320.0,,12,,0,0,0,10,10
2025-07-30 22:00:00,8557,E5,supply,fvg,fvg:supply:8556,3332.199951171875,3328.5,,1,,0,0,1,7,7
2025-07-30 23:00:00,8558,E5,supply,fvg,fvg:supply:8555,3352.0,3334.89990234375,,3,,0,0,0,7,10
2025-07-31 10:00:00,8569,E2,demand,sd,sd:demand:8567,3348.39990234375,3329.5119140625,29495.0,2,10.1,0,0,0,10,10
2025-07-31 22:00:00,8580,E5,demand,fvg,fvg:demand:8561,3340.5,3338.60009765625,,19,,0,0,0,3,10
2025-08-01 01:00:00,8583,E5,demand,fvg,fvg:demand:8559,3332.60009765625,3331.0,,24,,0,1,0,9,9
2025-08-01 05:00:00,8587,E5,supply,fvg,fvg:supply:8574,3352.800048828125,3352.0,,13,,0,0,1,7,7
2025-08-01 12:00:00,8594,E1,supply,sd,sd:supply:8449,3411.4959741210937,3395.5,-22925.0,145,7.9,0,0,0,1,10
2025-08-01 12:00:00,8594,E5,supply,fvg,fvg:supply:8448,3395.5,3394.199951171875,,146,,0,0,1,1,1
2025-08-01 12:00:00,8594,E5,supply,fvg,fvg:supply:8573,3356.60009765625,3356.300048828125,,21,,0,0,1,1,1
2025-08-01 13:00:00,8595,E5,supply,fvg,fvg:supply:8439,3419.89990234375,3406.5,,156,,0,0,0,1,10
2025-08-03 22:00:00,8603,E5,demand,fvg,fvg:demand:8602,3409.89990234375,3403.800048828125,,1,,0,0,0,3,10
2025-08-04 02:00:00,8607,E5,supply,fvg,fvg:supply:8606,3407.39990234375,3406.199951171875,,1,,0,0,1,9,9
2025-08-04 05:00:00,8610,E5,demand,fvg,fvg:demand:8609,3410.300048828125,3408.199951171875,,1,,0,1,0,8,8
2025-08-04 06:00:00,8611,E5,demand,fvg,fvg:demand:8608,3406.60009765625,3406.199951171875,,3,,0,0,0,1,7
2025-08-04 13:00:00,8618,E5,supply,fvg,fvg:supply:8436,3432.39990234375,3430.5,,182,,0,0,0,10,10
2025-08-04 15:00:00,8620,E5,demand,fvg,fvg:demand:8619,3425.699951171875,3424.5,,1,,0,0,0,10,10
2025-08-04 20:00:00,8625,E5,demand,fvg,fvg:demand:8624,3429.199951171875,3428.5,,1,,0,0,1,9,9
2025-08-05 05:00:00,8633,E5,supply,fvg,fvg:supply:8632,3427.800048828125,3427.39990234375,,1,,0,1,0,4,4
2025-08-05 09:00:00,8637,E4,demand,ob_internal,ob_internal:demand:8616,3415.199951171875,3405.699951171875,,21,,0,0,0,2,4
2025-08-05 09:00:00,8637,E5,demand,fvg,fvg:demand:8617,3413.39990234375,3412.199951171875,,20,,0,0,1,2,2
2025-08-05 11:00:00,8639,E4,demand,ob_swing,ob_swing:demand:8616,3406.199951171875,3397.89990234375,,23,,0,1,0,1,1
2025-08-05 12:00:00,8640,E5,supply,fvg,fvg:supply:8638,3420.39990234375,3416.0,,2,,0,0,1,1,1
2025-08-05 12:00:00,8640,E5,supply,fvg,fvg:supply:8639,3412.5,3408.199951171875,,1,,0,0,1,1,1
2025-08-05 13:00:00,8641,E5,supply,fvg,fvg:supply:8631,3431.300048828125,3430.0,,10,,0,0,1,1,1
2025-08-05 14:00:00,8642,E4,supply,ob_swing,ob_swing:supply:8447,3451.699951171875,3439.0,,195,,0,0,0,10,10
2025-08-05 15:00:00,8643,E4,supply,ob_internal,ob_internal:supply:8436,3445.800048828125,3440.10009765625,,207,,0,0,0,10,10
2025-08-05 16:00:00,8644,E5,demand,fvg,fvg:demand:8643,3436.89990234375,3434.5,,1,,0,0,0,10,10
2025-08-06 03:00:00,8654,E5,supply,fvg,fvg:supply:8653,3435.699951171875,3433.300048828125,,1,,0,1,0,6,6
2025-08-06 07:00:00,8658,E5,demand,fvg,fvg:demand:8642,3425.0,3420.89990234375,,16,,0,0,1,1,2
2025-08-06 08:00:00,8659,E5,demand,fvg,fvg:demand:8641,3419.800048828125,3408.199951171875,,18,,0,0,0,1,6
2025-08-06 11:00:00,8662,E5,supply,fvg,fvg:supply:8660,3423.10009765625,3422.0,,2,,0,0,1,2,3
2025-08-06 15:00:00,8666,E4,supply,ob_internal,ob_internal:supply:8652,3440.5,3435.699951171875,,14,,0,0,0,8,10
2025-08-07 00:00:00,8674,E4,supply,ob_internal,ob_internal:supply:8436,3445.800048828125,3440.10009765625,,238,,1,0,1,6,6
2025-08-07 00:00:00,8674,E4,supply,ob_swing,ob_swing:supply:8447,3451.699951171875,3439.0,,227,,1,0,1,6,7
2025-08-07 06:00:00,8680,E1,supply,sd,sd:supply:7832,3471.2940625,3448.60009765625,-26808.0,848,9.6,2,0,0,1,8
2025-08-07 06:00:00,8680,E4,supply,ob_internal,ob_internal:supply:7839,3471.5,3454.0,,841,,0,0,0,1,8
2025-08-07 06:00:00,8680,E5,supply,fvg,fvg:supply:7837,3457.300048828125,3452.5,,843,,0,0,1,1,1
2025-08-07 08:00:00,8682,E5,demand,fvg,fvg:demand:8681,3454.800048828125,3447.89990234375,,1,,0,0,1,6,6
2025-08-07 11:00:00,8685,E1,supply,sd,sd:supply:8684,3474.6030590820315,3454.800048828125,-39337.0,1,12.4,0,0,1,1,10
2025-08-07 14:00:00,8688,E5,demand,fvg,fvg:demand:8675,3438.0,3436.5,,13,,0,1,0,6,6
2025-08-07 17:00:00,8691,E4,supply,ob_internal,ob_internal:supply:7839,3471.5,3454.0,,852,,1,0,1,2,3
2025-08-07 20:00:00,8694,E1,supply,sd,sd:supply:6945,3522.2520263671877,3482.300048828125,-57625.0,1749,18.1,0,0,1,1,1
2025-08-07 20:00:00,8694,E5,supply,fvg,fvg:supply:6945,3484.699951171875,3483.800048828125,,1749,,0,0,1,1,1
2025-08-07 22:00:00,8695,E4,supply,ob_internal,ob_internal:supply:6953,3509.89990234375,3484.699951171875,,1742,,0,0,0,2,10
2025-08-07 22:00:00,8695,E4,supply,ob_swing,ob_swing:supply:6973,3509.89990234375,3484.699951171875,,1722,,0,0,0,2,10
2025-08-08 03:00:00,8700,E5,demand,fvg,fvg:demand:8696,3484.5,3483.800048828125,,4,,0,0,1,7,8
2025-08-08 10:00:00,8707,E5,demand,fvg,fvg:demand:8695,3479.5,3468.0,,12,,0,1,0,2,2
2025-08-08 12:00:00,8709,E1,supply,sd,sd:supply:6945,3522.2520263671877,3482.300048828125,-57625.0,1764,25.3,1,0,0,1,6
2025-08-08 12:00:00,8709,E5,supply,fvg,fvg:supply:8708,3482.10009765625,3477.300048828125,,1,,0,0,1,1,1
2025-08-08 13:00:00,8710,E4,supply,ob_internal,ob_internal:supply:8707,3507.10009765625,3487.0,,3,,0,1,0,4,4
2025-08-08 14:00:00,8711,E2,demand,sd,sd:demand:8710,3494.10009765625,3472.1190869140623,63341.0,1,24.2,0,0,1,3,4
2025-08-08 17:00:00,8714,E5,demand,fvg,fvg:demand:8694,3465.5,3457.800048828125,,20,,0,0,1,1,7
2025-08-08 18:00:00,8715,E2,demand,sd,sd:demand:8695,3457.800048828125,3436.91603515625,22517.0,20,8.4,0,1,0,2,2
2025-08-08 20:00:00,8717,E1,supply,sd,sd:supply:8713,3498.1770092773436,3476.0,-40436.0,4,15.1,0,1,0,2,2
2025-08-08 20:00:00,8717,E4,supply,ob_internal,ob_internal:supply:8714,3495.300048828125,3488.0,,3,,0,1,0,2,2
2025-08-08 20:00:00,8717,E5,supply,fvg,fvg:supply:8715,3486.300048828125,3468.10009765625,,2,,0,1,0,2,2
2025-08-08 20:00:00,8717,E5,supply,fvg,fvg:supply:8716,3460.10009765625,3459.699951171875,,1,,0,1,1,2,1
2025-08-11 00:00:00,8720,E4,demand,ob_swing,ob_swing:demand:8694,3453.699951171875,3436.0,,26,,0,0,1,6,7
2025-08-11 00:00:00,8720,E4,demand,ob_internal,ob_internal:demand:8694,3453.699951171875,3436.0,,26,,0,0,1,6,7
2025-08-11 06:00:00,8726,E5,demand,fvg,fvg:demand:8665,3424.699951171875,3424.0,,61,,0,0,1,3,3
2025-08-11 07:00:00,8727,E2,demand,sd,sd:demand:8664,3422.0,3402.4890014648436,36238.0,63,12.4,0,0,0,5,10
2025-08-11 07:00:00,8727,E4,demand,ob_swing,ob_swing:demand:8675,3422.0,3411.699951171875,,52,,0,0,0,5,10
2025-08-11 09:00:00,8729,E2,demand,sd,sd:demand:8642,3408.199951171875,3388.3249560546874,52131.0,87,17.8,0,0,0,10,10
2025-08-11 19:00:00,8739,E4,demand,ob_internal,ob_internal:demand:8601,3402.0,3392.199951171875,,138,,0,0,0,10,10
2025-08-11 23:00:00,8742,E5,supply,fvg,fvg:supply:8741,3400.300048828125,3397.60009765625,,1,,0,0,0,10,10
2025-08-12 00:00:00,8743,E4,supply,ob_internal,ob_internal:supply:8740,3418.699951171875,3401.89990234375,,3,,0,0,0,10,10
2025-08-12 00:00:00,8743,E5,supply,fvg,fvg:supply:8740,3404.10009765625,3402.699951171875,,3,,0,0,0,10,10
2025-08-12 06:00:00,8749,E4,demand,ob_internal,ob_internal:demand:8601,3402.0,3392.199951171875,,148,,1,0,1,5,8
2025-08-12 06:00:00,8749,E5,demand,fvg,fvg:demand:8595,3392.0,3353.699951171875,,154,,0,0,0,5,10
2025-08-12 15:00:00,8758,E4,supply,ob_internal,ob_internal:supply:8757,3407.699951171875,3389.199951171875,,1,,0,0,0,10,10
2025-08-13 06:00:00,8772,E4,supply,ob_internal,ob_internal:supply:8740,3418.699951171875,3401.89990234375,,32,,1,0,0,3,10
2025-08-13 08:00:00,8774,E5,demand,fvg,fvg:demand:8773,3403.199951171875,3401.199951171875,,1,,0,0,0,10,10
2025-08-13 11:00:00,8777,E5,demand,fvg,fvg:demand:8776,3413.699951171875,3413.300048828125,,1,,0,0,1,2,2
2025-08-13 14:00:00,8780,E5,supply,fvg,fvg:supply:8728,3422.199951171875,3421.10009765625,,52,,0,0,0,9,10
2025-08-13 19:00:00,8785,E5,supply,fvg,fvg:supply:8784,3407.300048828125,3405.300048828125,,1,,0,0,1,4,4
2025-08-13 22:00:00,8787,E5,demand,fvg,fvg:demand:8786,3406.39990234375,3405.300048828125,,1,,0,1,0,2,2
2025-08-14 02:00:00,8791,E5,demand,fvg,fvg:demand:8789,3412.0,3408.5,,2,,0,0,1,5,5
2025-08-14 02:00:00,8791,E5,demand,fvg,fvg:demand:8790,3414.0,3412.699951171875,,1,,0,0,1,5,1
2025-08-14 05:00:00,8794,E5,supply,fvg,fvg:supply:8793,3410.699951171875,3410.39990234375,,1,,0,0,0,2,2
2025-08-14 07:00:00,8796,E4,demand,ob_swing,ob_swing:demand:8775,3401.699951171875,3392.699951171875,,21,,0,0,1,7,7
2025-08-14 07:00:00,8796,E4,demand,ob_internal,ob_internal:demand:8775,3401.699951171875,3392.699951171875,,21,,0,0,1,7,7
2025-08-14 07:00:00,8796,E5,supply,fvg,fvg:supply:8792,3414.0,3412.0,,4,,0,0,0,2,9
2025-08-14 09:00:00,8798,E1,supply,sd,sd:supply:8782,3424.8151049804687,3404.10009765625,-29649.0,16,9.5,0,1,0,5,5
2025-08-14 09:00:00,8798,E5,supply,fvg,fvg:supply:8797,3403.89990234375,3398.0,,1,,0,1,0,5,5
2025-08-14 12:00:00,8801,E5,demand,fvg,fvg:demand:8799,3400.300048828125,3398.0,,2,,0,0,1,2,2
2025-08-15 03:00:00,8815,E5,supply,fvg,fvg:supply:8804,3391.89990234375,3390.39990234375,,11,,0,0,0,10,10
2025-08-15 05:00:00,8817,E5,demand,fvg,fvg:demand:8816,3389.300048828125,3386.10009765625,,1,,0,0,0,5,10
2025-08-15 08:00:00,8820,E5,demand,fvg,fvg:demand:8815,3385.5,3385.39990234375,,5,,0,0,0,4,10
2025-08-15 18:00:00,8830,E4,demand,ob_internal,ob_internal:demand:8815,3382.199951171875,3377.699951171875,,15,,0,0,1,4,4
2025-08-18 00:00:00,8835,E5,supply,fvg,fvg:supply:8829,3387.300048828125,3385.699951171875,,6,,0,0,1,2,3
2025-08-18 00:00:00,8835,E5,supply,fvg,fvg:supply:8834,3381.0,3379.300048828125,,1,,0,0,1,2,1
2025-08-18 01:00:00,8836,E4,supply,ob_swing,ob_swing:supply:8834,3394.800048828125,3388.0,,2,,0,0,1,3,3
2025-08-18 01:00:00,8836,E4,supply,ob_internal,ob_internal:supply:8834,3394.800048828125,3388.0,,2,,0,0,1,3,3
2025-08-18 04:00:00,8839,E1,supply,sd,sd:supply:8803,3421.04791015625,3400.89990234375,-53240.0,36,14.6,0,1,0,9,9
2025-08-18 04:00:00,8839,E4,supply,ob_internal,ob_internal:supply:8803,3407.800048828125,3400.300048828125,,36,,0,1,0,9,9
2025-08-18 13:00:00,8848,E5,demand,fvg,fvg:demand:8836,3384.800048828125,3379.300048828125,,12,,0,0,0,6,10
2025-08-18 14:00:00,8849,E4,demand,ob_swing,ob_swing:demand:8839,3379.300048828125,3368.0,,10,,0,0,0,10,10
2025-08-18 14:00:00,8849,E4,demand,ob_internal,ob_internal:demand:8839,3379.300048828125,3368.0,,10,,0,0,0,10,10
2025-08-19 03:00:00,8862,E5,supply,fvg,fvg:supply:8849,3388.300048828125,3384.5,,13,,0,0,0,7,10
2025-08-19 04:00:00,8863,E5,demand,fvg,fvg:demand:8862,3380.5,3380.0,,1,,0,0,1,9,9
2025-08-19 13:00:00,8872,E4,demand,ob_swing,ob_swing:demand:8839,3379.300048828125,3368.0,,33,,1,0,1,1,3
2025-08-19 13:00:00,8872,E4,demand,ob_internal,ob_internal:demand:8839,3379.300048828125,3368.0,,33,,1,0,1,1,3
2025-08-20 05:00:00,8887,E5,supply,fvg,fvg:supply:8876,3365.199951171875,3364.10009765625,,11,,0,0,1,6,5
2025-08-20 07:00:00,8889,E5,demand,fvg,fvg:demand:8888,3364.800048828125,3363.5,,1,,0,1,0,5,5
2025-08-20 12:00:00,8894,E1,supply,sd,sd:supply:8873,3403.0929858398435,3383.5,-49703.0,21,12.0,0,0,0,2,10
2025-08-20 12:00:00,8894,E4,supply,ob_swing,ob_swing:supply:8873,3389.699951171875,3383.5,,21,,0,0,0,2,10
2025-08-20 12:00:00,8894,E4,supply,ob_internal,ob_internal:supply:8873,3389.699951171875,3383.5,,21,,0,0,0,2,10
2025-08-20 13:00:00,8895,E5,supply,fvg,fvg:supply:8848,3390.39990234375,3390.10009765625,,47,,0,0,0,10,10
2025-08-20 23:00:00,8904,E5,demand,fvg,fvg:demand:8902,3390.699951171875,3390.300048828125,,2,,0,0,1,2,1
2025-08-21 03:00:00,8908,E5,demand,fvg,fvg:demand:8895,3382.300048828125,3376.5,,13,,0,0,1,3,7
2025-08-21 04:00:00,8909,E1,supply,sd,sd:supply:8873,3403.0929858398435,3383.5,-49703.0,36,12.0,1,1,0,6,6
2025-08-21 10:00:00,8915,E5,demand,fvg,fvg:demand:8894,3375.5,3371.10009765625,,21,,0,1,0,2,2
2025-08-21 12:00:00,8917,E5,supply,fvg,fvg:supply:8916,3380.60009765625,3377.10009765625,,1,,0,0,1,1,1
2025-08-21 13:00:00,8918,E5,supply,fvg,fvg:supply:8905,3391.0,3389.39990234375,,13,,0,0,0,1,10
2025-08-21 13:00:00,8918,E5,supply,fvg,fvg:supply:8906,3389.10009765625,3388.89990234375,,12,,0,0,0,1,10
2025-08-21 14:00:00,8919,E1,supply,sd,sd:supply:8873,3403.0929858398435,3383.5,-49703.0,46,12.0,2,0,0,10,10
2025-08-22 01:00:00,8929,E1,supply,sd,sd:supply:8873,3403.0929858398435,3383.5,-49703.0,56,12.0,3,0,0,10,10
2025-08-22 01:00:00,8929,E5,demand,fvg,fvg:demand:8918,3378.89990234375,3377.10009765625,,11,,0,0,1,3,3
2025-08-22 07:00:00,8935,E5,supply,fvg,fvg:supply:8933,3374.5,3374.39990234375,,2,,0,0,1,6,7
2025-08-22 14:00:00,8942,E1,supply,sd,sd:supply:8873,3403.0929858398435,3383.5,-49703.0,69,12.0,4,0,1,10,1
2025-08-22 14:00:00,8942,E1,supply,sd,sd:supply:8803,3421.04791015625,3400.89990234375,-53240.0,139,12.8,1,0,0,10,10
2025-08-22 14:00:00,8942,E1,supply,sd,sd:supply:8782,3424.8151049804687,3404.10009765625,-29649.0,160,7.1,1,0,0,10,10
2025-08-22 14:00:00,8942,E4,supply,ob_internal,ob_internal:supply:8796,3423.800048828125,3412.0,,146,,0,0,0,10,10
2025-08-22 14:00:00,8942,E4,supply,ob_swing,ob_swing:supply:8802,3423.800048828125,3412.0,,140,,0,0,0,10,10
2025-08-24 22:00:00,8949,E5,demand,fvg,fvg:demand:8943,3411.800048828125,3378.60009765625,,6,,0,0,0,10,10
2025-08-25 03:00:00,8954,E4,supply,ob_internal,ob_internal:supply:8796,3423.800048828125,3412.0,,158,,1,0,0,10,10
2025-08-25 03:00:00,8954,E4,supply,ob_swing,ob_swing:supply:8802,3423.800048828125,3412.0,,152,,1,0,0,10,10
2025-08-25 08:00:00,8959,E5,demand,fvg,fvg:demand:8958,3410.89990234375,3410.5,,1,,0,1,0,7,7
2025-08-25 11:00:00,8962,E4,supply,ob_internal,ob_internal:supply:8951,3420.800048828125,3415.199951171875,,11,,0,0,0,10,10
2025-08-25 13:00:00,8964,E4,supply,ob_internal,ob_internal:supply:8796,3423.800048828125,3412.0,,168,,2,1,0,9,9
2025-08-25 13:00:00,8964,E4,supply,ob_swing,ob_swing:supply:8802,3423.800048828125,3412.0,,162,,2,1,0,9,9
2025-08-25 16:00:00,8967,E2,demand,sd,sd:demand:8966,3416.39990234375,3403.0919140625,29294.0,1,8.5,0,0,1,3,6
2025-08-25 22:00:00,8972,E5,supply,fvg,fvg:supply:8971,3414.60009765625,3411.10009765625,,1,,0,1,0,1,1
2025-08-26 00:00:00,8974,E1,supply,sd,sd:supply:8803,3421.04791015625,3400.89990234375,-53240.0,171,14.6,2,1,1,7,1
2025-08-26 00:00:00,8974,E1,supply,sd,sd:supply:8782,3424.8151049804687,3404.10009765625,-29649.0,192,8.1,2,1,0,7,7
2025-08-26 00:00:00,8974,E5,supply,fvg,fvg:supply:8727,3434.5,3425.89990234375,,247,,0,1,0,7,7
2025-08-26 00:00:00,8974,E5,supply,fvg,fvg:supply:8973,3409.60009765625,3408.199951171875,,1,,0,1,1,7,1
2025-08-26 02:00:00,8976,E5,demand,fvg,fvg:demand:8975,3420.5,3408.199951171875,,1,,0,0,0,5,10
2025-08-26 11:00:00,8985,E5,supply,fvg,fvg:supply:8984,3422.10009765625,3422.0,,1,,0,0,1,4,4
2025-08-26 17:00:00,8991,E5,demand,fvg,fvg:demand:8990,3431.10009765625,3427.800048828125,,1,,0,0,0,10,10
2025-08-27 01:00:00,8998,E5,demand,fvg,fvg:demand:8994,3437.39990234375,3434.10009765625,,4,,0,0,1,3,3
2025-08-27 04:00:00,9001,E2,demand,sd,sd:demand:8989,3427.699951171875,3414.0409741210938,42745.0,12,15.6,0,0,0,10,10
2025-08-27 04:00:00,9001,E5,demand,fvg,fvg:demand:8989,3425.60009765625,3425.39990234375,,12,,0,0,0,10,10
2025-08-27 06:00:00,9003,E5,supply,fvg,fvg:supply:9001,3431.699951171875,3431.39990234375,,2,,0,0,1,3,9
2025-08-27 06:00:00,9003,E5,supply,fvg,fvg:supply:9002,3430.39990234375,3428.60009765625,,1,,0,0,1,3,9
2025-08-27 12:00:00,9009,E5,supply,fvg,fvg:supply:9007,3429.300048828125,3427.699951171875,,2,,0,0,1,2,2
2025-08-27 13:00:00,9010,E5,supply,fvg,fvg:supply:9000,3434.60009765625,3434.0,,10,,0,0,1,1,3
2025-08-27 15:00:00,9012,E5,supply,fvg,fvg:supply:8998,3439.60009765625,3439.199951171875,,14,,0,0,1,1,1
2025-08-27 15:00:00,9012,E5,supply,fvg,fvg:supply:8999,3438.300048828125,3437.39990234375,,13,,0,0,1,1,1
2025-08-27 16:00:00,9013,E5,supply,fvg,fvg:supply:8721,3454.60009765625,3447.5,,292,,0,0,0,10,10
2025-08-27 18:00:00,9015,E5,demand,fvg,fvg:demand:9014,3447.0,3440.699951171875,,1,,0,0,0,10,10
2025-08-28 06:00:00,9026,E5,supply,fvg,fvg:supply:9021,3449.300048828125,3448.699951171875,,5,,0,0,1,2,2
2025-08-28 08:00:00,9028,E4,supply,ob_internal,ob_internal:supply:8720,3462.0,3454.60009765625,,308,,0,0,1,3,5
2025-08-28 08:00:00,9028,E5,supply,fvg,fvg:supply:8720,3456.10009765625,3455.60009765625,,308,,0,0,1,3,3
2025-08-28 10:00:00,9030,E5,demand,fvg,fvg:demand:9029,3454.300048828125,3452.800048828125,,1,,0,1,0,2,2
2025-08-28 16:00:00,9036,E1,supply,sd,sd:supply:8713,3498.1770092773436,3476.0,-40436.0,323,13.9,1,0,0,10,10
2025-08-29 01:00:00,9044,E5,demand,fvg,fvg:demand:9037,3472.89990234375,3469.5,,7,,0,0,1,6,9
2025-08-29 02:00:00,9045,E5,supply,fvg,fvg:supply:9044,3475.0,3473.699951171875,,1,,0,0,0,10,10
2025-08-29 05:00:00,9048,E5,supply,fvg,fvg:supply:9047,3471.300048828125,3470.60009765625,,1,,0,0,1,7,8
2025-08-29 11:00:00,9054,E5,supply,fvg,fvg:supply:9053,3468.800048828125,3468.10009765625,,1,,0,0,1,1,1
2025-08-29 12:00:00,9055,E1,supply,sd,sd:supply:8713,3498.1770092773436,3476.0,-40436.0,342,13.9,2,0,1,1,2
2025-08-29 13:00:00,9056,E1,supply,sd,sd:supply:6945,3522.2520263671877,3482.300048828125,-57625.0,2111,19.8,2,0,1,1,8
2025-08-29 13:00:00,9056,E4,supply,ob_internal,ob_internal:supply:8707,3507.10009765625,3487.0,,349,,1,0,1,1,2
2025-08-29 13:00:00,9056,E4,supply,ob_internal,ob_internal:supply:8714,3495.300048828125,3488.0,,342,,1,0,1,1,1
2025-08-29 13:00:00,9056,E4,supply,ob_swing,ob_swing:supply:8726,3507.10009765625,3487.0,,330,,0,0,1,1,2
2025-08-29 19:00:00,9062,E5,demand,fvg,fvg:demand:9059,3508.39990234375,3505.5,,3,,0,1,0,2,2
2025-09-02 05:00:00,9065,E5,demand,fvg,fvg:demand:9064,3562.0,3516.699951171875,,1,,0,0,0,2,10
2025-09-02 06:00:00,9066,E5,demand,fvg,fvg:demand:9065,3561.39990234375,3517.60009765625,,1,,0,0,0,1,8
2025-09-02 10:00:00,9070,E5,supply,fvg,fvg:supply:9068,3554.199951171875,3550.800048828125,,2,,0,0,1,4,4
2025-09-02 11:00:00,9071,E5,supply,fvg,fvg:supply:9067,3561.39990234375,3557.699951171875,,4,,0,0,1,3,3
2025-09-02 22:00:00,9081,E5,demand,fvg,fvg:demand:9080,3597.10009765625,3595.800048828125,,1,,0,0,0,10,10
2025-09-03 18:00:00,9101,E5,demand,fvg,fvg:demand:9100,3632.89990234375,3631.5,,1,,0,0,1,1,1
2025-09-03 23:00:00,9105,E2,demand,sd,sd:demand:9095,3609.699951171875,3594.656965332031,29266.0,10,12.9,0,0,1,2,3
2025-09-04 00:00:00,9106,E5,supply,fvg,fvg:supply:9105,3618.39990234375,3616.800048828125,,1,,0,1,0,2,2
2025-09-04 02:00:00,9108,E5,demand,fvg,fvg:demand:9077,3588.199951171875,3586.300048828125,,31,,0,0,1,1,1
2025-09-04 03:00:00,9109,E5,demand,fvg,fvg:demand:9076,3582.60009765625,3579.800048828125,,33,,0,1,0,9,9
2025-09-04 04:00:00,9110,E5,supply,fvg,fvg:supply:9109,3602.699951171875,3590.60009765625,,1,,0,0,1,4,9
2025-09-04 08:00:00,9114,E1,supply,sd,sd:supply:9109,3620.283095703125,3604.10009765625,-39373.0,5,14.8,0,0,0,4,10
2025-09-04 13:00:00,9119,E2,demand,sd,sd:demand:9118,3603.60009765625,3587.1580981445313,27971.0,1,10.6,0,0,0,1,10
2025-09-04 17:00:00,9123,E5,demand,fvg,fvg:demand:9122,3606.89990234375,3606.5,,1,,0,0,0,10,10
2025-09-04 18:00:00,9124,E1,supply,sd,sd:supply:9109,3620.283095703125,3604.10009765625,-39373.0,15,14.9,1,0,0,6,10
2025-09-04 19:00:00,9125,E5,supply,fvg,fvg:supply:9124,3606.89990234375,3605.0,,1,,0,0,1,7,7
2025-09-05 02:00:00,9131,E5,demand,fvg,fvg:demand:9129,3607.0,3602.0,,2,,0,1,0,10,10
2025-09-05 05:00:00,9134,E5,demand,fvg,fvg:demand:9133,3615.5,3614.10009765625,,1,,0,0,1,2,3
2025-09-05 08:00:00,9137,E2,demand,sd,sd:demand:9118,3603.60009765625,3587.1580981445313,27971.0,19,10.6,1,1,0,4,4
2025-09-05 08:00:00,9137,E4,demand,ob_swing,ob_swing:demand:9132,3606.5,3592.199951171875,,5,,0,1,0,4,4
2025-09-05 09:00:00,9138,E1,supply,sd,sd:supply:9109,3620.283095703125,3604.10009765625,-39373.0,29,14.9,2,0,1,3,3
2025-09-05 12:00:00,9141,E5,supply,fvg,fvg:supply:9102,3632.89990234375,3630.199951171875,,39,,0,0,1,1,1
2025-09-05 12:00:00,9141,E5,supply,fvg,fvg:supply:9136,3614.89990234375,3612.89990234375,,5,,0,0,1,1,1
2025-09-07 22:00:00,9150,E5,demand,fvg,fvg:demand:9142,3629.5,3611.800048828125,,8,,0,1,0,10,10
2025-09-08 00:00:00,9152,E5,supply,fvg,fvg:supply:9151,3639.0,3634.10009765625,,1,,0,0,1,7,7
2025-09-08 05:00:00,9157,E5,supply,fvg,fvg:supply:9156,3627.800048828125,3626.60009765625,,1,,0,0,1,2,1
2025-09-08 07:00:00,9159,E1,supply,sd,sd:supply:9151,3664.0299438476563,3646.199951171875,-35618.0,8,11.8,0,0,1,3,7
2025-09-09 03:00:00,9178,E5,demand,fvg,fvg:demand:9177,3685.5,3681.39990234375,,1,,0,1,0,10,10
2025-09-09 06:00:00,9181,E5,demand,fvg,fvg:demand:9180,3692.0,3691.60009765625,,1,,0,1,1,7,1
2025-09-09 09:00:00,9184,E5,supply,fvg,fvg:supply:9182,3692.0,3690.800048828125,,2,,0,0,1,4,4
2025-09-09 14:00:00,9189,E4,demand,ob_internal,ob_internal:demand:9188,3690.800048828125,3680.89990234375,,1,,0,0,1,1,1
2025-09-09 14:00:00,9189,E5,demand,fvg,fvg:demand:9176,3676.699951171875,3676.300048828125,,13,,0,0,1,1,7
2025-09-09 15:00:00,9190,E5,demand,fvg,fvg:demand:9166,3668.199951171875,3664.89990234375,,24,,0,0,1,4,6
2025-09-09 22:00:00,9196,E5,demand,fvg,fvg:demand:9165,3659.800048828125,3659.10009765625,,31,,0,0,0,2,10
2025-09-09 22:00:00,9196,E5,supply,fvg,fvg:supply:9195,3678.5,3671.300048828125,,1,,0,0,0,8,10
2025-09-10 04:00:00,9202,E5,supply,fvg,fvg:supply:9194,3680.39990234375,3680.10009765625,,8,,0,0,1,5,5
2025-09-10 08:00:00,9206,E4,supply,ob_internal,ob_internal:supply:9195,3688.5,3682.699951171875,,11,,0,0,0,1,10
2025-09-10 11:00:00,9209,E5,demand,fvg,fvg:demand:9208,3690.0,3686.699951171875,,1,,0,0,1,1,8
2025-09-10 15:00:00,9213,E5,demand,fvg,fvg:demand:9203,3677.60009765625,3674.800048828125,,10,,0,0,0,10,10
2025-09-10 22:00:00,9219,E1,supply,sd,sd:supply:9214,3700.8780078125,3681.0,-36976.0,5,12.6,0,0,0,10,10
2025-09-10 22:00:00,9219,E5,supply,fvg,fvg:supply:9218,3683.89990234375,3682.60009765625,,1,,0,0,0,10,10
2025-09-11 03:00:00,9224,E4,demand,ob_internal,ob_internal:demand:9202,3670.800048828125,3656.5,,22,,0,0,0,3,10
2025-09-11 03:00:00,9224,E5,demand,fvg,fvg:demand:9201,3670.89990234375,3670.800048828125,,23,,0,0,1,3,2
2025-09-11 06:00:00,9227,E5,supply,fvg,fvg:supply:9224,3678.199951171875,3674.89990234375,,3,,0,1,0,3,3
2025-09-11 12:00:00,9233,E1,supply,sd,sd:supply:9214,3700.8780078125,3681.0,-36976.0,19,12.6,1,0,0,3,10
2025-09-11 12:00:00,9233,E5,supply,fvg,fvg:supply:9231,3663.699951171875,3663.5,,2,,0,0,1,3,1
2025-09-12 01:00:00,9245,E1,supply,sd,sd:supply:9214,3700.8780078125,3681.0,-36976.0,31,10.8,2,0,0,3,10
2025-09-12 01:00:00,9245,E4,supply,ob_internal,ob_internal:supply:9224,3687.5,3678.199951171875,,21,,0,0,0,3,10
2025-09-12 06:00:00,9250,E5,demand,fvg,fvg:demand:9248,3690.5,3690.10009765625,,2,,0,0,1,2,2
2025-09-12 07:00:00,9251,E5,demand,fvg,fvg:demand:9247,3687.0,3686.300048828125,,4,,0,0,1,1,1
2025-09-12 08:00:00,9252,E5,demand,fvg,fvg:demand:9246,3683.39990234375,3674.89990234375,,6,,0,0,0,10,10
2025-09-12 10:00:00,9254,E5,supply,fvg,fvg:supply:9253,3685.699951171875,3685.0,,1,,0,0,0,10,10
2025-09-14 22:00:00,9265,E1,supply,sd,sd:supply:9214,3700.8780078125,3681.0,-36976.0,51,10.8,3,1,0,3,3
2025-09-14 22:00:00,9265,E5,supply,fvg,fvg:supply:9264,3685.5,3683.800048828125,,1,,0,1,0,3,3
2025-09-15 00:00:00,9267,E4,demand,ob_internal,ob_internal:demand:9245,3674.89990234375,3667.300048828125,,22,,0,0,0,1,10
2025-09-15 02:00:00,9269,E5,supply,fvg,fvg:supply:9268,3673.60009765625,3672.199951171875,,1,,0,0,1,10,1
2025-09-15 06:00:00,9273,E5,demand,fvg,fvg:demand:9270,3676.89990234375,3672.199951171875,,3,,0,1,0,7,7
2025-09-15 08:00:00,9275,E1,supply,sd,sd:supply:9214,3700.8780078125,3681.0,-36976.0,61,10.8,4,0,1,5,7
2025-09-15 12:00:00,9279,E4,supply,ob_swing,ob_swing:supply:9266,3692.699951171875,3684.800048828125,,13,,0,0,1,1,1
2025-09-15 12:00:00,9279,E4,supply,ob_internal,ob_internal:supply:9266,3689.5,3686.0,,13,,0,0,1,1,1
2025-09-16 01:00:00,9290,E4,demand,ob_internal,ob_internal:demand:9289,3724.89990234375,3713.60009765625,,1,,0,1,0,8,8
2025-09-16 01:00:00,9290,E5,demand,fvg,fvg:demand:9289,3722.39990234375,3721.699951171875,,1,,0,1,1,8,1
2025-09-16 02:00:00,9291,E5,demand,fvg,fvg:demand:9283,3713.60009765625,3701.800048828125,,8,,0,1,0,6,6
2025-09-16 03:00:00,9292,E4,supply,ob_internal,ob_internal:supply:9291,3728.39990234375,3715.60009765625,,1,,0,0,1,3,6
2025-09-16 04:00:00,9293,E5,supply,fvg,fvg:supply:9291,3722.39990234375,3720.89990234375,,2,,0,0,1,2,2
2025-09-16 12:00:00,9301,E5,demand,fvg,fvg:demand:9296,3725.0,3721.5,,5,,0,0,0,3,10
2025-09-17 01:00:00,9313,E4,demand,ob_internal,ob_internal:demand:9295,3720.89990234375,3711.800048828125,,18,,0,0,1,5,6
2025-09-17 05:00:00,9317,E5,supply,fvg,fvg:supply:9314,3727.800048828125,3720.89990234375,,3,,0,1,0,3,3
2025-09-17 09:00:00,9321,E5,supply,fvg,fvg:supply:9320,3707.699951171875,3704.199951171875,,1,,0,0,1,3,4
2025-09-17 12:00:00,9324,E1,supply,sd,sd:supply:9319,3729.1649365234375,3710.699951171875,-25852.0,5,8.7,0,0,0,4,6
2025-09-17 18:00:00,9330,E2,demand,sd,sd:demand:9325,3706.0,3687.5250146484377,33454.0,5,11.0,0,0,0,10,10
2025-09-17 18:00:00,9330,E2,demand,sd,sd:demand:9280,3683.39990234375,3663.6269067382814,43251.0,50,14.3,0,0,0,10,10
2025-09-17 18:00:00,9330,E5,demand,fvg,fvg:demand:9280,3684.0,3683.199951171875,,50,,0,0,0,10,10
2025-09-17 18:00:00,9330,E5,demand,fvg,fvg:demand:9281,3691.199951171875,3688.39990234375,,49,,0,0,0,10,10
2025-09-17 18:00:00,9330,E5,supply,fvg,fvg:supply:9313,3729.10009765625,3728.89990234375,,17,,0,0,0,1,10
2025-09-17 18:00:00,9330,E5,demand,fvg,fvg:demand:9325,3707.60009765625,3705.5,,5,,0,0,1,10,1
2025-09-17 23:00:00,9334,E5,supply,fvg,fvg:supply:9331,3713.89990234375,3702.800048828125,,3,,0,1,0,7,7
2025-09-18 05:00:00,9340,E2,demand,sd,sd:demand:9280,3683.39990234375,3663.6269067382814,43251.0,60,14.5,1,0,0,1,10
2025-09-18 06:00:00,9341,E4,demand,ob_swing,ob_swing:demand:9280,3672.199951171875,3662.800048828125,,61,,0,1,0,2,2
2025-09-18 07:00:00,9342,E1,supply,sd,sd:supply:9341,3710.2870849609376,3691.10009765625,-32435.0,1,9.8,0,0,0,2,6
2025-09-18 07:00:00,9342,E5,supply,fvg,fvg:supply:9341,3688.0,3685.60009765625,,1,,0,0,1,2,2
2025-09-18 08:00:00,9343,E4,supply,ob_internal,ob_internal:supply:9341,3705.60009765625,3694.800048828125,,2,,0,1,0,5,5
2025-09-18 11:00:00,9346,E5,demand,fvg,fvg:demand:9344,3699.0,3693.699951171875,,2,,0,0,1,2,2
2025-09-18 13:00:00,9348,E2,demand,sd,sd:demand:9344,3685.60009765625,3666.5661108398435,31816.0,4,9.5,0,0,0,10,10
2025-09-18 13:00:00,9348,E4,demand,ob_internal,ob_internal:demand:9344,3685.60009765625,3667.300048828125,,4,,0,0,0,10,10
2025-09-18 13:00:00,9348,E5,demand,fvg,fvg:demand:9343,3687.699951171875,3685.60009765625,,5,,0,0,1,10,1
2025-09-18 16:00:00,9351,E5,supply,fvg,fvg:supply:9349,3696.39990234375,3679.800048828125,,2,,0,0,0,10,10
2025-09-18 18:00:00,9353,E5,demand,fvg,fvg:demand:9352,3676.300048828125,3675.699951171875,,1,,0,0,1,10,6
2025-09-18 22:00:00,9356,E5,demand,fvg,fvg:demand:9355,3677.300048828125,3676.800048828125,,1,,0,1,1,7,3
2025-09-19 00:00:00,9358,E5,supply,fvg,fvg:supply:9357,3677.300048828125,3674.89990234375,,1,,0,0,1,1,3
2025-09-19 04:00:00,9362,E1,supply,sd,sd:supply:9341,3710.2870849609376,3691.10009765625,-32435.0,21,9.7,1,0,0,10,10
2025-09-19 05:00:00,9363,E2,demand,sd,sd:demand:9344,3685.60009765625,3666.5661108398435,31816.0,19,9.5,1,1,0,10,10
2025-09-19 05:00:00,9363,E5,demand,fvg,fvg:demand:9362,3686.800048828125,3683.300048828125,,1,,0,1,0,10,10
2025-09-19 06:00:00,9364,E2,demand,sd,sd:demand:9280,3683.39990234375,3663.6269067382814,43251.0,84,12.9,2,1,0,8,8
2025-09-19 13:00:00,9371,E5,supply,fvg,fvg:supply:9370,3687.5,3684.300048828125,,1,,0,0,1,2,1
2025-09-19 14:00:00,9372,E5,supply,fvg,fvg:supply:9348,3698.10009765625,3697.800048828125,,24,,0,0,1,3,1
2025-09-19 17:00:00,9375,E1,supply,sd,sd:supply:9319,3729.1649365234375,3710.699951171875,-25852.0,56,8.8,1,0,0,4,10
2025-09-19 20:00:00,9378,E5,demand,fvg,fvg:demand:9376,3712.699951171875,3706.699951171875,,2,,0,1,0,1,1
2025-09-19 20:00:00,9378,E5,demand,fvg,fvg:demand:9377,3715.10009765625,3713.89990234375,,1,,0,1,0,1,1
2025-09-22 00:00:00,9381,E5,demand,fvg,fvg:demand:9380,3721.10009765625,3719.60009765625,,1,,0,1,0,6,6
2025-09-22 12:00:00,9393,E5,demand,fvg,fvg:demand:9390,3753.699951171875,3751.0,,3,,0,1,0,5,5
2025-09-22 19:00:00,9400,E5,demand,fvg,fvg:demand:9399,3779.199951171875,3773.699951171875,,1,,0,0,0,10,10
2025-09-23 07:00:00,9411,E5,demand,fvg,fvg:demand:9410,3785.199951171875,3781.89990234375,,1,,0,1,0,1,1
2025-09-23 11:00:00,9415,E5,demand,fvg,fvg:demand:9414,3814.39990234375,3809.60009765625,,1,,0,0,1,3,3
2025-09-23 13:00:00,9417,E5,demand,fvg,fvg:demand:9413,3808.300048828125,3791.199951171875,,4,,0,0,0,1,10
2025-09-23 23:00:00,9426,E5,supply,fvg,fvg:supply:9423,3808.199951171875,3800.60009765625,,3,,0,0,0,6,10
2025-09-24 08:00:00,9435,E5,demand,fvg,fvg:demand:9432,3800.10009765625,3799.300048828125,,3,,0,0,1,5,6
2025-09-24 08:00:00,9435,E5,demand,fvg,fvg:demand:9433,3801.89990234375,3800.699951171875,,2,,0,0,1,5,6
2025-09-24 10:00:00,9437,E5,demand,fvg,fvg:demand:9431,3795.39990234375,3792.300048828125,,6,,0,0,1,4,5
2025-09-24 16:00:00,9443,E5,demand,fvg,fvg:demand:9397,3769.199951171875,3761.0,,46,,0,0,0,2,10
2025-09-24 16:00:00,9443,E5,demand,fvg,fvg:demand:9398,3771.199951171875,3770.300048828125,,45,,0,0,1,2,2
2025-09-24 18:00:00,9445,E2,demand,sd,sd:demand:9396,3759.5,3740.837021484375,51376.0,49,16.4,0,1,0,5,5
2025-09-24 18:00:00,9445,E4,demand,ob_internal,ob_internal:demand:9396,3759.5,3746.0,,49,,0,1,0,5,5
2025-09-24 20:00:00,9447,E5,supply,fvg,fvg:supply:9446,3765.699951171875,3764.0,,1,,0,0,1,3,3
2025-09-24 22:00:00,9448,E5,supply,fvg,fvg:supply:9444,3772.60009765625,3772.39990234375,,4,,0,0,1,9,9
2025-09-25 00:00:00,9450,E5,supply,fvg,fvg:supply:9443,3782.0,3778.39990234375,,7,,0,0,0,8,10
2025-09-25 01:00:00,9451,E5,demand,fvg,fvg:demand:9448,3767.0,3764.0,,3,,0,1,0,7,7
2025-09-25 01:00:00,9451,E5,demand,fvg,fvg:demand:9449,3770.5,3770.0,,2,,0,1,0,7,7
2025-09-25 08:00:00,9458,E5,supply,fvg,fvg:supply:9442,3791.800048828125,3790.0,,16,,0,1,0,4,4
2025-09-25 09:00:00,9459,E5,demand,fvg,fvg:demand:9458,3781.300048828125,3778.699951171875,,1,,0,0,1,2,3
2025-09-25 12:00:00,9462,E2,demand,sd,sd:demand:9457,3770.39990234375,3750.4969189453127,28537.0,5,11.0,0,0,0,1,10
2025-09-25 12:00:00,9462,E4,demand,ob_internal,ob_internal:demand:9457,3773.10009765625,3760.5,,5,,0,0,0,1,10
2025-09-25 13:00:00,9463,E2,demand,sd,sd:demand:9396,3759.5,3740.837021484375,51376.0,67,19.8,1,0,0,10,10
2025-09-25 18:00:00,9468,E1,supply,sd,sd:supply:9463,3806.334033203125,3785.800048828125,-68788.0,5,20.9,0,0,0,10,10
2025-09-25 23:00:00,9472,E2,demand,sd,sd:demand:9457,3770.39990234375,3750.4969189453127,28537.0,15,8.7,1,0,0,10,10
2025-09-25 23:00:00,9472,E5,demand,fvg,fvg:demand:9469,3776.0,3775.60009765625,,3,,0,0,0,10,10
2025-09-26 05:00:00,9478,E5,demand,fvg,fvg:demand:9477,3774.0,3772.5,,1,,0,1,0,8,8
2025-09-26 12:00:00,9485,E1,supply,sd,sd:supply:9463,3806.334033203125,3785.800048828125,-68788.0,22,20.9,1,0,0,1,10
2025-09-26 13:00:00,9486,E1,supply,sd,sd:supply:9441,3811.839990234375,3792.5,-60013.0,45,18.3,0,0,0,1,10
2025-09-26 14:00:00,9487,E4,supply,ob_swing,ob_swing:supply:9442,3812.60009765625,3803.699951171875,,45,,0,0,0,10,10
2025-09-26 14:00:00,9487,E4,supply,ob_internal,ob_internal:supply:9442,3812.60009765625,3803.699951171875,,45,,0,0,0,10,10
2025-09-26 16:00:00,9489,E5,demand,fvg,fvg:demand:9488,3802.39990234375,3797.199951171875,,1,,0,0,0,4,9
2025-09-26 20:00:00,9493,E5,demand,fvg,fvg:demand:9487,3791.800048828125,3788.0,,6,,0,0,0,1,7
2025-09-29 01:00:00,9497,E4,demand,ob_internal,ob_internal:demand:9496,3809.0,3789.0,,1,,0,1,0,3,3
2025-09-29 07:00:00,9503,E5,demand,fvg,fvg:demand:9502,3839.60009765625,3837.800048828125,,1,,0,0,0,10,10
2025-09-30 06:00:00,9525,E5,demand,fvg,fvg:demand:9523,3890.10009765625,3880.89990234375,,2,,0,0,1,1,1
2025-09-30 07:00:00,9526,E5,demand,fvg,fvg:demand:9521,3871.0,3869.0,,5,,0,0,1,1,1
2025-09-30 08:00:00,9527,E2,demand,sd,sd:demand:9520,3863.199951171875,3840.5209619140624,22205.0,7,11.6,0,0,1,1,1
2025-09-30 08:00:00,9527,E5,demand,fvg,fvg:demand:9520,3866.199951171875,3861.89990234375,,7,,0,0,1,1,1
2025-09-30 09:00:00,9528,E5,demand,fvg,fvg:demand:9499,3821.5,3817.699951171875,,29,,0,1,0,4,4
2025-09-30 09:00:00,9528,E5,demand,fvg,fvg:demand:9501,3830.39990234375,3828.5,,27,,0,1,0,4,4
2025-09-30 12:00:00,9531,E5,supply,fvg,fvg:supply:9528,3867.89990234375,3848.800048828125,,3,,0,0,1,2,7
2025-09-30 14:00:00,9533,E5,supply,fvg,fvg:supply:9527,3882.699951171875,3875.60009765625,,6,,0,0,0,10,10
2025-09-30 19:00:00,9538,E5,supply,fvg,fvg:supply:9526,3890.199951171875,3887.89990234375,,12,,0,0,0,6,10
2025-09-30 23:00:00,9541,E1,supply,sd,sd:supply:9528,3913.6479418945314,3890.199951171875,-80366.0,13,29.5,0,0,0,8,10
2025-10-01 11:00:00,9553,E5,demand,fvg,fvg:demand:9550,3907.0,3892.699951171875,,3,,0,0,0,1,10
2025-10-01 11:00:00,9553,E5,demand,fvg,fvg:demand:9551,3911.300048828125,3908.300048828125,,2,,0,0,1,1,1
2025-10-01 14:00:00,9556,E5,supply,fvg,fvg:supply:9555,3905.39990234375,3904.10009765625,,1,,0,0,0,10,10
2025-10-01 17:00:00,9559,E4,demand,ob_internal,ob_internal:demand:9549,3892.699951171875,3880.300048828125,,10,,0,0,0,10,10
2025-10-02 00:00:00,9565,E4,demand,ob_internal,ob_internal:demand:9538,3881.89990234375,3858.699951171875,,27,,0,1,0,10,10
2025-10-02 01:00:00,9566,E2,demand,sd,sd:demand:9539,3877.199951171875,3853.8029541015626,23181.0,27,9.3,0,0,0,10,10
2025-10-02 01:00:00,9566,E5,demand,fvg,fvg:demand:9539,3878.699951171875,3877.10009765625,,27,,0,0,0,10,10
2025-10-02 10:00:00,9575,E1,supply,sd,sd:supply:9554,3930.395,3907.0,-57939.0,21,23.2,0,0,0,2,4
2025-10-02 14:00:00,9579,E2,demand,sd,sd:demand:9539,3877.199951171875,3853.8029541015626,23181.0,40,9.3,1,0,0,1,10
2025-10-02 14:00:00,9579,E4,demand,ob_internal,ob_internal:demand:9538,3881.89990234375,3858.699951171875,,41,,1,0,1,1,1
2025-10-02 14:00:00,9579,E5,demand,fvg,fvg:demand:9534,3858.699951171875,3858.60009765625,,45,,0,0,1,1,1
2025-10-02 16:00:00,9581,E5,supply,fvg,fvg:supply:9580,3898.10009765625,3869.0,,1,,0,0,0,4,10
2025-10-02 22:00:00,9586,E5,demand,fvg,fvg:demand:9585,3878.0,3876.5,,1,,0,0,1,5,5
2025-10-03 01:00:00,9589,E5,demand,fvg,fvg:demand:9584,3874.800048828125,3871.800048828125,,5,,0,0,0,2,10
2025-10-03 03:00:00,9591,E2,demand,sd,sd:demand:9585,3869.0,3844.5110009765626,23413.0,6,6.5,0,1,0,7,7
2025-10-03 13:00:00,9601,E1,supply,sd,sd:supply:9579,3928.7080004882814,3904.5,-111135.0,22,30.8,0,0,1,8,9
2025-10-03 13:00:00,9601,E1,supply,sd,sd:supply:9554,3930.395,3907.0,-57939.0,47,16.1,1,0,1,8,9
2025-10-03 13:00:00,9601,E5,supply,fvg,fvg:supply:9579,3905.10009765625,3901.5,,22,,0,0,1,8,8
2025-10-03 14:00:00,9602,E5,demand,fvg,fvg:demand:9601,3894.5,3890.300048828125,,1,,0,1,0,7,7
2025-10-06 00:00:00,9611,E5,demand,fvg,fvg:demand:9610,3925.0,3912.699951171875,,1,,0,1,0,3,3
2025-10-06 05:00:00,9616,E5,demand,fvg,fvg:demand:9615,3953.300048828125,3950.0,,1,,0,1,0,9,9
2025-10-06 10:00:00,9621,E5,demand,fvg,fvg:demand:9619,3959.300048828125,3959.0,,2,,0,0,0,2,6
2025-10-06 13:00:00,9624,E1,supply,sd,sd:supply:9622,3984.150048828125,3959.300048828125,-23705.0,2,12.5,0,0,0,1,10
2025-10-06 16:00:00,9627,E5,demand,fvg,fvg:demand:9626,3972.0,3971.10009765625,,1,,0,0,0,10,10
2025-10-07 09:00:00,9634,E5,supply,fvg,fvg:supply:9632,3981.89990234375,3979.39990234375,,2,,0,0,1,2,3
2025-10-07 09:00:00,9634,E5,supply,fvg,fvg:supply:9633,3981.0,3976.699951171875,,1,,0,0,1,2,3
2025-10-07 11:00:00,9636,E2,demand,sd,sd:demand:9635,3979.39990234375,3954.0299096679687,29229.0,1,17.5,0,0,0,10,10
2025-10-07 14:00:00,9639,E5,demand,fvg,fvg:demand:9638,3993.300048828125,3992.10009765625,,1,,0,0,0,1,10
2025-10-07 15:00:00,9640,E5,demand,fvg,fvg:demand:9637,3986.60009765625,3985.89990234375,,3,,0,1,0,8,8
2025-10-08 00:00:00,9648,E5,demand,fvg,fvg:demand:9647,4011.0,4009.39990234375,,1,,0,1,0,3,3
2025-10-08 06:00:00,9654,E5,demand,fvg,fvg:demand:9653,4046.699951171875,4038.699951171875,,1,,0,1,0,10,10
2025-10-08 09:00:00,9657,E5,demand,fvg,fvg:demand:9656,4055.39990234375,4055.199951171875,,1,,0,0,0,1,10
2025-10-08 20:00:00,9668,E1,supply,sd,sd:supply:9667,4091.3499047851565,4065.39990234375,-52525.0,1,25.6,0,1,0,2,2
2025-10-08 22:00:00,9669,E5,demand,fvg,fvg:demand:9652,4037.10009765625,4034.0,,17,,0,0,0,1,10
2025-10-08 23:00:00,9670,E2,demand,sd,sd:demand:9651,4020.89990234375,3995.234899902344,34463.0,19,16.8,0,1,0,6,6
2025-10-08 23:00:00,9670,E5,demand,fvg,fvg:demand:9651,4031.39990234375,4023.60009765625,,19,,0,1,0,6,6
2025-10-09 00:00:00,9671,E5,supply,fvg,fvg:supply:9670,4058.699951171875,4041.300048828125,,1,,0,0,0,4,10
2025-10-09 06:00:00,9677,E5,demand,fvg,fvg:demand:9675,4046.10009765625,4041.60009765625,,2,,0,1,0,7,7
2025-10-09 06:00:00,9677,E5,demand,fvg,fvg:demand:9676,4053.199951171875,4049.0,,1,,0,1,0,7,7
2025-10-09 08:00:00,9679,E5,supply,fvg,fvg:supply:9678,4053.199951171875,4052.199951171875,,1,,0,0,1,4,4
2025-10-09 11:00:00,9682,E1,supply,sd,sd:supply:9667,4091.3499047851565,4065.39990234375,-52525.0,15,25.6,1,1,0,2,2
2025-10-09 11:00:00,9682,E5,demand,fvg,fvg:demand:9680,4053.5,4052.199951171875,,2,,0,0,1,2,2
2025-10-09 14:00:00,9685,E2,demand,sd,sd:demand:9651,4020.89990234375,3995.234899902344,34463.0,34,16.8,1,0,1,1,2
2025-10-09 16:00:00,9687,E2,demand,sd,sd:demand:9635,3979.39990234375,3954.0299096679687,29229.0,52,14.2,1,0,0,1,10
2025-10-09 17:00:00,9688,E4,demand,ob_internal,ob_internal:demand:9625,3966.10009765625,3950.0,,63,,0,1,0,5,5
2025-10-09 17:00:00,9688,E4,demand,ob_internal,ob_internal:demand:9637,3976.699951171875,3963.39990234375,,51,,0,1,0,5,5
2025-10-09 19:00:00,9690,E5,supply,fvg,fvg:supply:9688,4021.300048828125,3987.699951171875,,2,,0,0,0,10,10
2025-10-09 22:00:00,9692,E2,demand,sd,sd:demand:9691,3987.699951171875,3959.43994140625,39577.0,1,11.4,0,0,0,6,10
2025-10-09 22:00:00,9692,E5,demand,fvg,fvg:demand:9691,3987.60009765625,3981.699951171875,,1,,0,0,0,6,10
2025-10-10 01:00:00,9695,E5,demand,fvg,fvg:demand:9694,4002.5,3996.39990234375,,1,,0,0,1,3,2
2025-10-10 03:00:00,9697,E2,demand,sd,sd:demand:9635,3979.39990234375,3954.0299096679687,29229.0,62,8.4,2,1,0,6,6
2025-10-10 05:00:00,9699,E5,supply,fvg,fvg:supply:9698,3987.89990234375,3980.699951171875,,1,,0,0,1,4,4
2025-10-10 08:00:00,9702,E5,supply,fvg,fvg:supply:9696,4002.5,4002.39990234375,,6,,0,0,1,7,7
2025-10-10 09:00:00,9703,E1,supply,sd,sd:supply:9688,4046.112109375,4018.10009765625,-137375.0,15,39.5,0,0,0,6,10
2025-10-10 11:00:00,9705,E5,demand,fvg,fvg:demand:9703,4003.10009765625,3989.0,,2,,0,1,0,10,10
2025-10-10 13:00:00,9707,E1,supply,sd,sd:supply:9706,4031.7081079101563,4003.10009765625,-33807.0,1,8.9,0,0,1,2,8
2025-10-10 14:00:00,9708,E2,demand,sd,sd:demand:9691,3987.699951171875,3959.43994140625,39577.0,17,10.4,1,1,0,7,7
2025-10-10 19:00:00,9713,E1,supply,sd,sd:supply:9688,4046.112109375,4018.10009765625,-137375.0,25,36.0,1,0,1,2,3
2025-10-10 20:00:00,9714,E2,demand,sd,sd:demand:9713,4014.39990234375,3984.912890625,44992.0,1,11.6,0,1,0,1,1
2025-10-10 20:00:00,9714,E5,demand,fvg,fvg:demand:9713,4010.5,4009.5,,1,,0,1,0,1,1
2025-10-12 22:00:00,9715,E5,supply,fvg,fvg:supply:9685,4056.300048828125,4046.199951171875,,30,,0,0,1,7,7
2025-10-12 23:00:00,9716,E1,supply,sd,sd:supply:9667,4091.3499047851565,4065.39990234375,-52525.0,49,24.4,2,0,0,1,10
2025-10-13 00:00:00,9717,E5,demand,fvg,fvg:demand:9716,4050.39990234375,4038.5,,1,,0,0,0,10,10
2025-10-14 05:00:00,9745,E5,demand,fvg,fvg:demand:9740,4137.0,4135.10009765625,,5,,0,0,1,1,1
2025-10-14 05:00:00,9745,E5,demand,fvg,fvg:demand:9742,4153.7001953125,4148.39990234375,,3,,0,0,1,1,1
2025-10-14 05:00:00,9745,E5,demand,fvg,fvg:demand:9744,4168.5,4167.39990234375,,1,,0,0,1,1,1
2025-10-14 06:00:00,9746,E4,demand,ob_internal,ob_internal:demand:9739,4130.0,4110.2998046875,,7,,0,1,0,10,10
2025-10-14 06:00:00,9746,E5,demand,fvg,fvg:demand:9731,4110.10009765625,4105.60009765625,,15,,0,1,0,10,10
2025-10-14 08:00:00,9748,E5,supply,fvg,fvg:supply:9746,4168.5,4147.2001953125,,2,,0,1,0,5,5
2025-10-14 16:00:00,9756,E2,demand,sd,sd:demand:9755,4152.7998046875,4120.359787597657,70318.0,1,27.7,0,1,0,8,8
2025-10-15 00:00:00,9763,E5,demand,fvg,fvg:demand:9762,4173.39990234375,4163.7998046875,,1,,0,1,0,7,7
2025-10-15 09:00:00,9772,E5,demand,fvg,fvg:demand:9770,4212.2001953125,4211.2998046875,,2,,0,0,1,10,3
2025-10-15 09:00:00,9772,E5,demand,fvg,fvg:demand:9771,4225.0,4218.2001953125,,1,,0,0,1,10,3
2025-10-15 14:00:00,9777,E5,supply,fvg,fvg:supply:9773,4225.0,4223.89990234375,,4,,0,0,1,9,10
2025-10-15 22:00:00,9784,E5,demand,fvg,fvg:demand:9782,4218.2998046875,4216.2001953125,,2,,0,0,0,10,10
2025-10-16 05:00:00,9791,E2,demand,sd,sd:demand:9788,4230.39990234375,4196.347885742188,37497.0,3,14.3,0,1,0,4,4
2025-10-16 05:00:00,9791,E4,demand,ob_swing,ob_swing:demand:9787,4218.7001953125,4191.2001953125,,4,,0,1,0,4,4
2025-10-16 05:00:00,9791,E4,demand,ob_internal,ob_internal:demand:9787,4221.7001953125,4196.10009765625,,4,,0,1,0,4,4
2025-10-16 09:00:00,9795,E5,demand,fvg,fvg:demand:9794,4243.39990234375,4241.10009765625,,1,,0,1,0,6,6
2025-10-16 16:00:00,9802,E5,demand,fvg,fvg:demand:9801,4276.10009765625,4274.0,,1,,0,1,0,4,4
2025-10-16 18:00:00,9804,E5,demand,fvg,fvg:demand:9803,4294.39990234375,4292.7001953125,,1,,0,1,0,2,2
2025-10-17 01:00:00,9810,E5,demand,fvg,fvg:demand:9806,4321.7998046875,4310.5,,4,,0,1,0,3,3
2025-10-17 01:00:00,9810,E5,demand,fvg,fvg:demand:9807,4341.5,4328.7001953125,,3,,0,1,0,3,3
2025-10-17 01:00:00,9810,E5,demand,fvg,fvg:demand:9808,4354.60009765625,4346.7001953125,,2,,0,1,0,3,3
2025-10-17 03:00:00,9812,E5,supply,fvg,fvg:supply:9811,4365.39990234375,4362.0,,1,,0,1,0,4,4
2025-10-17 05:00:00,9814,E5,demand,fvg,fvg:demand:9813,4367.5,4362.0,,1,,0,0,1,2,2
2025-10-17 14:00:00,9823,E2,demand,sd,sd:demand:9802,4266.7998046875,4231.856789550781,119494.0,21,30.0,0,0,1,2,3
2025-10-17 14:00:00,9823,E2,demand,sd,sd:demand:9788,4230.39990234375,4196.347885742188,37497.0,35,9.4,1,0,0,2,10
2025-10-17 16:00:00,9825,E4,demand,ob_swing,ob_swing:demand:9787,4218.7001953125,4191.2001953125,,38,,1,1,0,5,5
2025-10-17 16:00:00,9825,E4,demand,ob_internal,ob_internal:demand:9787,4221.7001953125,4196.10009765625,,38,,1,1,0,5,5
2025-10-17 16:00:00,9825,E4,demand,ob_internal,ob_internal:demand:9796,4248.0,4216.39990234375,,29,,0,1,0,5,5
2025-10-17 18:00:00,9827,E5,supply,fvg,fvg:supply:9826,4244.2001953125,4241.0,,1,,0,0,1,3,3
2025-10-19 22:00:00,9830,E5,supply,fvg,fvg:supply:9823,4294.5,4287.2998046875,,7,,0,0,0,10,10
2025-10-20 03:00:00,9835,E5,demand,fvg,fvg:demand:9834,4264.2001953125,4262.39990234375,,1,,0,0,0,3,10
2025-10-20 07:00:00,9839,E5,supply,fvg,fvg:supply:9838,4273.2998046875,4258.60009765625,,1,,0,0,1,5,5
2025-10-20 09:00:00,9841,E5,demand,fvg,fvg:demand:9840,4266.2998046875,4258.60009765625,,1,,0,1,0,3,3
2025-10-20 14:00:00,9846,E5,demand,fvg,fvg:demand:9845,4315.39990234375,4295.2998046875,,1,,0,0,0,10,10
2025-10-20 15:00:00,9847,E1,supply,sd,sd:supply:9816,4405.552019042969,4367.5,-56056.0,31,17.6,0,0,0,4,10
2025-10-20 15:00:00,9847,E4,supply,ob_swing,ob_swing:supply:9822,4390.39990234375,4353.5,,25,,0,0,0,4,10
2025-10-20 15:00:00,9847,E4,supply,ob_internal,ob_internal:supply:9822,4390.39990234375,4353.5,,25,,0,0,0,4,10
2025-10-20 17:00:00,9849,E5,demand,fvg,fvg:demand:9848,4358.89990234375,4351.2001953125,,1,,0,0,0,10,10
2025-10-20 20:00:00,9852,E2,demand,sd,sd:demand:9851,4367.7001953125,4323.237194824219,44456.0,1,13.7,0,0,0,8,10
2025-10-20 20:00:00,9852,E5,demand,fvg,fvg:demand:9851,4376.10009765625,4368.89990234375,,1,,0,0,1,8,8
2025-10-21 01:00:00,9856,E5,demand,fvg,fvg:demand:9847,4348.7001953125,4342.7998046875,,9,,0,0,1,4,6
2025-10-21 08:00:00,9863,E5,demand,fvg,fvg:demand:9844,4287.60009765625,4275.5,,19,,0,0,1,4,4
2025-10-21 12:00:00,9867,E2,demand,sd,sd:demand:9788,4230.39990234375,4196.347885742188,37497.0,79,9.5,2,0,1,1,2
2025-10-21 14:00:00,9869,E2,demand,sd,sd:demand:9755,4152.7998046875,4120.359787597657,70318.0,114,18.3,1,0,1,2,9
2025-10-21 14:00:00,9869,E2,demand,sd,sd:demand:9731,4103.10009765625,4072.564079589844,70180.0,138,18.3,0,0,1,2,9
2025-10-21 14:00:00,9869,E4,demand,ob_internal,ob_internal:demand:9761,4172.10009765625,4144.5,,108,,0,0,1,2,3
2025-10-22 00:00:00,9878,E5,demand,fvg,fvg:demand:9723,4078.89990234375,4076.39990234375,,155,,0,1,0,6,6
2025-10-22 01:00:00,9879,E1,supply,sd,sd:supply:9878,4170.706000976563,4121.0,-52412.0,1,13.4,0,0,0,2,10
2025-10-22 01:00:00,9879,E5,supply,fvg,fvg:supply:9878,4126.60009765625,4107.60009765625,,1,,0,0,1,2,5
2025-10-22 02:00:00,9880,E4,supply,ob_internal,ob_internal:supply:9878,4146.7001953125,4126.60009765625,,2,,0,0,0,4,8
2025-10-22 06:00:00,9884,E5,supply,fvg,fvg:supply:9870,4179.10009765625,4164.2001953125,,14,,0,1,0,2,2
2025-10-22 08:00:00,9886,E2,demand,sd,sd:demand:9881,4107.60009765625,4056.9121020507814,44616.0,5,10.8,0,0,0,2,10
2025-10-22 08:00:00,9886,E2,demand,sd,sd:demand:9731,4103.10009765625,4072.564079589844,70180.0,155,17.1,1,0,1,2,3
2025-10-22 12:00:00,9890,E5,supply,fvg,fvg:supply:9889,4076.300048828125,4060.699951171875,,1,,0,0,1,1,7
2025-10-22 19:00:00,9897,E1,supply,sd,sd:supply:9878,4170.706000976563,4121.0,-52412.0,19,13.2,1,0,0,10,10
2025-10-22 19:00:00,9897,E5,supply,fvg,fvg:supply:9887,4142.39990234375,4116.5,,10,,0,0,0,10,10
2025-10-22 23:00:00,9900,E5,demand,fvg,fvg:demand:9898,4106.39990234375,4098.89990234375,,2,,0,0,0,10,10
2025-10-23 00:00:00,9901,E2,demand,sd,sd:demand:9895,4093.60009765625,4040.508095703125,73707.0,6,18.6,0,0,0,10,10
2025-10-23 00:00:00,9901,E5,demand,fvg,fvg:demand:9896,4083.0,4081.0,,5,,0,0,0,10,10
2025-10-23 00:00:00,9901,E5,demand,fvg,fvg:demand:9897,4093.800048828125,4087.699951171875,,4,,0,0,0,10,10
2025-10-23 03:00:00,9904,E1,supply,sd,sd:supply:9902,4162.440805664062,4108.7998046875,-24011.0,2,5.7,0,0,0,3,10
2025-10-23 07:00:00,9908,E5,demand,fvg,fvg:demand:9907,4124.60009765625,4107.89990234375,,1,,0,1,0,7,7
2025-10-23 08:00:00,9909,E1,supply,sd,sd:supply:9878,4170.706000976563,4121.0,-52412.0,31,12.5,2,0,0,5,10
2025-10-23 16:00:00,9917,E5,demand,fvg,fvg:demand:9915,4150.60009765625,4144.39990234375,,2,,0,0,0,6,10
2025-10-23 17:00:00,9918,E5,demand,fvg,fvg:demand:9914,4141.10009765625,4135.39990234375,,4,,0,0,0,3,10
2025-10-23 19:00:00,9920,E2,demand,sd,sd:demand:9914,4140.5,4086.9290087890627,57314.0,6,13.4,0,0,0,10,10
2025-10-23 19:00:00,9920,E4,demand,ob_internal,ob_internal:demand:9914,4136.2998046875,4106.39990234375,,6,,0,0,0,10,10
2025-10-23 22:00:00,9922,E5,supply,fvg,fvg:supply:9921,4149.2001953125,4143.7001953125,,1,,0,0,0,3,9
2025-10-24 06:00:00,9930,E4,demand,ob_internal,ob_internal:demand:9910,4114.2998046875,4079.60009765625,,20,,0,0,1,1,5
2025-10-24 07:00:00,9931,E2,demand,sd,sd:demand:9895,4093.60009765625,4040.508095703125,73707.0,36,17.2,1,0,0,1,6
2025-10-24 12:00:00,9936,E5,supply,fvg,fvg:supply:9932,4096.10009765625,4092.300048828125,,4,,0,0,1,1,1
2025-10-24 13:00:00,9937,E1,supply,sd,sd:supply:9931,4175.77908203125,4122.10009765625,-46752.0,6,10.6,0,0,0,1,10
2025-10-24 13:00:00,9937,E1,supply,sd,sd:supply:9878,4170.706000976563,4121.0,-52412.0,59,11.8,3,0,0,1,10
2025-10-24 13:00:00,9937,E5,supply,fvg,fvg:supply:9931,4116.39990234375,4111.7001953125,,6,,0,0,1,1,1
2025-10-24 14:00:00,9938,E4,supply,ob_internal,ob_internal:supply:9929,4159.0,4126.0,,9,,0,1,0,7,7
2025-10-24 19:00:00,9943,E5,supply,fvg,fvg:supply:9942,4138.10009765625,4130.0,,1,,0,1,0,4,4
2025-10-24 20:00:00,9944,E5,demand,fvg,fvg:demand:9938,4116.5,4110.10009765625,,6,,0,0,1,1,1
2025-10-26 22:00:00,9945,E2,demand,sd,sd:demand:9937,4085.39990234375,4030.799921875,72219.0,8,14.8,0,0,0,6,10
2025-10-26 22:00:00,9945,E2,demand,sd,sd:demand:9895,4093.60009765625,4040.508095703125,73707.0,50,15.1,2,0,0,6,10
2025-10-26 22:00:00,9945,E5,demand,fvg,fvg:demand:9937,4093.199951171875,4079.300048828125,,8,,0,0,1,6,10
2025-10-27 01:00:00,9948,E5,supply,fvg,fvg:supply:9946,4111.0,4102.89990234375,,2,,0,1,0,7,7
2025-10-27 07:00:00,9954,E5,demand,fvg,fvg:demand:9953,4087.0,4084.800048828125,,1,,0,0,1,1,1
2025-10-27 13:00:00,9960,E5,supply,fvg,fvg:supply:9956,4077.39990234375,4063.60009765625,,4,,0,0,0,10,10
2025-10-27 14:00:00,9961,E2,demand,sd,sd:demand:9713,4014.39990234375,3984.912890625,44992.0,248,9.3,1,0,0,10,10
2025-10-27 14:00:00,9961,E4,demand,ob_internal,ob_internal:demand:9715,4009.5,3988.39990234375,,246,,0,0,0,10,10
2025-10-27 15:00:00,9962,E2,demand,sd,sd:demand:9691,3987.699951171875,3959.43994140625,39577.0,271,9.1,2,0,0,10,10
2025-10-27 16:00:00,9963,E5,supply,fvg,fvg:supply:9962,4026.89990234375,4008.300048828125,,1,,0,0,0,10,10
2025-10-28 04:00:00,9974,E2,demand,sd,sd:demand:9691,3987.699951171875,3959.43994140625,39577.0,283,8.7,3,0,1,2,4
2025-10-28 04:00:00,9974,E2,demand,sd,sd:demand:9635,3979.39990234375,3954.0299096679687,29229.0,339,6.4,3,0,1,2,4
2025-10-28 05:00:00,9975,E4,demand,ob_internal,ob_internal:demand:9703,3980.699951171875,3961.199951171875,,272,,0,0,1,1,2
2025-10-28 05:00:00,9975,E4,demand,ob_swing,ob_swing:demand:9722,3980.699951171875,3961.199951171875,,253,,0,0,1,1,2
2025-10-28 06:00:00,9976,E4,demand,ob_internal,ob_internal:demand:9625,3966.10009765625,3950.0,,351,,1,0,1,2,2
2025-10-28 07:00:00,9977,E5,demand,fvg,fvg:demand:9613,3942.699951171875,3935.89990234375,,364,,0,0,1,1,1
2025-10-28 07:00:00,9977,E5,demand,fvg,fvg:demand:9614,3944.89990234375,3943.39990234375,,363,,0,0,1,1,1
2025-10-28 08:00:00,9978,E2,demand,sd,sd:demand:9614,3935.89990234375,3910.9529052734374,25880.0,364,6.2,0,1,0,6,6
2025-10-28 08:00:00,9978,E4,demand,ob_internal,ob_internal:demand:9609,3916.800048828125,3898.5,,369,,0,1,0,6,6
2025-10-28 10:00:00,9980,E5,supply,fvg,fvg:supply:9979,3936.89990234375,3925.699951171875,,1,,0,0,1,4,4
2025-10-28 13:00:00,9983,E5,supply,fvg,fvg:supply:9978,3953.39990234375,3950.89990234375,,5,,0,0,1,2,2
2025-10-28 14:00:00,9984,E5,supply,fvg,fvg:supply:9977,3973.0,3964.60009765625,,7,,0,0,0,9,10
2025-10-28 18:00:00,9988,E5,demand,fvg,fvg:demand:9985,3961.800048828125,3955.39990234375,,3,,0,0,1,3,3
2025-10-28 22:00:00,9991,E2,demand,sd,sd:demand:9985,3944.300048828125,3887.194069824219,75036.0,6,16.0,0,1,0,8,8
2025-10-28 22:00:00,9991,E5,demand,fvg,fvg:demand:9984,3949.5,3944.300048828125,,7,,0,1,0,8,8
2025-10-29 00:00:00,9993,E5,supply,fvg,fvg:supply:9975,3997.300048828125,3995.10009765625,,18,,0,0,1,7,8
2025-10-29 02:00:00,9995,E4,demand,ob_internal,ob_internal:demand:9993,3977.5,3930.0,,2,,0,1,0,6,6
2025-10-29 06:00:00,9999,E1,supply,sd,sd:supply:9976,4053.339033203125,3997.300048828125,-37501.0,23,8.0,0,0,0,1,10
2025-10-29 07:00:00,10000,E5,supply,fvg,fvg:supply:9973,4017.0,4008.89990234375,,27,,0,0,1,2,2
2025-10-29 08:00:00,10001,E4,supply,ob_swing,ob_swing:supply:9975,4034.199951171875,4017.0,,26,,0,1,0,10,10
2025-10-29 08:00:00,10001,E4,supply,ob_internal,ob_internal:supply:9975,4034.199951171875,4017.0,,26,,0,1,0,10,10
2025-10-29 13:00:00,10006,E5,demand,fvg,fvg:demand:10002,4026.0,4014.800048828125,,4,,0,0,1,2,5
2025-10-29 15:00:00,10008,E5,demand,fvg,fvg:demand:10001,4013.39990234375,3998.800048828125,,7,,0,0,1,3,3
2025-10-29 18:00:00,10011,E2,demand,sd,sd:demand:10001,3978.800048828125,3921.2070703125,37210.0,10,8.0,0,0,0,1,10
2025-10-29 18:00:00,10011,E4,demand,ob_internal,ob_internal:demand:10000,3988.199951171875,3957.199951171875,,11,,0,0,1,1,3
2025-10-29 18:00:00,10011,E5,demand,fvg,fvg:demand:10000,3988.699951171875,3979.699951171875,,11,,0,0,1,1,1
2025-10-29 18:00:00,10011,E5,supply,fvg,fvg:supply:10009,4020.60009765625,4016.300048828125,,2,,0,1,0,3,3
2025-10-29 19:00:00,10012,E2,demand,sd,sd:demand:9985,3944.300048828125,3887.194069824219,75036.0,27,16.2,1,0,0,2,10
2025-10-29 19:00:00,10012,E4,demand,ob_internal,ob_internal:demand:9993,3977.5,3930.0,,19,,1,0,0,2,10
2025-10-30 04:00:00,10020,E5,supply,fvg,fvg:supply:10012,3999.199951171875,3993.5,,8,,0,0,1,5,10
2025-10-30 04:00:00,10020,E5,supply,fvg,fvg:supply:10019,3956.5,3949.5,,1,,0,0,1,5,1
2025-10-30 05:00:00,10021,E2,demand,sd,sd:demand:10001,3978.800048828125,3921.2070703125,37210.0,20,8.0,1,0,0,10,10
2025-10-30 09:00:00,10025,E1,supply,sd,sd:supply:9976,4053.339033203125,3997.300048828125,-37501.0,49,8.1,1,0,0,10,10
2025-10-30 10:00:00,10026,E4,demand,ob_internal,ob_internal:demand:10025,3996.0,3946.699951171875,,1,,0,0,0,10,10
2025-10-30 13:00:00,10029,E1,supply,sd,sd:supply:10028,4042.930078125,3988.10009765625,-33505.0,1,7.5,0,0,0,6,10
2025-10-30 14:00:00,10030,E1,supply,sd,sd:supply:10008,4083.70697265625,4027.0,-59511.0,22,13.4,0,0,0,5,10
2025-10-30 18:00:00,10034,E4,supply,ob_internal,ob_internal:supply:10013,4046.199951171875,4027.0,,21,,0,0,0,3,10
2025-10-31 06:00:00,10045,E1,supply,sd,sd:supply:10008,4083.70697265625,4027.0,-59511.0,37,12.5,1,0,0,6,10
2025-10-31 07:00:00,10046,E5,supply,fvg,fvg:supply:10041,4035.5,4032.699951171875,,5,,0,1,0,9,9
2025-10-31 16:00:00,10055,E1,supply,sd,sd:supply:10008,4083.70697265625,4027.0,-59511.0,47,12.5,2,0,0,1,10
2025-10-31 16:00:00,10055,E2,demand,sd,sd:demand:10031,3997.699951171875,3943.588977050781,62527.0,24,13.1,0,0,0,10,10
2025-10-31 16:00:00,10055,E4,demand,ob_internal,ob_internal:demand:10025,3996.0,3946.699951171875,,30,,1,0,0,10,10
2025-10-31 16:00:00,10055,E4,demand,ob_internal,ob_internal:demand:10034,4007.89990234375,3970.89990234375,,21,,0,0,0,10,10
2025-10-31 16:00:00,10055,E5,demand,fvg,fvg:demand:10030,3999.60009765625,3997.699951171875,,25,,0,0,1,10,6
2025-10-31 17:00:00,10056,E1,supply,sd,sd:supply:9976,4053.339033203125,3997.300048828125,-37501.0,80,7.9,2,0,0,10,10
2025-10-31 18:00:00,10057,E5,supply,fvg,fvg:supply:10056,4021.39990234375,4015.10009765625,,1,,0,0,0,10,10
2025-11-03 00:00:00,10061,E2,demand,sd,sd:demand:10001,3978.800048828125,3921.2070703125,37210.0,60,7.8,2,1,0,3,3
2025-11-03 01:00:00,10062,E5,supply,fvg,fvg:supply:10061,4007.60009765625,3998.300048828125,,1,,0,0,1,4,6
2025-11-03 03:00:00,10064,E4,supply,ob_swing,ob_swing:supply:10055,4049.199951171875,4020.800048828125,,9,,0,0,0,10,10
2025-11-03 03:00:00,10064,E4,supply,ob_internal,ob_internal:supply:10055,4049.199951171875,4020.800048828125,,9,,0,0,0,10,10
2025-11-03 04:00:00,10065,E5,demand,fvg,fvg:demand:10064,4012.699951171875,4011.5,,1,,0,0,0,10,10
2025-11-03 05:00:00,10066,E1,supply,sd,sd:supply:10008,4083.70697265625,4027.0,-59511.0,58,12.5,3,0,0,10,10
2025-11-03 11:00:00,10072,E5,supply,fvg,fvg:supply:10071,4021.199951171875,4016.199951171875,,1,,0,0,1,4,4
2025-11-03 12:00:00,10073,E1,supply,sd,sd:supply:10071,4073.1419311523437,4023.199951171875,-28172.0,2,6.2,0,0,0,10,10
2025-11-03 14:00:00,10075,E2,demand,sd,sd:demand:10074,4016.199951171875,3966.6049731445314,31574.0,1,7.1,0,0,0,1,10
2025-11-03 14:00:00,10075,E5,demand,fvg,fvg:demand:10074,4021.800048828125,4020.699951171875,,1,,0,0,1,1,8
2025-11-03 20:00:00,10081,E1,supply,sd,sd:supply:10008,4083.70697265625,4027.0,-59511.0,73,13.4,4,1,0,5,5
2025-11-03 20:00:00,10081,E4,supply,ob_swing,ob_swing:supply:10055,4049.199951171875,4020.800048828125,,26,,1,1,0,5,5
2025-11-03 20:00:00,10081,E4,supply,ob_internal,ob_internal:supply:10055,4049.199951171875,4020.800048828125,,26,,1,1,0,5,5
2025-11-03 23:00:00,10083,E2,demand,sd,sd:demand:10031,3997.699951171875,3943.588977050781,62527.0,52,14.1,1,0,0,1,10
2025-11-03 23:00:00,10083,E5,demand,fvg,fvg:demand:10063,4000.0,3998.300048828125,,20,,0,0,1,1,7
2025-11-04 00:00:00,10084,E4,demand,ob_internal,ob_internal:demand:10034,4007.89990234375,3970.89990234375,,50,,1,0,0,6,10
2025-11-04 01:00:00,10085,E1,supply,sd,sd:supply:9976,4053.339033203125,3997.300048828125,-37501.0,109,8.4,3,0,0,10,10
2025-11-04 04:00:00,10088,E4,demand,ob_internal,ob_internal:demand:10025,3996.0,3946.699951171875,,63,,2,0,0,2,10
2025-11-04 06:00:00,10090,E2,demand,sd,sd:demand:10001,3978.800048828125,3921.2070703125,37210.0,89,8.4,3,0,0,8,10
2025-11-04 08:00:00,10092,E5,supply,fvg,fvg:supply:10084,4012.10009765625,4010.0,,8,,0,1,0,6,6
2025-11-04 09:00:00,10093,E5,demand,fvg,fvg:demand:10092,4000.699951171875,3996.89990234375,,1,,0,0,1,4,5
2025-11-04 10:00:00,10094,E2,demand,sd,sd:demand:10031,3997.699951171875,3943.588977050781,62527.0,63,14.1,2,0,0,3,10
2025-11-04 13:00:00,10097,E1,supply,sd,sd:supply:9976,4053.339033203125,3997.300048828125,-37501.0,121,8.4,4,1,0,1,1
2025-11-04 14:00:00,10098,E2,demand,sd,sd:demand:9985,3944.300048828125,3887.194069824219,75036.0,113,16.9,2,0,0,4,10
2025-11-04 14:00:00,10098,E5,demand,fvg,fvg:demand:10021,3959.0,3949.5,,77,,0,0,0,4,10
2025-11-04 16:00:00,10100,E5,supply,fvg,fvg:supply:10099,3981.89990234375,3977.89990234375,,1,,0,1,0,5,5
2025-11-04 17:00:00,10101,E2,demand,sd,sd:demand:10001,3978.800048828125,3921.2070703125,37210.0,100,7.9,4,0,0,1,10
2025-11-04 18:00:00,10102,E4,demand,ob_swing,ob_swing:demand:10037,3960.5,3925.10009765625,,65,,0,1,0,10,10
2025-11-05 01:00:00,10108,E2,demand,sd,sd:demand:9985,3944.300048828125,3887.194069824219,75036.0,123,16.3,3,1,0,3,3
2025-11-05 01:00:00,10108,E5,supply,fvg,fvg:supply:10103,3962.10009765625,3953.60009765625,,5,,0,0,1,2,3
2025-11-05 08:00:00,10115,E5,supply,fvg,fvg:supply:10098,3992.89990234375,3987.300048828125,,17,,0,0,0,10,10
2025-11-05 09:00:00,10116,E2,demand,sd,sd:demand:10001,3978.800048828125,3921.2070703125,37210.0,115,8.1,5,0,0,1,10
2025-11-05 10:00:00,10117,E5,demand,fvg,fvg:demand:10111,3968.300048828125,3959.699951171875,,6,,0,0,0,10,10
2025-11-05 13:00:00,10120,E5,supply,fvg,fvg:supply:10117,3982.0,3981.800048828125,,3,,0,0,1,10,3
2025-11-05 16:00:00,10123,E1,supply,sd,sd:supply:9976,4053.339033203125,3997.300048828125,-37501.0,147,8.2,5,0,0,10,10
2025-11-05 23:00:00,10129,E2,demand,sd,sd:demand:10001,3978.800048828125,3921.2070703125,37210.0,128,8.1,6,1,0,8,8
2025-11-06 01:00:00,10131,E5,supply,fvg,fvg:supply:10130,3988.5,3984.699951171875,,1,,0,0,1,2,5
2025-11-06 02:00:00,10132,E4,supply,ob_internal,ob_internal:supply:10129,4000.300048828125,3991.60009765625,,3,,0,0,1,5,5
2025-11-06 03:00:00,10133,E1,supply,sd,sd:supply:9976,4053.339033203125,3997.300048828125,-37501.0,157,8.2,6,0,0,4,10
2025-11-06 06:00:00,10136,E1,supply,sd,sd:supply:10098,4045.9260766601565,4001.60009765625,-68134.0,38,14.8,0,0,0,1,10
2025-11-06 06:00:00,10136,E4,supply,ob_internal,ob_internal:supply:10098,4011.60009765625,4000.699951171875,,38,,0,0,1,1,2
2025-11-06 07:00:00,10137,E4,supply,ob_swing,ob_swing:supply:10098,4043.10009765625,4014.39990234375,,39,,0,0,0,4,8
2025-11-06 08:00:00,10138,E1,supply,sd,sd:supply:10071,4073.1419311523437,4023.199951171875,-28172.0,67,6.1,1,1,0,6,6
2025-11-06 08:00:00,10138,E4,supply,ob_swing,ob_swing:supply:10055,4049.199951171875,4020.800048828125,,83,,2,1,0,6,6
2025-11-06 08:00:00,10138,E4,supply,ob_internal,ob_internal:supply:10055,4049.199951171875,4020.800048828125,,83,,2,1,0,6,6
2025-11-06 08:00:00,10138,E4,supply,ob_internal,ob_internal:supply:10084,4027.39990234375,4016.60009765625,,54,,0,1,0,6,6
2025-11-06 10:00:00,10140,E5,demand,fvg,fvg:demand:10138,4013.800048828125,4002.300048828125,,2,,0,0,1,4,5
2025-11-06 11:00:00,10141,E1,supply,sd,sd:supply:10008,4083.70697265625,4027.0,-59511.0,133,13.7,5,1,0,3,3
2025-11-06 14:00:00,10144,E2,demand,sd,sd:demand:10138,3999.5,3958.7810180664064,22042.0,6,5.1,0,0,0,1,10
2025-11-06 14:00:00,10144,E5,demand,fvg,fvg:demand:10137,4000.300048828125,3999.5,,7,,0,0,1,1,1
2025-11-06 15:00:00,10145,E5,demand,fvg,fvg:demand:10133,3987.60009765625,3986.10009765625,,12,,0,0,0,2,10
2025-11-06 17:00:00,10147,E2,demand,sd,sd:demand:10001,3978.800048828125,3921.2070703125,37210.0,146,8.6,7,0,0,10,10
2025-11-06 17:00:00,10147,E5,supply,fvg,fvg:supply:10146,3997.39990234375,3994.699951171875,,1,,0,0,0,7,10
2025-11-06 18:00:00,10148,E1,supply,sd,sd:supply:9976,4053.339033203125,3997.300048828125,-37501.0,172,8.7,7,0,0,6,10
2025-11-06 19:00:00,10149,E1,supply,sd,sd:supply:10098,4045.9260766601565,4001.60009765625,-68134.0,51,15.7,1,0,0,5,10
2025-11-06 19:00:00,10149,E5,supply,fvg,fvg:supply:10145,4012.800048828125,4002.199951171875,,4,,0,0,0,5,10
2025-11-06 21:00:00,10151,E4,demand,ob_internal,ob_internal:demand:10136,3986.10009765625,3973.199951171875,,15,,0,1,0,4,4
2025-11-06 21:00:00,10151,E4,demand,ob_swing,ob_swing:demand:10137,3986.10009765625,3973.199951171875,,14,,0,1,0,4,4
2025-11-07 02:00:00,10155,E2,demand,sd,sd:demand:10138,3999.5,3958.7810180664064,22042.0,17,5.1,1,0,0,10,10
2025-11-07 06:00:00,10159,E4,supply,ob_swing,ob_swing:supply:10098,4043.10009765625,4014.39990234375,,61,,1,0,0,10,10
2025-11-07 11:00:00,10164,E5,demand,fvg,fvg:demand:10160,4010.300048828125,4006.300048828125,,4,,0,0,1,1,3
2025-11-07 12:00:00,10165,E2,demand,sd,sd:demand:10138,3999.5,3958.7810180664064,22042.0,27,5.1,2,1,0,4,4
2025-11-07 14:00:00,10167,E5,demand,fvg,fvg:demand:10153,3991.60009765625,3990.800048828125,,14,,0,1,0,2,2
2025-11-07 15:00:00,10168,E1,supply,sd,sd:supply:10098,4045.9260766601565,4001.60009765625,-68134.0,70,15.7,2,0,1,1,9
2025-11-07 16:00:00,10169,E1,supply,sd,sd:supply:10071,4073.1419311523437,4023.199951171875,-28172.0,98,6.5,2,0,0,7,10
2025-11-07 16:00:00,10169,E1,supply,sd,sd:supply:10008,4083.70697265625,4027.0,-59511.0,161,13.7,6,0,0,7,10
2025-11-07 16:00:00,10169,E4,supply,ob_swing,ob_swing:supply:10098,4043.10009765625,4014.39990234375,,71,,2,0,1,7,8
2025-11-10 00:00:00,10176,E4,supply,ob_swing,ob_swing:supply:10055,4049.199951171875,4020.800048828125,,121,,3,0,1,1,4
2025-11-10 00:00:00,10176,E4,supply,ob_internal,ob_internal:supply:10055,4049.199951171875,4020.800048828125,,121,,3,0,1,1,4
2025-11-10 06:00:00,10182,E1,supply,sd,sd:supply:9956,4135.9219262695315,4081.199951171875,-42342.0,226,8.9,0,0,0,6,10
2025-11-10 06:00:00,10182,E5,supply,fvg,fvg:supply:9955,4087.0,4083.60009765625,,227,,0,0,1,6,6
2025-11-10 09:00:00,10185,E5,demand,fvg,fvg:demand:10183,4080.39990234375,4078.199951171875,,2,,0,1,0,4,4
2025-11-10 14:00:00,10190,E5,demand,fvg,fvg:demand:10188,4092.89990234375,4092.199951171875,,2,,0,1,0,4,4
2025-11-10 14:00:00,10190,E5,demand,fvg,fvg:demand:10189,4098.2001953125,4094.0,,1,,0,1,0,4,4
2025-11-10 18:00:00,10194,E1,supply,sd,sd:supply:9931,4175.77908203125,4122.10009765625,-46752.0,263,9.6,1,0,0,5,10
2025-11-10 18:00:00,10194,E1,supply,sd,sd:supply:9878,4170.706000976563,4121.0,-52412.0,316,10.7,4,0,0,5,10
2025-11-10 20:00:00,10196,E5,demand,fvg,fvg:demand:10195,4115.39990234375,4110.7001953125,,1,,0,1,0,4,4
2025-11-10 23:00:00,10198,E4,supply,ob_internal,ob_internal:supply:9929,4159.0,4126.0,,269,,1,0,0,1,10
2025-11-11 01:00:00,10200,E4,supply,ob_swing,ob_swing:supply:9955,4156.0,4138.10009765625,,245,,0,0,0,3,10
2025-11-11 01:00:00,10200,E4,supply,ob_internal,ob_internal:supply:9955,4156.0,4138.10009765625,,245,,0,0,0,3,10
2025-11-11 05:00:00,10204,E5,demand,fvg,fvg:demand:10200,4133.89990234375,4129.7001953125,,4,,0,0,1,10,10
2025-11-11 05:00:00,10204,E5,demand,fvg,fvg:demand:10203,4147.60009765625,4145.5,,1,,0,0,1,10,2
2025-11-11 08:00:00,10207,E1,supply,sd,sd:supply:10205,4176.814809570313,4142.7998046875,-22437.0,2,4.8,0,1,0,7,7
2025-11-11 08:00:00,10207,E5,supply,fvg,fvg:supply:10205,4147.60009765625,4144.0,,2,,0,1,0,7,7
2025-11-11 12:00:00,10211,E5,demand,fvg,fvg:demand:10208,4141.0,4139.5,,3,,0,0,1,2,2
2025-11-11 15:00:00,10214,E5,demand,fvg,fvg:demand:10194,4109.39990234375,4104.2001953125,,20,,0,1,0,7,7
2025-11-11 16:00:00,10215,E1,supply,sd,sd:supply:9878,4170.706000976563,4121.0,-52412.0,337,11.2,5,0,0,4,10
2025-11-11 17:00:00,10216,E1,supply,sd,sd:supply:9931,4175.77908203125,4122.10009765625,-46752.0,285,10.0,2,0,0,3,10
2025-11-11 17:00:00,10216,E5,supply,fvg,fvg:supply:10215,4126.0,4121.7001953125,,1,,0,0,1,3,5
2025-11-11 19:00:00,10218,E4,supply,ob_internal,ob_internal:supply:9929,4159.0,4126.0,,289,,2,0,0,3,10
2025-11-11 20:00:00,10219,E5,supply,fvg,fvg:supply:10214,4140.0,4132.2998046875,,5,,0,0,0,2,7
2025-11-11 23:00:00,10221,E1,supply,sd,sd:supply:10205,4176.814809570313,4142.7998046875,-22437.0,16,4.8,1,1,0,4,4
2025-11-11 23:00:00,10221,E4,supply,ob_swing,ob_swing:supply:9955,4156.0,4138.10009765625,,266,,1,1,0,4,4
2025-11-11 23:00:00,10221,E4,supply,ob_internal,ob_internal:supply:9955,4156.0,4138.10009765625,,266,,1,1,0,4,4
2025-11-11 23:00:00,10221,E4,supply,ob_internal,ob_internal:supply:10214,4153.39990234375,4140.0,,7,,0,1,0,4,4
2025-11-12 02:00:00,10224,E5,demand,fvg,fvg:demand:10219,4127.7001953125,4122.10009765625,,5,,0,0,1,2,3
2025-11-12 06:00:00,10228,E1,supply,sd,sd:supply:9931,4175.77908203125,4122.10009765625,-46752.0,297,10.0,3,0,1,2,9
2025-11-12 06:00:00,10228,E1,supply,sd,sd:supply:9878,4170.706000976563,4121.0,-52412.0,350,11.2,6,0,1,2,9
2025-11-12 06:00:00,10228,E5,supply,fvg,fvg:supply:10226,4124.5,4119.39990234375,,2,,0,0,1,2,2
2025-11-12 06:00:00,10228,E5,supply,fvg,fvg:supply:10227,4117.5,4116.7998046875,,1,,0,0,1,2,1
2025-11-12 08:00:00,10230,E4,supply,ob_internal,ob_internal:supply:9929,4159.0,4126.0,,301,,3,0,1,7,7
2025-11-12 08:00:00,10230,E5,supply,fvg,fvg:supply:10225,4132.0,4131.5,,5,,0,0,1,7,4
2025-11-12 08:00:00,10230,E5,demand,fvg,fvg:demand:10229,4118.60009765625,4116.7998046875,,1,,0,1,0,7,7
2025-11-12 12:00:00,10234,E1,supply,sd,sd:supply:10205,4176.814809570313,4142.7998046875,-22437.0,29,4.8,2,0,1,3,3
2025-11-12 14:00:00,10236,E4,supply,ob_swing,ob_swing:supply:9955,4156.0,4138.10009765625,,281,,2,0,1,1,1
2025-11-12 14:00:00,10236,E4,supply,ob_internal,ob_internal:supply:9955,4156.0,4138.10009765625,,281,,2,0,1,1,1
2025-11-12 14:00:00,10236,E4,supply,ob_internal,ob_internal:supply:10214,4153.39990234375,4140.0,,22,,1,0,1,1,1
2025-11-12 14:00:00,10236,E4,supply,ob_internal,ob_internal:supply:10227,4151.5,4137.60009765625,,9,,0,0,1,1,1
2025-11-12 16:00:00,10238,E5,supply,fvg,fvg:supply:9869,4217.2001953125,4202.5,,369,,0,0,0,10,10
2025-11-12 18:00:00,10240,E5,demand,fvg,fvg:demand:10239,4198.39990234375,4192.2998046875,,1,,0,0,0,2,10
2025-11-13 01:00:00,10246,E5,demand,fvg,fvg:demand:10238,4186.5,4146.7998046875,,8,,0,1,0,7,7
2025-11-13 06:00:00,10251,E5,demand,fvg,fvg:demand:10249,4207.7001953125,4201.0,,2,,0,1,0,6,6
2025-11-13 08:00:00,10253,E5,supply,fvg,fvg:supply:9868,4258.89990234375,4238.89990234375,,385,,0,1,0,6,6
2025-11-13 10:00:00,10255,E5,demand,fvg,fvg:demand:10254,4230.0,4224.89990234375,,1,,0,0,1,4,4
2025-11-13 14:00:00,10259,E2,demand,sd,sd:demand:10254,4216.39990234375,4186.5308984375,30950.0,5,8.7,0,0,1,4,4
2025-11-13 14:00:00,10259,E4,demand,ob_internal,ob_internal:demand:10252,4213.0,4183.2001953125,,7,,0,0,1,4,4
2025-11-13 14:00:00,10259,E5,demand,fvg,fvg:demand:10253,4223.39990234375,4216.39990234375,,6,,0,0,1,4,1
2025-11-13 16:00:00,10261,E5,supply,fvg,fvg:supply:10260,4224.5,4209.7001953125,,1,,0,1,0,2,2
2025-11-13 20:00:00,10265,E5,supply,fvg,fvg:supply:10264,4197.7001953125,4174.5,,1,,0,0,0,2,10
2025-11-14 04:00:00,10272,E5,demand,fvg,fvg:demand:10271,4204.2001953125,4196.60009765625,,1,,0,0,1,1,2
2025-11-14 08:00:00,10276,E5,supply,fvg,fvg:supply:10275,4186.39990234375,4186.0,,1,,0,1,0,3,3
2025-11-14 11:00:00,10279,E2,demand,sd,sd:demand:10238,4139.0,4108.83099609375,90253.0,41,24.9,0,0,1,1,2
2025-11-14 11:00:00,10279,E5,demand,fvg,fvg:demand:10237,4140.7001953125,4139.0,,42,,0,0,1,1,1
2025-11-14 13:00:00,10281,E2,demand,sd,sd:demand:10193,4102.39990234375,4067.490895996094,42133.0,88,9.8,0,1,1,3,1
2025-11-14 13:00:00,10281,E5,demand,fvg,fvg:demand:10178,4046.300048828125,4032.10009765625,,103,,0,1,0,3,3
2025-11-14 13:00:00,10281,E5,demand,fvg,fvg:demand:10180,4058.5,4057.89990234375,,101,,0,1,1,3,1
2025-11-14 13:00:00,10281,E5,demand,fvg,fvg:demand:10182,4074.89990234375,4065.89990234375,,99,,0,1,1,3,1
2025-11-14 15:00:00,10283,E5,supply,fvg,fvg:supply:10282,4109.0,4085.0,,1,,0,0,0,10,10
2025-11-17 07:00:00,10298,E5,supply,fvg,fvg:supply:10297,4077.800048828125,4072.60009765625,,1,,0,0,0,10,10
2025-11-17 10:00:00,10301,E5,demand,fvg,fvg:demand:10299,4072.89990234375,4072.60009765625,,2,,0,0,1,9,9
2025-11-17 19:00:00,10310,E2,demand,sd,sd:demand:10178,4013.10009765625,3976.6241040039063,40738.0,132,10.3,0,0,0,10,10
2025-11-17 19:00:00,10310,E4,demand,ob_internal,ob_internal:demand:10177,4018.0,3999.60009765625,,133,,0,0,0,10,10
2025-11-17 19:00:00,10310,E5,demand,fvg,fvg:demand:10176,4019.199951171875,4013.10009765625,,134,,0,0,0,10,10
2025-11-17 19:00:00,10310,E5,demand,fvg,fvg:demand:10177,4026.800048828125,4020.39990234375,,133,,0,0,0,10,10
2025-11-17 21:00:00,10312,E5,supply,fvg,fvg:supply:10311,4063.60009765625,4044.39990234375,,1,,0,1,0,9,9
2025-11-18 06:00:00,10320,E2,demand,sd,sd:demand:10178,4013.10009765625,3976.6241040039063,40738.0,142,9.5,1,1,0,4,4
2025-11-18 06:00:00,10320,E4,demand,ob_internal,ob_internal:demand:10177,4018.0,3999.60009765625,,143,,1,1,0,4,4
2025-11-18 07:00:00,10321,E2,demand,sd,sd:demand:10138,3999.5,3958.7810180664064,22042.0,183,5.1,3,1,0,6,6
2025-11-18 08:00:00,10322,E1,supply,sd,sd:supply:10318,4059.943896484375,4026.89990234375,-32425.0,4,7.6,0,0,1,5,6
2025-11-18 12:00:00,10326,E5,demand,fvg,fvg:demand:10323,4029.60009765625,4017.10009765625,,3,,0,1,0,2,2
2025-11-18 13:00:00,10327,E5,supply,fvg,fvg:supply:10310,4071.0,4066.5,,17,,0,0,0,10,10
2025-11-18 15:00:00,10329,E5,demand,fvg,fvg:demand:10328,4057.89990234375,4044.699951171875,,1,,0,0,0,10,10
2025-11-18 19:00:00,10333,E4,supply,ob_swing,ob_swing:supply:10310,4097.10009765625,4072.89990234375,,23,,0,0,0,10,10
2025-11-18 19:00:00,10333,E4,supply,ob_internal,ob_internal:supply:10310,4097.10009765625,4072.89990234375,,23,,0,0,0,10,10
2025-11-18 23:00:00,10336,E5,supply,fvg,fvg:supply:10335,4073.199951171875,4072.800048828125,,1,,0,0,1,6,6
2025-11-19 05:00:00,10342,E4,supply,ob_internal,ob_internal:supply:10296,4107.60009765625,4094.0,,46,,0,0,1,4,9
2025-11-19 07:00:00,10344,E5,demand,fvg,fvg:demand:10343,4090.0,4076.800048828125,,1,,0,1,0,7,7
2025-11-19 09:00:00,10346,E5,supply,fvg,fvg:supply:10345,4090.0,4089.60009765625,,1,,0,0,1,6,1
2025-11-19 11:00:00,10348,E5,demand,fvg,fvg:demand:10347,4107.5,4089.60009765625,,1,,0,0,1,4,5
2025-11-19 14:00:00,10351,E5,supply,fvg,fvg:supply:10281,4133.2998046875,4121.2998046875,,70,,0,1,0,1,1
2025-11-19 16:00:00,10353,E4,demand,ob_internal,ob_internal:demand:10342,4081.300048828125,4056.10009765625,,11,,0,0,1,9,9
2025-11-19 18:00:00,10355,E5,supply,fvg,fvg:supply:10354,4090.5,4082.0,,1,,0,0,0,5,7
2025-11-19 23:00:00,10359,E5,supply,fvg,fvg:supply:10353,4102.2998046875,4099.39990234375,,6,,0,1,0,3,3
2025-11-20 01:00:00,10361,E5,demand,fvg,fvg:demand:10360,4098.89990234375,4085.199951171875,,1,,0,0,1,1,1
2025-11-20 03:00:00,10363,E1,supply,sd,sd:supply:10362,4113.20404296875,4076.800048828125,-30457.0,1,7.0,0,0,0,10,10
2025-11-20 03:00:00,10363,E5,supply,fvg,fvg:supply:10362,4098.89990234375,4081.60009765625,,1,,0,0,0,10,10
2025-11-20 16:00:00,10376,E1,supply,sd,sd:supply:10362,4113.20404296875,4076.800048828125,-30457.0,14,7.0,1,0,0,2,10
2025-11-20 16:00:00,10376,E4,demand,ob_internal,ob_internal:demand:10374,4069.0,4037.39990234375,,2,,0,0,0,10,10
2025-11-20 18:00:00,10378,E5,supply,fvg,fvg:supply:10377,4069.300048828125,4067.5,,1,,0,0,0,1,10
2025-11-20 23:00:00,10382,E5,demand,fvg,fvg:demand:10380,4072.699951171875,4071.5,,2,,0,0,1,3,4
2025-11-21 04:00:00,10387,E5,supply,fvg,fvg:supply:10386,4060.199951171875,4057.89990234375,,1,,0,0,1,8,9
2025-11-21 08:00:00,10391,E2,demand,sd,sd:demand:10323,4020.300048828125,3987.0520532226565,34330.0,68,7.8,0,1,0,5,5
2025-11-21 08:00:00,10391,E5,supply,fvg,fvg:supply:10390,4037.5,4036.89990234375,,1,,0,0,1,1,1
2025-11-21 10:00:00,10393,E5,demand,fvg,fvg:demand:10392,4037.0,4036.89990234375,,1,,0,1,0,3,3
2025-11-21 13:00:00,10396,E1,supply,sd,sd:supply:10362,4113.20404296875,4076.800048828125,-30457.0,34,7.0,2,0,0,3,10
2025-11-21 13:00:00,10396,E4,supply,ob_swing,ob_swing:supply:10389,4089.39990234375,4072.10009765625,,7,,0,0,0,3,10
2025-11-21 13:00:00,10396,E4,supply,ob_internal,ob_internal:supply:10389,4089.39990234375,4072.10009765625,,7,,0,0,0,3,10
2025-11-21 15:00:00,10398,E5,demand,fvg,fvg:demand:10396,4057.300048828125,4044.10009765625,,2,,0,0,0,9,10
2025-11-21 18:00:00,10401,E5,demand,fvg,fvg:demand:10400,4078.800048828125,4075.89990234375,,1,,0,0,1,2,2
2025-11-24 01:00:00,10407,E4,demand,ob_swing,ob_swing:demand:10399,4045.699951171875,4018.10009765625,,8,,0,0,0,10,10
2025-11-24 01:00:00,10407,E4,demand,ob_internal,ob_internal:demand:10399,4045.699951171875,4018.10009765625,,8,,0,0,0,10,10
2025-11-24 03:00:00,10409,E5,supply,fvg,fvg:supply:10408,4054.800048828125,4048.60009765625,,1,,0,0,1,6,9
2025-11-24 12:00:00,10418,E1,supply,sd,sd:supply:10362,4113.20404296875,4076.800048828125,-30457.0,56,7.0,3,0,1,4,8
2025-11-24 12:00:00,10418,E5,supply,fvg,fvg:supply:10404,4081.800048828125,4079.5,,14,,0,0,1,4,5
2025-11-24 14:00:00,10420,E5,demand,fvg,fvg:demand:10419,4070.60009765625,4068.39990234375,,1,,0,1,0,4,4
2025-11-24 17:00:00,10423,E5,demand,fvg,fvg:demand:10422,4087.699951171875,4084.60009765625,,1,,0,1,0,1,1
2025-11-24 23:00:00,10428,E5,demand,fvg,fvg:demand:10427,4128.2001953125,4123.2998046875,,1,,0,0,0,1,10
2025-11-25 02:00:00,10431,E5,supply,fvg,fvg:supply:10280,4162.60009765625,4143.39990234375,,151,,0,0,0,6,6
2025-11-25 08:00:00,10437,E1,supply,sd,sd:supply:10280,4192.6680908203125,4162.10009765625,-68028.0,157,17.5,0,0,0,1,10
2025-11-25 08:00:00,10437,E5,demand,fvg,fvg:demand:10425,4113.0,4099.60009765625,,12,,0,1,0,1,1
2025-11-25 19:00:00,10448,E1,supply,sd,sd:supply:10280,4192.6680908203125,4162.10009765625,-68028.0,168,17.5,1,0,0,1,10
2025-11-26 02:00:00,10454,E5,supply,fvg,fvg:supply:10274,4199.5,4196.2001953125,,180,,0,0,0,10,10
2025-11-26 11:00:00,10463,E4,supply,ob_swing,ob_swing:supply:10279,4215.10009765625,4204.2001953125,,184,,0,0,0,10,10
2025-11-26 11:00:00,10463,E4,supply,ob_internal,ob_internal:supply:10279,4215.10009765625,4204.2001953125,,184,,0,0,0,10,10
2025-11-26 12:00:00,10464,E4,demand,ob_internal,ob_internal:demand:10463,4199.39990234375,4153.2998046875,,1,,0,0,0,2,10
2025-11-26 18:00:00,10470,E2,demand,sd,sd:demand:10469,4192.10009765625,4140.681081542969,49376.0,1,13.2,0,0,0,6,10
2025-11-28 15:30:00,10481,E2,demand,sd,sd:demand:10469,4192.10009765625,4140.681081542969,49376.0,12,14.9,1,0,0,10,10
2025-11-28 15:30:00,10481,E4,supply,ob_internal,ob_internal:supply:10263,4250.0,4234.2001953125,,218,,0,0,0,5,10
2025-11-28 15:30:00,10481,E5,demand,fvg,fvg:demand:10480,4188.2998046875,4183.0,,1,,0,0,0,10,10
2025-12-01 01:00:00,10486,E5,supply,fvg,fvg:supply:9864,4309.2998046875,4291.39990234375,,622,,0,0,0,10,10
2025-12-02 04:00:00,10512,E1,supply,sd,sd:supply:10501,4308.332202148437,4250.2001953125,-64933.0,11,16.3,0,0,0,10,10
2025-12-02 09:00:00,10517,E2,demand,sd,sd:demand:10469,4192.10009765625,4140.681081542969,49376.0,48,12.4,2,0,0,1,10
2025-12-02 11:00:00,10519,E4,supply,ob_internal,ob_internal:supply:10518,4258.10009765625,4234.39990234375,,1,,0,0,0,10,10
2025-12-02 13:00:00,10521,E1,supply,sd,sd:supply:10518,4300.790104980469,4240.60009765625,-24754.0,3,5.9,0,1,0,3,3
2025-12-02 14:00:00,10522,E1,supply,sd,sd:supply:10501,4308.332202148437,4250.2001953125,-64933.0,21,15.4,1,1,0,2,2
2025-12-02 15:00:00,10523,E2,demand,sd,sd:demand:10522,4223.5,4162.266994628906,45472.0,1,10.2,0,0,0,10,10
2025-12-03 01:00:00,10532,E1,supply,sd,sd:supply:10501,4308.332202148437,4250.2001953125,-64933.0,31,14.6,2,0,0,10,10
2025-12-03 02:00:00,10533,E2,demand,sd,sd:demand:10522,4223.5,4162.266994628906,45472.0,11,10.2,1,0,0,6,10
2025-12-03 06:00:00,10537,E1,supply,sd,sd:supply:10518,4300.790104980469,4240.60009765625,-24754.0,19,5.6,1,0,0,7,10
2025-12-03 12:00:00,10543,E5,supply,fvg,fvg:supply:10537,4248.5,4243.2001953125,,6,,0,0,0,2,10
2025-12-03 13:00:00,10544,E1,supply,sd,sd:supply:10501,4308.332202148437,4250.2001953125,-64933.0,43,14.6,3,1,0,2,2
2025-12-03 14:00:00,10545,E2,demand,sd,sd:demand:10522,4223.5,4162.266994628906,45472.0,23,10.2,2,0,0,1,10
2025-12-03 16:00:00,10547,E4,demand,ob_swing,ob_swing:demand:10544,4239.60009765625,4195.7001953125,,3,,0,0,0,2,10
2025-12-03 16:00:00,10547,E4,demand,ob_internal,ob_internal:demand:10544,4239.60009765625,4195.7001953125,,3,,0,0,0,2,10
2025-12-03 17:00:00,10548,E1,supply,sd,sd:supply:10518,4300.790104980469,4240.60009765625,-24754.0,30,5.6,2,0,0,10,10
2025-12-04 01:00:00,10555,E2,demand,sd,sd:demand:10522,4223.5,4162.266994628906,45472.0,33,10.2,3,0,0,4,10
2025-12-04 05:00:00,10559,E2,demand,sd,sd:demand:10469,4192.10009765625,4140.681081542969,49376.0,90,11.1,3,0,0,1,10
2025-12-04 07:00:00,10561,E5,supply,fvg,fvg:supply:10560,4221.5,4219.39990234375,,1,,0,0,1,9,9
2025-12-04 09:00:00,10563,E5,supply,fvg,fvg:supply:10558,4227.89990234375,4227.7998046875,,5,,0,0,0,10,10
2025-12-04 11:00:00,10565,E2,demand,sd,sd:demand:10522,4223.5,4162.266994628906,45472.0,43,10.2,4,0,0,1,10
2025-12-04 11:00:00,10565,E5,demand,fvg,fvg:demand:10564,4226.39990234375,4225.7001953125,,1,,0,0,1,1,1
2025-12-04 14:00:00,10568,E1,supply,sd,sd:supply:10518,4300.790104980469,4240.60009765625,-24754.0,50,5.6,3,0,0,10,10
2025-12-04 16:00:00,10570,E1,supply,sd,sd:supply:10501,4308.332202148437,4250.2001953125,-64933.0,69,14.6,4,0,0,10,10
2025-12-04 16:00:00,10570,E2,demand,sd,sd:demand:10569,4231.60009765625,4166.031110839844,40579.0,1,9.1,0,0,0,3,10
2025-12-04 21:00:00,10575,E2,demand,sd,sd:demand:10522,4223.5,4162.266994628906,45472.0,53,10.2,5,0,0,5,10
2025-12-05 03:00:00,10580,E2,demand,sd,sd:demand:10569,4231.60009765625,4166.031110839844,40579.0,11,9.1,1,0,0,10,10
2025-12-05 04:00:00,10581,E1,supply,sd,sd:supply:10518,4300.790104980469,4240.60009765625,-24754.0,63,5.6,4,0,0,9,10
2025-12-05 05:00:00,10582,E1,supply,sd,sd:supply:10501,4308.332202148437,4250.2001953125,-64933.0,81,14.6,5,0,0,9,10
2025-12-05 08:00:00,10585,E5,demand,fvg,fvg:demand:10584,4252.5,4252.0,,1,,0,1,0,7,7
2025-12-05 09:00:00,10586,E5,demand,fvg,fvg:demand:10583,4248.89990234375,4247.0,,3,,0,1,0,6,6
2025-12-05 15:00:00,10592,E2,demand,sd,sd:demand:10591,4257.7001953125,4193.552192382813,38254.0,1,8.5,0,0,0,1,10
2025-12-05 16:00:00,10593,E2,demand,sd,sd:demand:10569,4231.60009765625,4166.031110839844,40579.0,24,9.0,2,0,0,3,10
2025-12-05 16:00:00,10593,E2,demand,sd,sd:demand:10522,4223.5,4162.266994628906,45472.0,71,10.1,6,0,0,3,10
2025-12-05 16:00:00,10593,E5,demand,fvg,fvg:demand:10582,4243.60009765625,4240.39990234375,,11,,0,0,1,3,3
2025-12-05 17:00:00,10594,E1,supply,sd,sd:supply:10501,4308.332202148437,4250.2001953125,-64933.0,93,14.5,6,1,0,2,2
2025-12-05 17:00:00,10594,E4,supply,ob_internal,ob_internal:supply:10593,4290.5,4245.5,,1,,0,1,0,2,2
2025-12-05 18:00:00,10595,E4,demand,ob_internal,ob_internal:demand:10581,4240.39990234375,4204.10009765625,,14,,0,0,0,1,10
2025-12-05 18:00:00,10595,E4,demand,ob_swing,ob_swing:demand:10583,4240.89990234375,4202.0,,12,,0,0,0,1,10
2025-12-05 19:00:00,10596,E1,supply,sd,sd:supply:10518,4300.790104980469,4240.60009765625,-24754.0,78,5.5,5,0,0,10,10
2025-12-08 05:00:00,10605,E4,supply,ob_internal,ob_internal:supply:10593,4290.5,4245.5,,12,,1,1,0,5,5
2025-12-08 06:00:00,10606,E2,demand,sd,sd:demand:10569,4231.60009765625,4166.031110839844,40579.0,37,9.0,3,0,0,1,10
2025-12-08 06:00:00,10606,E2,demand,sd,sd:demand:10522,4223.5,4162.266994628906,45472.0,84,10.1,7,0,0,1,10
2025-12-08 08:00:00,10608,E1,supply,sd,sd:supply:10518,4300.790104980469,4240.60009765625,-24754.0,90,5.5,6,0,0,10,10
2025-12-08 18:00:00,10618,E2,demand,sd,sd:demand:10522,4223.5,4162.266994628906,45472.0,96,9.1,8,0,0,10,10
2025-12-09 06:00:00,10629,E1,supply,sd,sd:supply:10615,4276.47080078125,4210.2998046875,-50055.0,14,10.0,0,0,0,3,10
2025-12-09 07:00:00,10630,E5,supply,fvg,fvg:supply:10629,4213.60009765625,4212.0,,1,,0,0,1,2,2
2025-12-09 08:00:00,10631,E4,supply,ob_internal,ob_internal:supply:10628,4227.60009765625,4218.60009765625,,3,,0,0,1,1,7
2025-12-09 08:00:00,10631,E5,supply,fvg,fvg:supply:10628,4218.60009765625,4216.5,,3,,0,0,1,1,1
2025-12-09 09:00:00,10632,E1,supply,sd,sd:supply:10518,4300.790104980469,4240.60009765625,-24754.0,114,5.0,7,0,0,7,10
2025-12-09 10:00:00,10633,E2,demand,sd,sd:demand:10569,4231.60009765625,4166.031110839844,40579.0,64,8.1,4,0,0,10,10
2025-12-09 11:00:00,10634,E5,demand,fvg,fvg:demand:10633,4230.39990234375,4220.2998046875,,1,,0,0,0,10,10
2025-12-09 14:00:00,10637,E2,demand,sd,sd:demand:10522,4223.5,4162.266994628906,45472.0,115,9.7,9,0,0,1,10
2025-12-09 14:00:00,10637,E5,demand,fvg,fvg:demand:10632,4219.39990234375,4213.60009765625,,5,,0,0,0,1,10
2025-12-09 16:00:00,10639,E1,supply,sd,sd:supply:10501,4308.332202148437,4250.2001953125,-64933.0,138,13.8,7,0,0,10,10
2025-12-09 19:00:00,10642,E1,supply,sd,sd:supply:10518,4300.790104980469,4240.60009765625,-24754.0,124,5.3,8,0,0,10,10
2025-12-09 19:00:00,10642,E5,supply,fvg,fvg:supply:10641,4239.2998046875,4238.7998046875,,1,,0,0,0,10,10
2025-12-10 02:00:00,10648,E4,supply,ob_internal,ob_internal:supply:10593,4290.5,4245.5,,55,,2,1,0,7,7
2025-12-10 05:00:00,10651,E2,demand,sd,sd:demand:10569,4231.60009765625,4166.031110839844,40579.0,82,8.6,5,0,0,3,10
2025-12-10 05:00:00,10651,E5,supply,fvg,fvg:supply:10650,4240.39990234375,4238.10009765625,,1,,0,1,0,5,5
2025-12-10 09:00:00,10655,E2,demand,sd,sd:demand:10522,4223.5,4162.266994628906,45472.0,133,9.7,10,0,0,10,10
2025-12-10 12:00:00,10658,E5,supply,fvg,fvg:supply:10655,4231.10009765625,4228.39990234375,,3,,0,0,1,2,7
2025-12-10 17:00:00,10663,E2,demand,sd,sd:demand:10569,4231.60009765625,4166.031110839844,40579.0,94,8.6,6,0,0,2,3
2025-12-10 19:00:00,10665,E1,supply,sd,sd:supply:10518,4300.790104980469,4240.60009765625,-24754.0,147,5.3,9,0,0,1,10
2025-12-10 19:00:00,10665,E2,demand,sd,sd:demand:10633,4213.60009765625,4148.289096679688,26529.0,32,5.6,0,1,0,4,4
2025-12-10 19:00:00,10665,E4,supply,ob_internal,ob_internal:supply:10593,4290.5,4245.5,,72,,3,0,0,1,10
2025-12-10 19:00:00,10665,E4,supply,ob_internal,ob_internal:supply:10654,4247.89990234375,4240.39990234375,,11,,0,0,1,1,1
2025-12-10 20:00:00,10666,E1,supply,sd,sd:supply:10501,4308.332202148437,4250.2001953125,-64933.0,165,13.8,8,0,0,3,9
2025-12-10 21:00:00,10667,E2,demand,sd,sd:demand:10591,4257.7001953125,4193.552192382813,38254.0,76,8.1,1,0,0,5,10
2025-12-11 02:00:00,10671,E5,demand,fvg,fvg:demand:10667,4251.0,4249.0,,4,,0,0,1,2,3
2025-12-11 03:00:00,10672,E4,demand,ob_internal,ob_internal:demand:10665,4249.0,4207.7998046875,,7,,0,0,0,10,10
2025-12-11 03:00:00,10672,E4,demand,ob_swing,ob_swing:demand:10666,4249.0,4207.7998046875,,6,,0,0,0,10,10
2025-12-11 03:00:00,10672,E5,demand,fvg,fvg:demand:10666,4240.39990234375,4228.89990234375,,6,,0,0,0,10,10
2025-12-11 06:00:00,10675,E1,supply,sd,sd:supply:10518,4300.790104980469,4240.60009765625,-24754.0,157,5.7,10,0,0,8,10
2025-12-11 06:00:00,10675,E2,demand,sd,sd:demand:10569,4231.60009765625,4166.031110839844,40579.0,106,9.3,7,1,0,8,8
2025-12-11 08:00:00,10677,E5,supply,fvg,fvg:supply:10673,4248.60009765625,4246.2001953125,,4,,0,0,1,6,6
2025-12-11 09:00:00,10678,E4,supply,ob_internal,ob_internal:supply:10593,4290.5,4245.5,,85,,4,0,1,5,7
2025-12-11 10:00:00,10679,E1,supply,sd,sd:supply:10501,4308.332202148437,4250.2001953125,-64933.0,178,14.9,9,0,0,4,10
2025-12-11 10:00:00,10679,E5,supply,fvg,fvg:supply:10672,4262.10009765625,4253.2001953125,,7,,0,0,1,4,5
2025-12-11 14:00:00,10683,E1,supply,sd,sd:supply:10673,4312.518081054687,4262.10009765625,-20685.0,10,4.8,0,0,0,1,10
2025-12-11 15:00:00,10684,E2,demand,sd,sd:demand:10591,4257.7001953125,4193.552192382813,38254.0,93,8.9,2,1,0,3,3
2025-12-11 18:00:00,10687,E5,supply,fvg,fvg:supply:9863,4333.0,4316.2998046875,,824,,0,0,0,10,10
2025-12-11 18:00:00,10687,E5,demand,fvg,fvg:demand:10686,4302.10009765625,4291.2001953125,,1,,0,0,0,10,10
2025-12-12 08:00:00,10700,E1,supply,sd,sd:supply:9864,4379.3069995117185,4333.0,-74176.0,836,22.7,0,0,0,2,8
2025-12-12 10:00:00,10702,E1,supply,sd,sd:supply:9816,4405.552019042969,4367.5,-56056.0,886,17.5,1,0,0,3,5
2025-12-12 12:00:00,10704,E5,demand,fvg,fvg:demand:10703,4361.60009765625,4352.2998046875,,1,,0,0,1,3,3
2025-12-12 14:00:00,10706,E4,supply,ob_swing,ob_swing:supply:9867,4398.0,4376.10009765625,,839,,0,1,0,1,1
2025-12-12 14:00:00,10706,E4,supply,ob_internal,ob_internal:supply:9867,4398.0,4376.10009765625,,839,,0,1,0,1,1
2025-12-12 15:00:00,10707,E5,demand,fvg,fvg:demand:10700,4317.5,4313.89990234375,,7,,0,0,1,1,1
2025-12-12 15:00:00,10707,E5,demand,fvg,fvg:demand:10701,4338.0,4321.10009765625,,6,,0,0,1,1,1
2025-12-12 15:00:00,10707,E5,demand,fvg,fvg:demand:10702,4347.10009765625,4340.7001953125,,5,,0,0,1,1,1
2025-12-12 16:00:00,10708,E2,demand,sd,sd:demand:10701,4301.60009765625,4259.489130859375,39845.0,7,16.1,0,1,0,8,8
2025-12-12 16:00:00,10708,E5,demand,fvg,fvg:demand:10698,4306.7998046875,4301.60009765625,,10,,0,1,0,8,8
2025-12-12 16:00:00,10708,E5,demand,fvg,fvg:demand:10699,4311.60009765625,4311.2998046875,,9,,0,1,0,8,8
2025-12-12 17:00:00,10709,E5,supply,fvg,fvg:supply:10708,4363.39990234375,4326.5,,1,,0,0,0,7,10
2025-12-15 03:00:00,10718,E5,demand,fvg,fvg:demand:10717,4353.5,4339.7001953125,,1,,0,0,0,10,10
2025-12-15 05:00:00,10720,E1,supply,sd,sd:supply:9816,4405.552019042969,4367.5,-56056.0,904,22.7,2,1,0,10,10
2025-12-15 05:00:00,10720,E4,supply,ob_swing,ob_swing:supply:9867,4398.0,4376.10009765625,,853,,1,1,0,10,10
2025-12-15 05:00:00,10720,E4,supply,ob_internal,ob_internal:supply:9867,4398.0,4376.10009765625,,853,,1,1,0,10,10
2025-12-15 07:00:00,10722,E5,demand,fvg,fvg:demand:10721,4372.2001953125,4363.10009765625,,1,,0,0,1,7,8
2025-12-15 18:00:00,10733,E5,supply,fvg,fvg:supply:10732,4342.7998046875,4336.2998046875,,1,,0,1,0,8,8
2025-12-15 20:00:00,10735,E5,demand,fvg,fvg:demand:10734,4336.60009765625,4336.2998046875,,1,,0,0,1,5,5
2025-12-15 23:00:00,10737,E5,supply,fvg,fvg:supply:10736,4336.60009765625,4335.10009765625,,1,,0,1,0,6,6
2025-12-16 05:00:00,10743,E2,demand,sd,sd:demand:10701,4301.60009765625,4259.489130859375,39845.0,42,13.4,1,1,0,8,8
2025-12-16 12:00:00,10750,E5,supply,fvg,fvg:supply:10741,4326.39990234375,4321.5,,9,,0,0,1,1,1
2025-12-16 13:00:00,10751,E4,supply,ob_internal,ob_internal:supply:10740,4347.0,4336.60009765625,,11,,0,0,1,1,1
2025-12-16 14:00:00,10752,E5,supply,fvg,fvg:supply:10730,4364.2998046875,4359.7998046875,,22,,0,1,0,2,2
2025-12-16 15:00:00,10753,E1,supply,sd,sd:supply:9816,4405.552019042969,4367.5,-56056.0,937,16.8,3,0,0,10,10
2025-12-16 16:00:00,10754,E5,demand,fvg,fvg:demand:10752,4341.0,4323.39990234375,,2,,0,0,0,10,10
2025-12-16 16:00:00,10754,E5,demand,fvg,fvg:demand:10753,4344.2998046875,4343.10009765625,,1,,0,0,1,10,3
2025-12-16 18:00:00,10756,E5,supply,fvg,fvg:supply:10755,4344.2998046875,4342.2001953125,,1,,0,0,1,9,9
2025-12-17 05:00:00,10766,E1,supply,sd,sd:supply:9816,4405.552019042969,4367.5,-56056.0,950,16.8,4,1,0,5,5
2025-12-17 05:00:00,10766,E5,supply,fvg,fvg:supply:10729,4376.7998046875,4370.39990234375,,37,,0,1,0,5,5
2025-12-17 06:00:00,10767,E5,demand,fvg,fvg:demand:10766,4357.5,4354.39990234375,,1,,0,0,1,2,2
2025-12-17 08:00:00,10769,E5,demand,fvg,fvg:demand:10762,4339.89990234375,4337.7001953125,,7,,0,1,0,6,6
2025-12-17 09:00:00,10770,E5,supply,fvg,fvg:supply:10769,4355.0,4351.0,,1,,0,0,1,4,4
2025-12-17 10:00:00,10771,E5,demand,fvg,fvg:demand:10761,4336.2998046875,4334.89990234375,,10,,0,1,0,3,3
2025-12-17 14:00:00,10775,E1,supply,sd,sd:supply:10730,4412.924765625,4376.7998046875,-64804.0,45,19.4,0,0,0,10,10
2025-12-17 16:00:00,10777,E1,supply,sd,sd:supply:9816,4405.552019042969,4367.5,-56056.0,961,16.8,5,0,0,10,10
2025-12-17 16:00:00,10777,E5,demand,fvg,fvg:demand:10775,4354.10009765625,4353.7001953125,,2,,0,0,0,10,10
2025-12-18 03:00:00,10787,E1,supply,sd,sd:supply:9816,4405.552019042969,4367.5,-56056.0,971,16.8,6,0,0,10,10
2025-12-18 09:00:00,10793,E4,demand,ob_swing,ob_swing:demand:10774,4355.7001953125,4322.89990234375,,19,,0,0,0,5,7
2025-12-18 11:00:00,10795,E5,supply,fvg,fvg:supply:10793,4360.0,4359.39990234375,,2,,0,0,1,2,2
2025-12-18 13:00:00,10797,E1,supply,sd,sd:supply:9816,4405.552019042969,4367.5,-56056.0,981,16.8,7,1,0,1,1
2025-12-18 13:00:00,10797,E4,supply,ob_internal,ob_internal:supply:10793,4369.5,4361.10009765625,,4,,0,1,0,1,1
2025-12-18 16:00:00,10800,E1,supply,sd,sd:supply:10730,4412.924765625,4376.7998046875,-64804.0,70,19.4,1,1,0,1,1
2025-12-18 16:00:00,10800,E4,supply,ob_swing,ob_swing:supply:9867,4398.0,4376.10009765625,,933,,2,1,0,1,1
2025-12-18 16:00:00,10800,E4,supply,ob_internal,ob_internal:supply:9867,4398.0,4376.10009765625,,933,,2,1,0,1,1
2025-12-19 01:00:00,10808,E4,demand,ob_swing,ob_swing:demand:10774,4355.7001953125,4322.89990234375,,34,,1,0,0,10,10
2025-12-19 05:00:00,10812,E5,supply,fvg,fvg:supply:10808,4363.0,4357.39990234375,,4,,0,0,1,9,10
2025-12-19 05:00:00,10812,E5,supply,fvg,fvg:supply:10809,4355.5,4355.2998046875,,3,,0,0,1,9,10
2025-12-19 09:00:00,10816,E4,supply,ob_internal,ob_internal:supply:10808,4370.39990234375,4356.7998046875,,8,,0,0,1,6,7
2025-12-19 13:00:00,10820,E1,supply,sd,sd:supply:9816,4405.552019042969,4367.5,-56056.0,1004,16.8,8,0,0,2,10
2025-12-19 15:00:00,10822,E1,supply,sd,sd:supply:10730,4412.924765625,4376.7998046875,-64804.0,92,19.4,2,0,0,8,10
2025-12-19 20:00:00,10827,E5,demand,fvg,fvg:demand:10823,4374.60009765625,4369.7998046875,,4,,0,1,0,3,3
2025-12-23 04:00:00,10857,E5,demand,fvg,fvg:demand:10855,4513.2001953125,4504.7998046875,,2,,0,0,1,10,10
2025-12-23 09:00:00,10862,E5,demand,fvg,fvg:demand:10861,4515.2998046875,4513.89990234375,,1,,0,0,1,5,5
2025-12-23 14:00:00,10867,E4,demand,ob_internal,ob_internal:demand:10851,4477.7001953125,4463.5,,16,,0,0,0,1,3
2025-12-23 14:00:00,10867,E5,demand,fvg,fvg:demand:10851,4472.5,4471.39990234375,,16,,0,0,0,1,3
2025-12-23 14:00:00,10867,E5,demand,fvg,fvg:demand:10852,4479.7998046875,4473.89990234375,,15,,0,0,1,1,1
2025-12-23 14:00:00,10867,E5,demand,fvg,fvg:demand:10853,4490.60009765625,4484.5,,14,,0,0,1,1,1
2025-12-23 14:00:00,10867,E5,demand,fvg,fvg:demand:10854,4502.2001953125,4494.2001953125,,13,,0,0,1,1,1
2025-12-23 16:00:00,10869,E5,supply,fvg,fvg:supply:10868,4503.7001953125,4486.5,,1,,0,0,1,3,3
2025-12-23 18:00:00,10871,E4,supply,ob_internal,ob_internal:supply:10867,4529.2998046875,4503.7001953125,,4,,0,0,1,4,5
2025-12-23 18:00:00,10871,E5,supply,fvg,fvg:supply:10867,4515.2998046875,4510.7998046875,,4,,0,0,1,4,4
2025-12-23 19:00:00,10872,E1,supply,sd,sd:supply:10867,4543.033842773438,4514.39990234375,-64115.0,5,21.7,0,0,0,3,9
2025-12-23 21:00:00,10874,E5,demand,fvg,fvg:demand:10873,4516.2001953125,4513.10009765625,,1,,0,1,0,2,2
2025-12-24 02:00:00,10878,E2,demand,sd,sd:demand:10873,4507.60009765625,4478.877153320313,27548.0,5,11.9,0,0,0,3,7
2025-12-24 02:00:00,10878,E5,demand,fvg,fvg:demand:10872,4511.7001953125,4507.60009765625,,6,,0,0,1,3,3
2025-12-24 02:00:00,10878,E5,demand,fvg,fvg:demand:10876,4531.2001953125,4524.89990234375,,2,,0,0,1,3,1
2025-12-24 03:00:00,10879,E5,demand,fvg,fvg:demand:10870,4496.60009765625,4486.5,,9,,0,0,0,2,10
2025-12-24 04:00:00,10880,E5,supply,fvg,fvg:supply:10879,4534.7998046875,4526.60009765625,,1,,0,1,0,1,1
2025-12-24 15:30:00,10882,E4,demand,ob_swing,ob_swing:demand:10875,4486.5,4457.7001953125,,7,,0,1,0,3,3
2025-12-24 15:30:00,10882,E4,demand,ob_internal,ob_internal:demand:10875,4486.5,4457.7001953125,,7,,0,1,0,3,3
2025-12-24 16:30:00,10883,E5,supply,fvg,fvg:supply:10882,4518.7998046875,4504.0,,1,,0,0,1,2,2
2025-12-26 07:00:00,10887,E5,demand,fvg,fvg:demand:10886,4537.7998046875,4513.39990234375,,1,,0,1,0,8,8
2025-12-26 11:00:00,10891,E5,demand,fvg,fvg:demand:10885,4535.7001953125,4504.7001953125,,6,,0,1,0,4,4
2025-12-26 19:00:00,10899,E5,supply,fvg,fvg:supply:10898,4564.89990234375,4563.89990234375,,1,,0,1,0,4,4
2025-12-29 00:00:00,10903,E2,demand,sd,sd:demand:10873,4507.60009765625,4478.877153320313,27548.0,30,11.9,1,0,0,6,10
2025-12-29 02:00:00,10905,E5,supply,fvg,fvg:supply:10904,4549.5,4538.10009765625,,1,,0,1,0,4,4
2025-12-29 06:00:00,10909,E4,demand,ob_swing,ob_swing:demand:10893,4504.0,4474.2998046875,,16,,0,0,1,1,7
2025-12-29 06:00:00,10909,E4,demand,ob_internal,ob_internal:demand:10893,4504.0,4474.2998046875,,16,,0,0,1,1,7
2025-12-29 08:00:00,10911,E4,demand,ob_swing,ob_swing:demand:10875,4486.5,4457.7001953125,,36,,1,0,1,3,5
2025-12-29 08:00:00,10911,E4,demand,ob_internal,ob_internal:demand:10875,4486.5,4457.7001953125,,36,,1,0,1,3,5
2025-12-29 08:00:00,10911,E5,supply,fvg,fvg:supply:10910,4526.10009765625,4501.2001953125,,1,,0,1,0,5,5
2025-12-29 13:00:00,10916,E4,demand,ob_internal,ob_internal:demand:10843,4448.0,4439.10009765625,,73,,0,0,1,1,1
2025-12-29 13:00:00,10916,E5,demand,fvg,fvg:demand:10835,4429.60009765625,4427.2998046875,,81,,0,0,1,1,1
2025-12-29 13:00:00,10916,E5,demand,fvg,fvg:demand:10843,4445.89990234375,4445.7001953125,,73,,0,0,1,1,1
2025-12-29 14:00:00,10917,E4,demand,ob_internal,ob_internal:demand:10830,4387.2998046875,4367.7998046875,,87,,0,0,1,1,1
2025-12-29 14:00:00,10917,E5,demand,fvg,fvg:demand:10831,4391.7001953125,4386.2001953125,,86,,0,0,1,1,1
2025-12-29 14:00:00,10917,E5,demand,fvg,fvg:demand:10832,4410.89990234375,4397.10009765625,,85,,0,0,1,1,1
2025-12-29 14:00:00,10917,E5,demand,fvg,fvg:demand:10834,4423.7001953125,4421.0,,83,,0,0,1,1,1
2025-12-29 15:00:00,10918,E2,demand,sd,sd:demand:10822,4358.0,4330.097060546875,56290.0,96,21.3,0,0,0,10,10
2025-12-29 15:00:00,10918,E4,demand,ob_swing,ob_swing:demand:10774,4355.7001953125,4322.89990234375,,144,,2,0,0,10,10
2025-12-29 15:00:00,10918,E4,demand,ob_internal,ob_internal:demand:10822,4357.39990234375,4336.2998046875,,96,,0,0,0,10,10
2025-12-29 15:00:00,10918,E5,demand,fvg,fvg:demand:10751,4319.2001953125,4307.5,,167,,0,0,0,10,10
2025-12-30 00:00:00,10926,E5,supply,fvg,fvg:supply:10919,4375.39990234375,4365.60009765625,,7,,0,0,1,3,10
2025-12-30 03:00:00,10929,E5,supply,fvg,fvg:supply:10918,4426.2001953125,4379.7001953125,,11,,0,0,0,4,10
2025-12-30 13:00:00,10939,E5,demand,fvg,fvg:demand:10937,4396.7001953125,4392.7998046875,,2,,0,0,1,1,1
2025-12-30 19:00:00,10945,E2,demand,sd,sd:demand:10822,4358.0,4330.097060546875,56290.0,123,15.0,1,0,1,3,9
2025-12-31 01:00:00,10950,E1,supply,sd,sd:supply:10945,4406.011918945313,4371.39990234375,-27404.0,5,6.8,0,1,0,4,4
2025-12-31 01:00:00,10950,E5,supply,fvg,fvg:supply:10946,4378.0,4370.60009765625,,4,,0,1,0,4,4
2025-12-31 05:00:00,10954,E2,demand,sd,sd:demand:10752,4311.60009765625,4277.929135742187,63073.0,202,15.7,0,1,0,4,4
2025-12-31 05:00:00,10954,E2,demand,sd,sd:demand:10701,4301.60009765625,4259.489130859375,39845.0,253,9.9,2,1,0,4,4
2025-12-31 07:00:00,10956,E5,supply,fvg,fvg:supply:10955,4342.89990234375,4341.2001953125,,1,,0,0,0,10,10
2025-12-31 13:00:00,10962,E4,supply,ob_internal,ob_internal:supply:10954,4383.5,4357.60009765625,,8,,0,0,0,9,10
2025-12-31 15:00:00,10964,E5,demand,fvg,fvg:demand:10963,4346.2001953125,4331.2001953125,,1,,0,0,0,4,10
2026-01-02 05:00:00,10971,E1,supply,sd,sd:supply:10945,4406.011918945313,4371.39990234375,-27404.0,26,7.1,1,1,0,10,10
2026-01-02 05:00:00,10971,E4,supply,ob_swing,ob_swing:supply:10954,4420.5,4391.2001953125,,17,,0,1,0,10,10
2026-01-02 07:00:00,10973,E5,demand,fvg,fvg:demand:10972,4386.10009765625,4333.2001953125,,1,,0,0,0,7,10
2026-01-02 13:00:00,10979,E5,demand,fvg,fvg:demand:10971,4383.5,4338.10009765625,,8,,0,0,0,2,10
2026-01-02 13:00:00,10979,E5,demand,fvg,fvg:demand:10975,4395.60009765625,4395.5,,4,,0,0,1,2,1
2026-01-02 16:00:00,10982,E4,demand,ob_internal,ob_internal:demand:10971,4338.10009765625,4316.7998046875,,11,,0,1,0,6,6
2026-01-04 23:00:00,10988,E5,supply,fvg,fvg:supply:10981,4373.60009765625,4368.7001953125,,7,,0,0,1,1,1
2026-01-04 23:00:00,10988,E5,supply,fvg,fvg:supply:10982,4359.2001953125,4348.60009765625,,6,,0,0,1,1,1
2026-01-05 00:00:00,10989,E1,supply,sd,sd:supply:10981,4435.012895507813,4397.39990234375,-49478.0,8,12.2,0,0,0,1,10
2026-01-05 00:00:00,10989,E4,supply,ob_swing,ob_swing:supply:10954,4420.5,4391.2001953125,,35,,1,0,1,1,8
2026-01-05 00:00:00,10989,E5,supply,fvg,fvg:supply:10980,4397.39990234375,4385.7998046875,,9,,0,0,1,1,1
2026-01-05 02:00:00,10991,E5,demand,fvg,fvg:demand:10990,4400.39990234375,4385.39990234375,,1,,0,0,0,10,10
2026-01-05 08:00:00,10997,E5,supply,fvg,fvg:supply:10917,4464.60009765625,4440.60009765625,,80,,0,0,0,7,10
2026-01-05 11:00:00,11000,E5,demand,fvg,fvg:demand:10996,4426.2998046875,4423.60009765625,,4,,0,0,0,2,10
2026-01-05 11:00:00,11000,E5,demand,fvg,fvg:demand:10998,4436.7998046875,4434.89990234375,,2,,0,0,1,2,2
2026-01-05 12:00:00,11001,E5,demand,fvg,fvg:demand:10995,4420.2998046875,4417.7998046875,,6,,0,1,0,3,3
2026-01-05 14:00:00,11003,E5,supply,fvg,fvg:supply:11001,4441.60009765625,4433.0,,2,,0,0,1,1,1
2026-01-05 15:00:00,11004,E1,supply,sd,sd:supply:10918,4497.3530859375,4464.60009765625,-110300.0,86,31.5,0,0,0,10,10
2026-01-05 17:00:00,11006,E5,demand,fvg,fvg:demand:11004,4445.60009765625,4430.60009765625,,2,,0,0,0,10,10
2026-01-06 02:00:00,11014,E1,supply,sd,sd:supply:10918,4497.3530859375,4464.60009765625,-110300.0,96,28.9,1,0,0,3,10
2026-01-06 05:00:00,11017,E5,demand,fvg,fvg:demand:11015,4464.2001953125,4462.2001953125,,2,,0,1,0,9,9
2026-01-06 05:00:00,11017,E5,demand,fvg,fvg:demand:11016,4472.10009765625,4472.0,,1,,0,1,1,9,4
2026-01-06 09:00:00,11021,E4,demand,ob_internal,ob_internal:demand:11015,4462.2001953125,4437.89990234375,,6,,0,1,0,5,5
2026-01-06 09:00:00,11021,E5,demand,fvg,fvg:demand:11014,4458.10009765625,4455.60009765625,,7,,0,1,0,5,5
2026-01-06 11:00:00,11023,E5,supply,fvg,fvg:supply:11022,4466.89990234375,4466.0,,1,,0,0,1,3,3
2026-01-06 13:00:00,11025,E5,demand,fvg,fvg:demand:11024,4469.2998046875,4466.0,,1,,0,1,0,9,9
2026-01-06 15:00:00,11027,E2,demand,sd,sd:demand:11026,4479.2001953125,4439.391181640625,43100.0,1,16.0,0,0,0,10,10
2026-01-07 00:00:00,11035,E5,demand,fvg,fvg:demand:11033,4502.39990234375,4498.39990234375,,2,,0,0,1,1,1
2026-01-07 03:00:00,11038,E5,supply,fvg,fvg:supply:11037,4493.2001953125,4490.5,,1,,0,1,0,2,2
2026-01-07 04:00:00,11039,E2,demand,sd,sd:demand:11026,4479.2001953125,4439.391181640625,43100.0,13,16.0,1,0,0,1,10
2026-01-07 05:00:00,11040,E4,demand,ob_internal,ob_internal:demand:11026,4466.0,4452.5,,14,,0,0,1,8,10
2026-01-07 06:00:00,11041,E4,demand,ob_internal,ob_internal:demand:11015,4462.2001953125,4437.89990234375,,26,,1,0,0,7,10
2026-01-07 07:00:00,11042,E5,supply,fvg,fvg:supply:11041,4473.5,4470.2001953125,,1,,0,1,0,8,8
2026-01-07 08:00:00,11043,E5,supply,fvg,fvg:supply:11040,4482.7001953125,4480.60009765625,,3,,0,1,0,5,5
2026-01-07 15:00:00,11050,E2,demand,sd,sd:demand:11004,4433.0,4394.32798828125,58775.0,46,21.8,0,0,0,10,10
2026-01-07 16:00:00,11051,E5,supply,fvg,fvg:supply:11047,4468.2001953125,4464.2001953125,,4,,0,0,0,10,10
2026-01-08 05:00:00,11063,E2,demand,sd,sd:demand:11004,4433.0,4394.32798828125,58775.0,59,21.8,1,0,0,7,10
2026-01-08 06:00:00,11064,E5,supply,fvg,fvg:supply:11063,4445.5,4441.0,,1,,0,0,1,9,9
2026-01-08 15:00:00,11073,E4,supply,ob_internal,ob_internal:supply:11060,4475.2001953125,4455.10009765625,,13,,0,0,1,5,7
2026-01-08 15:00:00,11073,E4,supply,ob_swing,ob_swing:supply:11069,4478.39990234375,4453.7998046875,,4,,0,0,0,5,10
2026-01-08 18:00:00,11076,E5,demand,fvg,fvg:demand:11075,4466.7998046875,4465.7001953125,,1,,0,1,0,4,4
2026-01-08 19:00:00,11077,E5,demand,fvg,fvg:demand:11074,4456.2001953125,4448.2001953125,,3,,0,1,0,3,3
2026-01-08 20:00:00,11078,E5,supply,fvg,fvg:supply:11077,4466.7998046875,4462.0,,1,,0,0,1,10,1
2026-01-09 00:00:00,11081,E5,demand,fvg,fvg:demand:11079,4482.0,4462.0,,2,,0,0,0,10,10
2026-01-09 02:00:00,11083,E5,supply,fvg,fvg:supply:11082,4482.2001953125,4478.7998046875,,1,,0,0,0,10,10
2026-01-09 17:00:00,11098,E5,demand,fvg,fvg:demand:11097,4509.2998046875,4507.7998046875,,1,,0,1,0,5,5
2026-01-11 23:00:00,11103,E1,supply,sd,sd:supply:10903,4583.507978515625,4552.5,-32684.0,200,10.6,0,0,1,1,1
2026-01-11 23:00:00,11103,E4,supply,ob_internal,ob_internal:supply:10903,4571.7998046875,4549.5,,200,,0,0,1,1,1
2026-01-11 23:00:00,11103,E5,supply,fvg,fvg:supply:10903,4552.7001953125,4551.89990234375,,200,,0,0,1,1,1
2026-01-11 23:00:00,11103,E5,supply,fvg,fvg:supply:10909,4531.0,4530.7998046875,,194,,0,0,1,1,1
2026-01-12 02:00:00,11106,E5,demand,fvg,fvg:demand:11105,4581.39990234375,4555.0,,1,,0,0,0,10,10
2026-01-12 23:00:00,11126,E5,supply,fvg,fvg:supply:11125,4618.2998046875,4609.0,,1,,0,0,0,10,10
2026-01-13 01:00:00,11128,E4,demand,ob_swing,ob_swing:demand:11117,4594.0,4573.10009765625,,11,,0,0,0,10,10
2026-01-13 01:00:00,11128,E4,demand,ob_internal,ob_internal:demand:11117,4594.0,4573.10009765625,,11,,0,0,0,10,10
2026-01-13 08:00:00,11135,E5,supply,fvg,fvg:supply:11133,4603.0,4600.7998046875,,2,,0,0,1,5,5
2026-01-13 15:00:00,11142,E5,demand,fvg,fvg:demand:11141,4617.0,4603.89990234375,,1,,0,0,1,1,5
2026-01-13 17:00:00,11144,E2,demand,sd,sd:demand:11141,4597.2998046875,4560.46181640625,72017.0,3,25.3,0,0,0,3,9
2026-01-13 17:00:00,11144,E4,demand,ob_internal,ob_internal:demand:11140,4603.89990234375,4586.2001953125,,4,,0,0,0,3,9
2026-01-14 00:00:00,11150,E1,supply,sd,sd:supply:11144,4654.136987304688,4617.0,-56323.0,6,16.5,0,0,0,3,10
2026-01-14 03:00:00,11153,E5,demand,fvg,fvg:demand:11152,4621.89990234375,4618.39990234375,,1,,0,0,0,10,10
2026-01-14 05:00:00,11155,E5,demand,fvg,fvg:demand:11154,4633.0,4631.5,,1,,0,0,1,10,9
2026-01-14 15:00:00,11165,E5,demand,fvg,fvg:demand:11151,4613.7001953125,4606.5,,14,,0,0,1,7,9
2026-01-14 18:00:00,11168,E4,supply,ob_internal,ob_internal:supply:11164,4650.10009765625,4638.2998046875,,4,,0,1,0,6,6
2026-01-14 20:00:00,11170,E5,demand,fvg,fvg:demand:11169,4640.7998046875,4626.10009765625,,1,,0,0,1,2,2
2026-01-15 01:00:00,11174,E2,demand,sd,sd:demand:11141,4597.2998046875,4560.46181640625,72017.0,33,21.1,1,0,0,2,10
2026-01-15 01:00:00,11174,E4,demand,ob_swing,ob_swing:demand:11156,4605.60009765625,4576.7001953125,,18,,0,0,0,2,10
2026-01-15 01:00:00,11174,E4,demand,ob_internal,ob_internal:demand:11156,4605.60009765625,4576.7001953125,,18,,0,0,0,2,10
2026-01-15 01:00:00,11174,E5,demand,fvg,fvg:demand:11150,4604.39990234375,4597.7998046875,,24,,0,0,0,2,10
2026-01-15 02:00:00,11175,E1,supply,sd,sd:supply:11144,4654.136987304688,4617.0,-56323.0,31,16.5,1,0,0,9,10
2026-01-15 08:00:00,11181,E5,demand,fvg,fvg:demand:11180,4603.5,4602.60009765625,,1,,0,0,1,5,5
2026-01-15 10:00:00,11183,E5,supply,fvg,fvg:supply:11173,4623.60009765625,4622.89990234375,,10,,0,1,0,3,3
2026-01-15 12:00:00,11185,E5,demand,fvg,fvg:demand:11184,4619.60009765625,4617.2001953125,,1,,0,0,1,1,1
2026-01-15 13:00:00,11186,E2,demand,sd,sd:demand:11141,4597.2998046875,4560.46181640625,72017.0,45,21.1,2,1,0,3,3
2026-01-15 13:00:00,11186,E4,demand,ob_swing,ob_swing:demand:11117,4594.0,4573.10009765625,,69,,1,1,0,3,3
2026-01-15 13:00:00,11186,E4,demand,ob_internal,ob_internal:demand:11117,4594.0,4573.10009765625,,69,,1,1,0,3,3
2026-01-15 13:00:00,11186,E4,demand,ob_swing,ob_swing:demand:11156,4605.60009765625,4576.7001953125,,30,,1,1,0,3,3
2026-01-15 13:00:00,11186,E4,demand,ob_internal,ob_internal:demand:11156,4605.60009765625,4576.7001953125,,30,,1,1,0,3,3
2026-01-15 13:00:00,11186,E5,demand,fvg,fvg:demand:11183,4613.39990234375,4611.5,,3,,0,1,1,3,1
2026-01-15 14:00:00,11187,E1,supply,sd,sd:supply:11144,4654.136987304688,4617.0,-56323.0,43,16.5,2,0,0,10,10
2026-01-16 00:00:00,11196,E4,demand,ob_swing,ob_swing:demand:11156,4605.60009765625,4576.7001953125,,40,,2,0,0,10,10
2026-01-16 00:00:00,11196,E4,demand,ob_internal,ob_internal:demand:11156,4605.60009765625,4576.7001953125,,40,,2,0,0,10,10
2026-01-16 02:00:00,11198,E2,demand,sd,sd:demand:11141,4597.2998046875,4560.46181640625,72017.0,57,21.1,3,0,0,10,10
2026-01-16 05:00:00,11201,E1,supply,sd,sd:supply:11144,4654.136987304688,4617.0,-56323.0,57,16.5,3,1,0,10,10
2026-01-16 13:00:00,11209,E2,demand,sd,sd:demand:11141,4597.2998046875,4560.46181640625,72017.0,68,21.1,4,0,1,2,2
2026-01-16 15:00:00,11211,E1,supply,sd,sd:supply:11144,4654.136987304688,4617.0,-56323.0,67,16.5,4,0,1,1,8
2026-01-16 15:00:00,11211,E4,demand,ob_swing,ob_swing:demand:11117,4594.0,4573.10009765625,,94,,2,1,0,7,7
2026-01-16 15:00:00,11211,E4,demand,ob_internal,ob_internal:demand:11117,4594.0,4573.10009765625,,94,,2,1,0,7,7
2026-01-16 15:00:00,11211,E5,demand,fvg,fvg:demand:11104,4546.2998046875,4520.2998046875,,107,,0,1,0,7,7
2026-01-19 04:00:00,11218,E5,supply,fvg,fvg:supply:11171,4640.7998046875,4639.7998046875,,47,,0,0,1,1,1
2026-01-20 13:00:00,11227,E2,demand,sd,sd:demand:11223,4723.39990234375,4688.025913085938,32452.0,4,11.4,0,1,0,9,9
2026-01-21 06:00:00,11243,E5,demand,fvg,fvg:demand:11242,4861.7001953125,4852.60009765625,,1,,0,0,1,9,9
2026-01-21 08:00:00,11245,E5,supply,fvg,fvg:supply:11244,4861.7001953125,4859.39990234375,,1,,0,0,0,5,9
2026-01-21 15:00:00,11252,E5,demand,fvg,fvg:demand:11239,4820.39990234375,4792.89990234375,,13,,0,0,1,1,4
2026-01-21 19:00:00,11256,E2,demand,sd,sd:demand:11239,4766.60009765625,4730.435102539062,48055.0,17,12.6,0,0,0,10,10
2026-01-21 19:00:00,11256,E5,demand,fvg,fvg:demand:11237,4774.5,4769.2998046875,,19,,0,0,0,10,10
2026-01-21 19:00:00,11256,E5,demand,fvg,fvg:demand:11238,4788.5,4784.89990234375,,18,,0,0,0,10,10
2026-01-22 01:00:00,11261,E5,supply,fvg,fvg:supply:11260,4816.0,4799.7998046875,,1,,0,0,0,6,10
2026-01-22 08:00:00,11268,E5,demand,fvg,fvg:demand:11267,4826.39990234375,4822.10009765625,,1,,0,1,0,8,8
2026-01-22 09:00:00,11269,E5,demand,fvg,fvg:demand:11266,4816.60009765625,4801.7998046875,,3,,0,1,0,7,7
2026-01-22 15:00:00,11275,E1,supply,sd,sd:supply:11253,4898.372998046875,4861.0,-106088.0,22,27.8,0,0,1,2,4
2026-01-23 01:00:00,11284,E5,demand,fvg,fvg:demand:11283,4949.7001953125,4944.2998046875,,1,,0,0,1,7,7
2026-01-23 08:00:00,11291,E5,demand,fvg,fvg:demand:11278,4904.60009765625,4888.10009765625,,13,,0,1,0,7,7
2026-01-23 08:00:00,11291,E5,demand,fvg,fvg:demand:11282,4932.39990234375,4932.2001953125,,9,,0,1,1,7,1
2026-01-23 10:00:00,11293,E5,supply,fvg,fvg:supply:11292,4944.2998046875,4922.7001953125,,1,,0,0,1,4,6
2026-01-23 15:00:00,11298,E4,supply,ob_internal,ob_internal:supply:11291,4969.0,4955.7001953125,,7,,0,0,1,1,7
2026-01-23 18:00:00,11301,E5,demand,fvg,fvg:demand:11299,4960.0,4957.2998046875,,2,,0,1,0,4,4
2026-01-26 01:00:00,11307,E5,demand,fvg,fvg:demand:11306,5029.2998046875,4990.2001953125,,1,,0,0,0,10,10
2026-01-26 04:00:00,11310,E5,demand,fvg,fvg:demand:11308,5064.2001953125,5051.39990234375,,2,,0,0,0,10,10
2026-01-26 09:00:00,11315,E2,demand,sd,sd:demand:11313,5076.0,5032.917001953125,38081.0,2,14.4,0,0,1,4,10
2026-01-26 14:00:00,11320,E1,supply,sd,sd:supply:11319,5119.538999023437,5076.5,-47796.0,1,15.3,0,1,0,5,5
2026-01-26 14:00:00,11320,E4,supply,ob_internal,ob_internal:supply:11319,5097.39990234375,5073.10009765625,,1,,0,1,0,5,5
2026-01-26 18:00:00,11324,E4,demand,ob_internal,ob_internal:demand:11323,5080.89990234375,5052.0,,1,,0,0,1,1,1
2026-01-26 19:00:00,11325,E5,demand,fvg,fvg:demand:11305,5010.89990234375,4986.7001953125,,20,,0,0,0,2,10
2026-01-27 01:00:00,11330,E5,supply,fvg,fvg:supply:11325,5076.7001953125,5065.5,,5,,0,0,0,6,10
2026-01-27 02:00:00,11331,E4,supply,ob_internal,ob_internal:supply:11325,5103.0,5062.0,,6,,0,0,0,10,10
2026-01-27 05:00:00,11334,E1,supply,sd,sd:supply:11319,5119.538999023437,5076.5,-47796.0,15,13.8,1,0,0,10,10
2026-01-27 15:00:00,11344,E1,supply,sd,sd:supply:11319,5119.538999023437,5076.5,-47796.0,25,13.8,2,0,1,5,5
2026-01-27 15:00:00,11344,E4,supply,ob_internal,ob_internal:supply:11325,5103.0,5062.0,,19,,1,0,1,5,5
2026-01-27 17:00:00,11346,E5,demand,fvg,fvg:demand:11345,5080.5,5077.89990234375,,1,,0,1,0,3,3
2026-01-27 23:00:00,11351,E5,demand,fvg,fvg:demand:11350,5169.10009765625,5098.2998046875,,1,,0,1,0,4,4
2026-01-28 11:00:00,11363,E5,demand,fvg,fvg:demand:11360,5282.0,5264.39990234375,,3,,0,1,0,7,7
2026-01-28 11:00:00,11363,E5,demand,fvg,fvg:demand:11361,5296.7998046875,5288.0,,2,,0,1,0,7,7
2026-01-29 01:00:00,11376,E5,demand,fvg,fvg:demand:11375,5481.39990234375,5452.7998046875,,1,,0,0,0,7,10
2026-01-29 09:00:00,11384,E1,supply,sd,sd:supply:11383,5602.228950195313,5544.5,-52491.0,1,14.0,0,1,0,6,6
2026-01-29 12:00:00,11387,E5,supply,fvg,fvg:supply:11384,5566.2001953125,5560.2998046875,,3,,0,1,0,3,3
2026-01-29 15:00:00,11390,E2,demand,sd,sd:demand:11373,5360.60009765625,5308.024140625,56194.0,17,15.0,0,1,1,2,1
2026-01-29 15:00:00,11390,E5,demand,fvg,fvg:demand:11354,5196.60009765625,5177.0,,36,,0,1,0,2,2
2026-01-29 15:00:00,11390,E5,demand,fvg,fvg:demand:11358,5245.0,5244.0,,32,,0,1,0,2,2
2026-01-29 15:00:00,11390,E5,demand,fvg,fvg:demand:11373,5409.39990234375,5365.89990234375,,17,,0,1,1,2,1
2026-01-29 15:00:00,11390,E5,demand,fvg,fvg:demand:11374,5449.39990234375,5425.10009765625,,16,,0,1,1,2,1
2026-01-29 17:00:00,11392,E5,supply,fvg,fvg:supply:11391,5519.2998046875,5338.89990234375,,1,,0,0,0,4,8
2026-01-30 01:00:00,11399,E5,demand,fvg,fvg:demand:11396,5400.0,5374.2998046875,,3,,0,0,1,1,1
2026-01-30 04:00:00,11402,E5,supply,fvg,fvg:supply:11401,5320.39990234375,5259.7998046875,,1,,0,1,0,5,5
2026-01-30 08:00:00,11406,E2,demand,sd,sd:demand:11350,5092.0,5044.190029296875,72343.0,56,17.3,0,0,1,1,8
2026-01-30 08:00:00,11406,E5,demand,fvg,fvg:demand:11349,5096.2001953125,5093.5,,57,,0,0,1,1,1
2026-01-30 09:00:00,11407,E4,demand,ob_swing,ob_swing:demand:11349,5048.7001953125,5008.2998046875,,58,,0,0,1,7,7
2026-02-02 18:00:00,11414,E2,demand,sd,sd:demand:11299,4948.60009765625,4906.36908203125,74677.0,115,17.9,0,0,1,10,1
2026-02-02 18:00:00,11414,E2,demand,sd,sd:demand:11275,4834.60009765625,4794.108095703125,70716.0,139,16.9,0,0,1,10,1
2026-02-02 18:00:00,11414,E2,demand,sd,sd:demand:11239,4766.60009765625,4730.435102539062,48055.0,175,11.5,1,0,0,10,10
2026-02-02 18:00:00,11414,E2,demand,sd,sd:demand:11223,4723.39990234375,4688.025913085938,32452.0,191,7.8,1,0,0,10,10
2026-02-02 18:00:00,11414,E5,demand,fvg,fvg:demand:11219,4700.0,4602.10009765625,,195,,0,0,0,10,10
2026-02-02 18:00:00,11414,E5,demand,fvg,fvg:demand:11220,4711.2998046875,4672.2998046875,,194,,0,0,0,10,10
2026-02-02 18:00:00,11414,E5,demand,fvg,fvg:demand:11276,4870.10009765625,4849.39990234375,,138,,0,0,1,10,1
2026-02-02 19:00:00,11415,E5,supply,fvg,fvg:supply:11414,5039.60009765625,4683.2998046875,,1,,0,0,0,4,10
2026-02-02 23:00:00,11418,E5,supply,fvg,fvg:supply:11415,5006.2998046875,4736.0,,3,,0,0,0,7,10
2026-02-03 01:00:00,11420,E5,demand,fvg,fvg:demand:11419,4788.10009765625,4712.0,,1,,0,0,0,10,10
2026-02-03 09:00:00,11428,E5,demand,fvg,fvg:demand:11427,4921.0,4916.0,,1,,0,0,0,10,10
2026-02-03 18:00:00,11437,E4,demand,ob_internal,ob_internal:demand:11435,4941.89990234375,4905.2001953125,,2,,0,1,0,6,6
2026-02-04 11:00:00,11453,E5,demand,fvg,fvg:demand:11444,5055.10009765625,5039.7001953125,,9,,0,0,1,3,3
2026-02-04 12:00:00,11454,E5,supply,fvg,fvg:supply:11452,5091.10009765625,5086.89990234375,,2,,0,1,0,3,3
2026-02-04 14:00:00,11456,E5,demand,fvg,fvg:demand:11443,5006.39990234375,4997.7998046875,,13,,0,0,1,1,1
2026-02-04 15:00:00,11457,E4,demand,ob_internal,ob_internal:demand:11442,4977.2998046875,4900.5,,15,,0,0,1,1,10
2026-02-04 16:00:00,11458,E5,demand,fvg,fvg:demand:11426,4893.0,4865.5,,32,,0,1,0,6,6
2026-02-04 19:00:00,11461,E5,supply,fvg,fvg:supply:11458,4988.39990234375,4964.10009765625,,3,,0,0,1,3,3
2026-02-04 23:00:00,11464,E1,supply,sd,sd:supply:11458,5142.250952148437,5045.0,-87020.0,6,17.7,0,1,0,3,3
2026-02-04 23:00:00,11464,E5,supply,fvg,fvg:supply:11457,5045.0,5030.7001953125,,7,,0,1,0,3,3
2026-02-05 01:00:00,11466,E5,demand,fvg,fvg:demand:11464,4986.60009765625,4975.60009765625,,2,,0,0,1,1,1
2026-02-05 01:00:00,11466,E5,demand,fvg,fvg:demand:11465,5017.60009765625,4994.10009765625,,1,,0,0,1,1,1
2026-02-05 02:00:00,11467,E4,demand,ob_internal,ob_internal:demand:11425,4836.10009765625,4774.2998046875,,42,,0,1,0,5,5
2026-02-05 04:00:00,11469,E5,supply,fvg,fvg:supply:11468,4957.0,4907.10009765625,,1,,0,0,0,2,10
2026-02-05 11:00:00,11476,E5,supply,fvg,fvg:supply:11475,4921.39990234375,4907.60009765625,,1,,0,0,0,10,10
2026-02-05 14:00:00,11479,E1,supply,sd,sd:supply:11478,4972.274956054687,4868.0,-31974.0,1,6.1,0,0,0,2,8
2026-02-05 20:00:00,11485,E4,demand,ob_internal,ob_internal:demand:11425,4836.10009765625,4774.2998046875,,60,,1,0,1,2,3
2026-02-06 02:00:00,11490,E4,supply,ob_internal,ob_internal:supply:11486,4930.0,4833.5,,4,,0,0,0,3,10
2026-02-06 05:00:00,11493,E1,supply,sd,sd:supply:11478,4972.274956054687,4868.0,-31974.0,15,6.0,1,0,0,10,10
2026-02-06 05:00:00,11493,E5,supply,fvg,fvg:supply:11485,4872.7998046875,4866.2001953125,,8,,0,0,1,10,8
2026-02-06 12:00:00,11500,E4,supply,ob_swing,ob_swing:supply:11486,4962.0,4921.39990234375,,14,,0,0,1,3,10
2026-02-06 15:00:00,11503,E5,supply,fvg,fvg:supply:11467,5017.60009765625,4982.10009765625,,36,,0,0,0,7,10
2026-02-06 21:00:00,11509,E4,supply,ob_internal,ob_internal:supply:11467,5045.0,4986.60009765625,,42,,0,0,0,1,10
2026-02-08 23:00:00,11510,E1,supply,sd,sd:supply:11458,5142.250952148437,5045.0,-87020.0,52,17.4,1,0,0,10,10
2026-02-09 01:00:00,11512,E5,demand,fvg,fvg:demand:11511,5033.10009765625,4992.10009765625,,1,,0,0,0,10,10
2026-02-09 02:00:00,11513,E5,demand,fvg,fvg:demand:11510,4991.2998046875,4983.0,,3,,0,0,0,10,10
2026-02-09 13:00:00,11524,E1,supply,sd,sd:supply:11458,5142.250952148437,5045.0,-87020.0,66,17.4,2,0,0,2,10
2026-02-09 17:00:00,11528,E5,demand,fvg,fvg:demand:11527,5079.7998046875,5063.2998046875,,1,,0,0,1,5,5
2026-02-09 21:00:00,11532,E5,demand,fvg,fvg:demand:11531,5096.60009765625,5088.39990234375,,1,,0,0,1,1,1
2026-02-09 23:00:00,11533,E2,demand,sd,sd:demand:11527,5046.7998046875,4933.682846679688,30554.0,6,6.5,0,0,0,10,10
2026-02-10 01:00:00,11535,E1,supply,sd,sd:supply:11458,5142.250952148437,5045.0,-87020.0,77,18.5,3,0,0,10,10
2026-02-10 10:00:00,11544,E5,demand,fvg,fvg:demand:11543,5062.60009765625,5057.10009765625,,1,,0,0,1,5,5
2026-02-10 12:00:00,11546,E2,demand,sd,sd:demand:11527,5046.7998046875,4933.682846679688,30554.0,19,6.5,1,0,0,3,10
2026-02-10 16:00:00,11550,E1,supply,sd,sd:supply:11458,5142.250952148437,5045.0,-87020.0,92,18.5,4,0,0,9,10
2026-02-10 18:00:00,11552,E4,demand,ob_swing,ob_swing:demand:11526,5037.2001953125,4989.2998046875,,26,,0,0,0,10,10
2026-02-10 18:00:00,11552,E4,demand,ob_internal,ob_internal:demand:11526,5036.89990234375,5002.60009765625,,26,,0,0,0,10,10
2026-02-10 23:00:00,11556,E2,demand,sd,sd:demand:11527,5046.7998046875,4933.682846679688,30554.0,29,6.5,2,0,0,10,10
2026-02-11 12:00:00,11569,E2,demand,sd,sd:demand:11568,5084.10009765625,4972.421123046875,19807.0,1,4.5,0,0,0,1,10
2026-02-11 12:00:00,11569,E5,demand,fvg,fvg:demand:11567,5086.0,5084.10009765625,,2,,0,0,1,1,1
2026-02-11 12:00:00,11569,E5,demand,fvg,fvg:demand:11568,5107.39990234375,5095.89990234375,,1,,0,0,1,1,1
2026-02-11 13:00:00,11570,E2,demand,sd,sd:demand:11527,5046.7998046875,4933.682846679688,30554.0,43,7.0,3,0,0,10,10
2026-02-11 17:00:00,11574,E1,supply,sd,sd:supply:11571,5219.58587890625,5107.39990234375,-38826.0,3,8.2,0,0,0,10,10
2026-02-11 23:00:00,11579,E2,demand,sd,sd:demand:11568,5084.10009765625,4972.421123046875,19807.0,11,4.2,1,0,0,10,10
2026-02-12 02:00:00,11582,E5,supply,fvg,fvg:supply:11580,5094.10009765625,5090.0,,2,,0,0,0,10,10
2026-02-12 10:00:00,11590,E2,demand,sd,sd:demand:11568,5084.10009765625,4972.421123046875,19807.0,22,4.2,2,0,1,6,6
2026-02-12 14:00:00,11594,E4,demand,ob_internal,ob_internal:demand:11563,5070.89990234375,5021.2998046875,,31,,0,0,1,2,2
2026-02-12 14:00:00,11594,E4,demand,ob_swing,ob_swing:demand:11567,5070.89990234375,5021.2998046875,,27,,0,0,1,2,2
2026-02-12 16:00:00,11596,E2,demand,sd,sd:demand:11527,5046.7998046875,4933.682846679688,30554.0,69,6.4,4,0,0,2,10
2026-02-13 01:00:00,11604,E5,supply,fvg,fvg:supply:11597,5061.7001953125,5004.39990234375,,7,,0,0,0,10,10
2026-02-13 05:00:00,11608,E5,demand,fvg,fvg:demand:11605,4991.0,4967.7001953125,,3,,0,1,0,10,10
2026-02-13 07:00:00,11610,E5,supply,fvg,fvg:supply:11609,4991.7001953125,4988.0,,1,,0,0,1,7,7
2026-02-13 09:00:00,11612,E5,demand,fvg,fvg:demand:11611,4990.0,4988.0,,1,,0,0,1,2,2
2026-02-13 12:00:00,11615,E5,supply,fvg,fvg:supply:11614,4981.2001953125,4975.0,,1,,0,0,1,1,1
2026-02-13 15:00:00,11618,E2,demand,sd,sd:demand:11617,5000.89990234375,4916.514946289062,33670.0,1,5.9,0,1,0,4,4
2026-02-13 16:00:00,11619,E1,supply,sd,sd:supply:11458,5142.250952148437,5045.0,-87020.0,161,15.3,5,0,0,3,10
2026-02-13 19:00:00,11622,E1,supply,sd,sd:supply:11598,5161.229169921875,5061.7001953125,-78593.0,24,13.8,0,1,0,9,9
2026-02-13 19:00:00,11622,E2,demand,sd,sd:demand:11527,5046.7998046875,4933.682846679688,30554.0,95,5.4,5,0,1,6,9
2026-02-16 01:00:00,11627,E5,supply,fvg,fvg:supply:11626,5046.2998046875,5043.0,,1,,0,1,0,2,2
2026-02-16 03:00:00,11629,E2,demand,sd,sd:demand:11617,5000.89990234375,4916.514946289062,33670.0,12,5.9,1,0,1,2,2
2026-02-17 05:00:00,11631,E4,demand,ob_internal,ob_internal:demand:11500,4921.60009765625,4841.0,,131,,0,0,0,9,10
2026-02-17 05:00:00,11631,E5,demand,fvg,fvg:demand:11616,4977.10009765625,4975.0,,15,,0,0,1,9,1
2026-02-17 07:00:00,11633,E5,supply,fvg,fvg:supply:11632,4988.0,4932.89990234375,,1,,0,1,0,7,7
2026-02-17 09:00:00,11635,E5,demand,fvg,fvg:demand:11634,4934.7998046875,4932.89990234375,,1,,0,0,1,4,4
2026-02-17 18:00:00,11644,E5,supply,fvg,fvg:supply:11640,4947.5,4926.2998046875,,4,,0,0,0,9,10
2026-02-17 20:00:00,11646,E5,demand,fvg,fvg:demand:11645,4895.2001953125,4890.0,,1,,0,0,0,10,10
2026-02-18 04:00:00,11653,E4,supply,ob_internal,ob_internal:supply:11639,4964.0,4947.5,,14,,0,0,1,9,10
2026-02-18 06:00:00,11655,E5,demand,fvg,fvg:demand:11654,4949.2001953125,4940.60009765625,,1,,0,1,0,8,8
2026-02-18 08:00:00,11657,E5,demand,fvg,fvg:demand:11653,4937.0,4925.7998046875,,4,,0,1,0,5,5
2026-02-18 10:00:00,11659,E5,supply,fvg,fvg:supply:11658,4948.60009765625,4943.5,,1,,0,0,1,2,3
2026-02-18 13:00:00,11662,E5,supply,fvg,fvg:supply:11631,4986.0,4972.2998046875,,31,,0,0,1,1,1
2026-02-18 15:00:00,11664,E5,supply,fvg,fvg:supply:11629,5026.39990234375,5019.5,,35,,0,0,0,10,10
2026-02-18 16:00:00,11665,E5,demand,fvg,fvg:demand:11664,5011.7001953125,4989.7998046875,,1,,0,0,0,3,10
2026-02-18 23:00:00,11671,E5,demand,fvg,fvg:demand:11663,4972.60009765625,4967.5,,8,,0,1,0,8,8
2026-02-19 01:00:00,11673,E5,supply,fvg,fvg:supply:11672,4995.60009765625,4994.7998046875,,1,,0,0,1,4,4
2026-02-19 08:00:00,11680,E5,demand,fvg,fvg:demand:11679,5026.89990234375,5017.60009765625,,1,,0,0,1,1,3
2026-02-19 09:00:00,11681,E5,demand,fvg,fvg:demand:11678,5014.39990234375,5004.7001953125,,3,,0,0,1,4,5
2026-02-19 11:00:00,11683,E4,demand,ob_swing,ob_swing:demand:11678,5007.7998046875,4971.5,,5,,0,0,0,3,4
2026-02-19 11:00:00,11683,E4,demand,ob_internal,ob_internal:demand:11678,5007.7998046875,4971.5,,5,,0,0,0,3,4
2026-02-19 11:00:00,11683,E5,supply,fvg,fvg:supply:11682,5023.89990234375,5015.2001953125,,1,,0,0,0,3,10
2026-02-19 16:00:00,11688,E2,demand,sd,sd:demand:11687,5016.7998046875,4954.30984375,31141.0,1,5.5,0,0,0,10,10
2026-02-19 23:00:00,11694,E4,demand,ob_swing,ob_swing:demand:11678,5007.7998046875,4971.5,,16,,1,1,0,7,7
2026-02-19 23:00:00,11694,E4,demand,ob_internal,ob_internal:demand:11678,5007.7998046875,4971.5,,16,,1,1,0,7,7
2026-02-19 23:00:00,11694,E5,demand,fvg,fvg:demand:11693,5010.2001953125,5009.7001953125,,1,,0,1,0,7,7
2026-02-20 05:00:00,11700,E2,demand,sd,sd:demand:11687,5016.7998046875,4954.30984375,31141.0,13,5.5,1,1,0,8,8
2026-02-20 06:00:00,11701,E1,supply,sd,sd:supply:11458,5142.250952148437,5045.0,-87020.0,243,15.5,6,0,0,3,10
2026-02-20 07:00:00,11702,E5,demand,fvg,fvg:demand:11701,5029.7001953125,5021.2001953125,,1,,0,1,0,6,6
2026-02-20 08:00:00,11703,E4,supply,ob_swing,ob_swing:supply:11631,5069.10009765625,5046.39990234375,,72,,0,0,0,5,7
2026-02-20 08:00:00,11703,E4,supply,ob_internal,ob_internal:supply:11631,5069.10009765625,5046.39990234375,,72,,0,0,0,5,7
2026-02-20 09:00:00,11704,E1,supply,sd,sd:supply:11598,5161.229169921875,5061.7001953125,-78593.0,106,14.0,1,0,0,4,6
2026-02-20 14:00:00,11709,E4,supply,ob_swing,ob_swing:supply:11596,5106.7001953125,5073.10009765625,,113,,0,1,0,1,1
2026-02-20 14:00:00,11709,E4,supply,ob_internal,ob_internal:supply:11596,5106.7001953125,5073.10009765625,,113,,0,1,0,1,1
2026-02-20 15:00:00,11710,E2,demand,sd,sd:demand:11687,5016.7998046875,4954.30984375,31141.0,23,5.5,2,1,0,5,5
2026-02-20 15:00:00,11710,E5,demand,fvg,fvg:demand:11709,5056.7998046875,5045.60009765625,,1,,0,1,0,5,5
2026-02-20 20:00:00,11715,E1,supply,sd,sd:supply:11571,5219.58587890625,5107.39990234375,-38826.0,144,7.4,1,0,0,2,10
2026-02-20 21:00:00,11716,E2,demand,sd,sd:demand:11714,5084.5,5028.688041992187,32894.0,2,6.2,0,1,0,1,1
2026-02-20 21:00:00,11716,E5,demand,fvg,fvg:demand:11715,5099.7998046875,5097.0,,1,,0,1,0,1,1
2026-02-23 00:00:00,11718,E5,demand,fvg,fvg:demand:11717,5157.0,5120.7001953125,,1,,0,0,0,10,10
2026-02-23 07:00:00,11725,E5,demand,fvg,fvg:demand:11718,5151.0,5131.0,,7,,0,1,0,7,7
2026-02-23 09:00:00,11727,E5,supply,fvg,fvg:supply:11726,5166.10009765625,5162.89990234375,,1,,0,0,1,5,5
2026-02-23 13:00:00,11731,E5,demand,fvg,fvg:demand:11728,5165.60009765625,5162.89990234375,,3,,0,1,0,1,1
2026-02-23 16:00:00,11734,E5,demand,fvg,fvg:demand:11733,5201.60009765625,5186.39990234375,,1,,0,0,0,8,10
2026-02-23 23:00:00,11740,E5,demand,fvg,fvg:demand:11739,5245.89990234375,5238.39990234375,,1,,0,0,1,2,2
2026-02-24 01:00:00,11742,E2,demand,sd,sd:demand:11734,5186.39990234375,5131.118940429687,41982.0,8,14.3,0,0,0,10,10
2026-02-24 03:00:00,11744,E5,supply,fvg,fvg:supply:11743,5236.7998046875,5210.89990234375,,1,,0,1,0,10,10
2026-02-24 12:00:00,11753,E2,demand,sd,sd:demand:11734,5186.39990234375,5131.118940429687,41982.0,19,14.3,1,0,0,1,10
2026-02-24 15:00:00,11756,E5,supply,fvg,fvg:supply:11755,5162.2001953125,5157.0,,1,,0,0,1,9,5
2026-02-24 17:00:00,11758,E5,supply,fvg,fvg:supply:11754,5190.60009765625,5180.10009765625,,4,,0,0,0,8,10
2026-02-24 19:00:00,11760,E5,demand,fvg,fvg:demand:11759,5171.2998046875,5170.7001953125,,1,,0,0,1,3,3
2026-02-25 02:00:00,11766,E2,demand,sd,sd:demand:11734,5186.39990234375,5131.118940429687,41982.0,32,14.3,2,0,0,10,10
2026-02-25 11:00:00,11775,E5,demand,fvg,fvg:demand:11766,5184.2998046875,5175.2998046875,,9,,0,0,0,9,10
2026-02-25 14:00:00,11778,E2,demand,sd,sd:demand:11734,5186.39990234375,5131.118940429687,41982.0,44,14.3,3,0,0,6,10
2026-02-25 19:00:00,11783,E5,demand,fvg,fvg:demand:11781,5222.89990234375,5222.0,,2,,0,0,1,1,1
2026-02-25 20:00:00,11784,E2,demand,sd,sd:demand:11779,5214.7001953125,5161.561220703125,39352.0,5,13.4,0,1,0,8,8
2026-02-25 23:00:00,11786,E5,supply,fvg,fvg:supply:11785,5218.10009765625,5191.39990234375,,1,,0,0,0,1,10
2026-02-26 08:00:00,11795,E2,demand,sd,sd:demand:11734,5186.39990234375,5131.118940429687,41982.0,61,14.3,4,0,0,4,10
2026-02-26 21:00:00,11808,E5,demand,fvg,fvg:demand:11807,5203.7998046875,5202.7998046875,,1,,0,0,0,10,10
2026-02-27 00:00:00,11810,E2,demand,sd,sd:demand:11734,5186.39990234375,5131.118940429687,41982.0,76,14.3,5,0,0,10,10
2026-02-27 10:00:00,11820,E2,demand,sd,sd:demand:11734,5186.39990234375,5131.118940429687,41982.0,86,14.3,6,1,0,3,3
2026-02-27 11:00:00,11821,E5,supply,fvg,fvg:supply:11818,5201.89990234375,5199.39990234375,,3,,0,0,1,2,2
2026-02-27 13:00:00,11823,E5,supply,fvg,fvg:supply:11784,5226.39990234375,5225.0,,39,,0,0,1,2,1
2026-02-27 15:00:00,11825,E4,supply,ob_swing,ob_swing:supply:11754,5269.39990234375,5241.0,,71,,0,0,1,5,6
2026-02-27 15:00:00,11825,E4,supply,ob_internal,ob_internal:supply:11754,5269.39990234375,5241.0,,71,,0,0,1,5,6
2026-02-27 21:00:00,11831,E5,demand,fvg,fvg:demand:11829,5258.2001953125,5254.5,,2,,0,1,0,1,1
2026-02-27 21:00:00,11831,E5,demand,fvg,fvg:demand:11830,5266.89990234375,5264.7998046875,,1,,0,1,0,1,1
2026-03-01 23:00:00,11832,E1,supply,sd,sd:supply:11400,5479.294946289063,5407.5,-67923.0,432,21.6,0,1,0,2,2
2026-03-01 23:00:00,11832,E5,supply,fvg,fvg:supply:11400,5418.2001953125,5345.7998046875,,432,,0,1,0,2,2
2026-03-02 00:00:00,11833,E5,demand,fvg,fvg:demand:11832,5354.2998046875,5283.7998046875,,1,,0,0,0,1,7
2026-03-02 01:00:00,11834,E5,demand,fvg,fvg:demand:11833,5353.89990234375,5299.0,,1,,0,1,0,6,6
2026-03-02 07:00:00,11840,E4,supply,ob_internal,ob_internal:supply:11404,5480.2001953125,5418.2001953125,,436,,0,1,0,7,7
2026-03-02 09:00:00,11842,E5,demand,fvg,fvg:demand:11841,5406.2998046875,5403.89990234375,,1,,0,0,1,5,5
2026-03-02 10:00:00,11843,E1,supply,sd,sd:supply:11400,5479.294946289063,5407.5,-67923.0,443,21.6,1,1,0,4,4
2026-03-02 10:00:00,11843,E5,demand,fvg,fvg:demand:11840,5398.89990234375,5380.0,,3,,0,0,1,4,4
2026-03-02 14:00:00,11847,E4,demand,ob_internal,ob_internal:demand:11840,5360.60009765625,5315.2998046875,,7,,0,0,1,2,2
2026-03-02 21:00:00,11854,E5,demand,fvg,fvg:demand:11853,5342.2001953125,5330.7998046875,,1,,0,0,1,8,8
2026-03-03 00:00:00,11856,E5,supply,fvg,fvg:supply:11848,5396.7998046875,5364.2998046875,,8,,0,1,0,6,6
2026-03-03 01:00:00,11857,E1,supply,sd,sd:supply:11848,5442.749970703125,5393.5,-62082.0,9,16.5,0,0,0,2,8
2026-03-03 07:00:00,11863,E5,supply,fvg,fvg:supply:11862,5373.0,5336.2001953125,,1,,0,1,0,2,2
2026-03-03 11:00:00,11867,E2,demand,sd,sd:demand:11824,5199.2998046875,5151.131826171875,48527.0,43,11.8,0,0,1,3,3
2026-03-03 11:00:00,11867,E2,demand,sd,sd:demand:11779,5214.7001953125,5161.561220703125,39352.0,88,9.6,1,0,1,3,3
2026-03-03 11:00:00,11867,E2,demand,sd,sd:demand:11734,5186.39990234375,5131.118940429687,41982.0,133,10.3,7,0,1,3,3
2026-03-03 11:00:00,11867,E2,demand,sd,sd:demand:11714,5084.5,5028.688041992187,32894.0,153,8.0,1,0,0,3,10
2026-03-03 11:00:00,11867,E5,demand,fvg,fvg:demand:11822,5199.60009765625,5197.2001953125,,45,,0,0,1,3,2
2026-03-03 11:00:00,11867,E5,demand,fvg,fvg:demand:11823,5203.5,5202.2001953125,,44,,0,0,1,3,1
2026-03-03 11:00:00,11867,E5,demand,fvg,fvg:demand:11824,5230.60009765625,5207.0,,43,,0,0,1,3,1
2026-03-03 15:00:00,11871,E2,demand,sd,sd:demand:11687,5016.7998046875,4954.30984375,31141.0,184,7.4,3,0,0,10,10
2026-03-03 16:00:00,11872,E5,supply,fvg,fvg:supply:11871,5137.2001953125,5107.39990234375,,1,,0,0,0,8,10
2026-03-04 03:00:00,11882,E5,demand,fvg,fvg:demand:11881,5162.60009765625,5149.5,,1,,0,0,0,3,10
2026-03-04 06:00:00,11885,E5,demand,fvg,fvg:demand:11880,5147.89990234375,5139.10009765625,,5,,0,0,0,10,10
2026-03-04 12:00:00,11891,E5,demand,fvg,fvg:demand:11890,5199.2998046875,5196.39990234375,,1,,0,0,1,3,2
2026-03-04 14:00:00,11893,E4,demand,ob_internal,ob_internal:demand:11889,5170.2998046875,5130.0,,4,,0,0,0,10,10
2026-03-05 05:00:00,11907,E5,demand,fvg,fvg:demand:11902,5170.39990234375,5156.2998046875,,5,,0,0,1,8,8
2026-03-05 09:00:00,11911,E5,supply,fvg,fvg:supply:11907,5187.2998046875,5185.89990234375,,4,,0,1,0,4,4
2026-03-05 13:00:00,11915,E4,demand,ob_internal,ob_internal:demand:11880,5139.10009765625,5092.7998046875,,35,,0,0,1,2,5
2026-03-05 15:00:00,11917,E2,demand,sd,sd:demand:11714,5084.5,5028.688041992187,32894.0,203,7.1,2,0,0,1,10
2026-03-06 01:00:00,11926,E5,supply,fvg,fvg:supply:11916,5171.5,5139.2001953125,,10,,0,1,0,10,10
2026-03-06 05:00:00,11930,E5,demand,fvg,fvg:demand:11927,5129.7998046875,5101.0,,3,,0,0,1,4,6
2026-03-06 08:00:00,11933,E5,supply,fvg,fvg:supply:11931,5135.0,5131.89990234375,,2,,0,0,1,7,7
2026-03-06 10:00:00,11935,E2,demand,sd,sd:demand:11714,5084.5,5028.688041992187,32894.0,221,7.1,3,0,0,1,5
2026-03-06 11:00:00,11936,E5,supply,fvg,fvg:supply:11935,5104.5,5102.0,,1,,0,0,1,2,2
2026-03-06 15:00:00,11940,E1,supply,sd,sd:supply:11916,5219.16587890625,5156.89990234375,-42963.0,24,10.1,0,0,0,4,8
2026-03-06 18:00:00,11943,E4,supply,ob_internal,ob_internal:supply:11915,5192.5,5162.7001953125,,28,,0,1,0,5,5
2026-03-06 20:00:00,11945,E5,demand,fvg,fvg:demand:11944,5165.2001953125,5162.7998046875,,1,,0,0,1,2,2
2026-03-08 23:00:00,11948,E2,demand,sd,sd:demand:11939,5109.60009765625,5046.343120117188,37384.0,9,8.8,0,0,0,1,10
2026-03-08 23:00:00,11948,E2,demand,sd,sd:demand:11714,5084.5,5028.688041992187,32894.0,234,7.7,4,0,0,1,10
2026-03-08 23:00:00,11948,E4,demand,ob_swing,ob_swing:demand:11943,5109.60009765625,5071.0,,5,,0,0,1,1,2
2026-03-08 23:00:00,11948,E4,demand,ob_internal,ob_internal:demand:11943,5109.60009765625,5071.0,,5,,0,0,1,1,2
2026-03-09 01:00:00,11950,E5,supply,fvg,fvg:supply:11949,5113.5,5088.89990234375,,1,,0,0,0,4,10
2026-03-09 05:00:00,11954,E5,supply,fvg,fvg:supply:11948,5158.7001953125,5145.5,,6,,0,0,0,10,10
2026-03-09 07:00:00,11956,E5,demand,fvg,fvg:demand:11955,5103.60009765625,5103.39990234375,,1,,0,0,0,7,10
2026-03-09 10:00:00,11959,E2,demand,sd,sd:demand:11939,5109.60009765625,5046.343120117188,37384.0,20,8.8,1,0,0,10,10
2026-03-09 13:00:00,11962,E2,demand,sd,sd:demand:11714,5084.5,5028.688041992187,32894.0,248,7.7,5,1,0,6,6
2026-03-09 20:00:00,11969,E1,supply,sd,sd:supply:11916,5219.16587890625,5156.89990234375,-42963.0,53,10.2,1,0,0,4,10
2026-03-09 22:00:00,11970,E4,supply,ob_swing,ob_swing:supply:11949,5185.0,5158.7001953125,,21,,0,0,0,3,10
2026-03-09 22:00:00,11970,E4,supply,ob_internal,ob_internal:supply:11949,5185.0,5158.7001953125,,21,,0,0,0,3,10
2026-03-09 22:00:00,11970,E5,demand,fvg,fvg:demand:11968,5128.2998046875,5115.5,,2,,0,0,0,10,10
2026-03-09 22:00:00,11970,E5,demand,fvg,fvg:demand:11969,5143.7001953125,5136.7001953125,,1,,0,0,0,10,10
2026-03-10 01:00:00,11973,E4,supply,ob_swing,ob_swing:supply:11916,5204.2998046875,5187.2998046875,,57,,0,0,0,10,10
2026-03-10 03:00:00,11975,E5,demand,fvg,fvg:demand:11974,5172.10009765625,5151.10009765625,,1,,0,1,0,10,10
2026-03-10 07:00:00,11979,E5,demand,fvg,fvg:demand:11978,5180.7001953125,5175.2998046875,,1,,0,1,0,8,8
2026-03-10 12:00:00,11984,E4,supply,ob_swing,ob_swing:supply:11916,5204.2998046875,5187.2998046875,,68,,1,0,1,1,1
2026-03-10 13:00:00,11985,E5,supply,fvg,fvg:supply:11868,5246.10009765625,5236.89990234375,,117,,0,0,0,2,10
2026-03-10 18:00:00,11990,E2,demand,sd,sd:demand:11986,5201.10009765625,5135.01912109375,46438.0,4,11.7,0,0,0,10,10
2026-03-10 18:00:00,11990,E5,demand,fvg,fvg:demand:11988,5232.2001953125,5224.0,,2,,0,0,1,10,1
2026-03-11 00:00:00,11995,E5,supply,fvg,fvg:supply:11991,5232.60009765625,5216.5,,4,,0,0,0,10,10
2026-03-11 02:00:00,11997,E5,demand,fvg,fvg:demand:11996,5215.89990234375,5206.0,,1,,0,0,1,3,10
2026-03-11 05:00:00,12000,E2,demand,sd,sd:demand:11986,5201.10009765625,5135.01912109375,46438.0,14,11.7,1,0,0,3,10
2026-03-11 11:00:00,12006,E4,demand,ob_internal,ob_internal:demand:11985,5193.2998046875,5165.60009765625,,21,,0,0,1,2,10
2026-03-12 00:00:00,12018,E5,supply,fvg,fvg:supply:12017,5182.89990234375,5163.89990234375,,1,,0,0,0,7,10
2026-03-12 07:00:00,12025,E4,supply,ob_internal,ob_internal:supply:12016,5204.2998046875,5181.7998046875,,9,,0,1,0,8,8
2026-03-12 09:00:00,12027,E5,demand,fvg,fvg:demand:12026,5181.39990234375,5176.2001953125,,1,,0,0,1,3,4
2026-03-12 12:00:00,12030,E5,demand,fvg,fvg:demand:12025,5170.2998046875,5162.5,,5,,0,0,1,1,3
2026-03-12 13:00:00,12031,E4,demand,ob_internal,ob_internal:demand:12025,5162.5,5142.0,,6,,0,0,1,2,2
2026-03-12 15:00:00,12033,E2,demand,sd,sd:demand:11965,5119.5,5054.011015625,33578.0,68,8.5,0,0,0,2,10
2026-03-12 17:00:00,12035,E2,demand,sd,sd:demand:11939,5109.60009765625,5046.343120117188,37384.0,96,8.9,2,0,0,2,10
2026-03-12 17:00:00,12035,E4,demand,ob_swing,ob_swing:demand:11968,5124.7001953125,5066.89990234375,,67,,0,0,0,2,10
2026-03-12 17:00:00,12035,E4,demand,ob_internal,ob_internal:demand:11968,5124.7001953125,5066.89990234375,,67,,0,0,0,2,10
2026-03-12 19:00:00,12037,E2,demand,sd,sd:demand:11714,5084.5,5028.688041992187,32894.0,323,7.9,6,0,0,1,10
2026-03-12 23:00:00,12040,E5,supply,fvg,fvg:supply:12037,5109.0,5102.89990234375,,3,,0,0,1,2,3
2026-03-13 01:00:00,12042,E5,supply,fvg,fvg:supply:12036,5126.7998046875,5119.5,,6,,0,1,0,6,6
2026-03-13 02:00:00,12043,E2,demand,sd,sd:demand:11965,5119.5,5054.011015625,33578.0,78,8.0,1,0,0,4,10
2026-03-13 03:00:00,12044,E5,demand,fvg,fvg:demand:12042,5111.39990234375,5104.39990234375,,2,,0,0,1,3,4
2026-03-13 04:00:00,12045,E2,demand,sd,sd:demand:11939,5109.60009765625,5046.343120117188,37384.0,106,8.9,3,0,0,3,10
2026-03-13 06:00:00,12047,E5,demand,fvg,fvg:demand:12041,5100.39990234375,5099.2998046875,,6,,0,0,1,2,1
2026-03-13 07:00:00,12048,E2,demand,sd,sd:demand:11714,5084.5,5028.688041992187,32894.0,334,7.9,7,0,0,1,10
2026-03-13 09:00:00,12050,E5,supply,fvg,fvg:supply:12048,5100.60009765625,5098.2998046875,,2,,0,0,1,3,3
2026-03-13 13:00:00,12054,E2,demand,sd,sd:demand:11965,5119.5,5054.011015625,33578.0,89,8.0,2,0,1,1,2
2026-03-13 13:00:00,12054,E5,demand,fvg,fvg:demand:12053,5109.7998046875,5103.39990234375,,1,,0,0,1,1,1
2026-03-13 19:00:00,12060,E2,demand,sd,sd:demand:11687,5016.7998046875,4954.30984375,31141.0,373,7.6,4,0,0,3,10
2026-03-15 23:00:00,12063,E4,demand,ob_swing,ob_swing:demand:11678,5007.7998046875,4971.5,,385,,2,0,0,10,10
2026-03-15 23:00:00,12063,E4,demand,ob_internal,ob_internal:demand:11678,5007.7998046875,4971.5,,385,,2,0,0,10,10
2026-03-15 23:00:00,12063,E4,demand,ob_internal,ob_internal:demand:11701,5017.2001953125,4999.2998046875,,362,,0,0,0,10,10
2026-03-15 23:00:00,12063,E4,demand,ob_swing,ob_swing:demand:11703,5008.7998046875,4994.0,,360,,0,0,0,10,10
2026-03-15 23:00:00,12063,E5,supply,fvg,fvg:supply:12061,5040.7001953125,5030.0,,2,,0,0,0,1,10
2026-03-16 06:00:00,12070,E2,demand,sd,sd:demand:11687,5016.7998046875,4954.30984375,31141.0,383,6.4,5,0,0,2,10
2026-03-16 11:00:00,12075,E5,supply,fvg,fvg:supply:12072,5008.5,5008.0,,3,,0,0,1,1,2
2026-03-16 14:00:00,12078,E4,demand,ob_internal,ob_internal:demand:12077,5005.2998046875,4973.5,,1,,0,0,0,10,10
2026-03-16 14:00:00,12078,E5,demand,fvg,fvg:demand:12075,4996.7998046875,4995.60009765625,,3,,0,0,0,10,10
2026-03-16 18:00:00,12082,E5,supply,fvg,fvg:supply:12079,5018.7998046875,5010.89990234375,,3,,0,0,1,9,9
2026-03-16 19:00:00,12083,E2,demand,sd,sd:demand:11687,5016.7998046875,4954.30984375,31141.0,396,6.4,6,0,0,10,10
2026-03-16 20:00:00,12084,E5,demand,fvg,fvg:demand:12083,5014.0,5009.60009765625,,1,,0,0,0,10,10
2026-03-17 06:00:00,12093,E2,demand,sd,sd:demand:11687,5016.7998046875,4954.30984375,31141.0,406,6.4,7,0,0,9,10
2026-03-17 06:00:00,12093,E5,demand,fvg,fvg:demand:12089,5024.10009765625,5019.2998046875,,4,,0,0,1,9,4
2026-03-17 07:00:00,12094,E5,supply,fvg,fvg:supply:12093,5030.10009765625,5027.0,,1,,0,1,0,8,8
2026-03-17 10:00:00,12097,E4,demand,ob_internal,ob_internal:demand:12077,5005.2998046875,4973.5,,20,,1,0,0,5,10
2026-03-17 12:00:00,12099,E5,supply,fvg,fvg:supply:12097,5022.2998046875,5020.7001953125,,2,,0,0,0,10,10
2026-03-17 22:00:00,12108,E4,demand,ob_internal,ob_internal:demand:12077,5005.2998046875,4973.5,,31,,2,0,0,10,10
2026-03-18 05:00:00,12115,E4,supply,ob_internal,ob_internal:supply:12112,5022.0,4994.2998046875,,3,,0,0,0,1,5
2026-03-18 07:00:00,12117,E5,demand,fvg,fvg:demand:12116,4999.60009765625,4997.0,,1,,0,0,1,3,3
2026-03-18 08:00:00,12118,E4,demand,ob_internal,ob_internal:demand:12116,4997.0,4984.89990234375,,2,,0,0,1,2,2
2026-03-18 10:00:00,12120,E5,demand,fvg,fvg:demand:11662,4962.89990234375,4938.2001953125,,458,,0,0,1,1,2
2026-03-18 11:00:00,12121,E2,demand,sd,sd:demand:11663,4938.2001953125,4865.444223632812,27660.0,458,5.7,0,0,1,1,2
2026-03-18 11:00:00,12121,E4,demand,ob_internal,ob_internal:demand:11661,4938.2001953125,4925.89990234375,,460,,0,0,1,1,1
2026-03-18 12:00:00,12122,E4,demand,ob_internal,ob_internal:demand:11500,4921.60009765625,4841.0,,622,,1,0,1,1,8
2026-03-18 12:00:00,12122,E4,demand,ob_internal,ob_internal:demand:11652,4902.2001953125,4868.5,,470,,0,0,1,1,1
2026-03-18 12:00:00,12122,E5,demand,fvg,fvg:demand:11651,4904.60009765625,4901.2001953125,,471,,0,0,1,1,1
2026-03-18 12:00:00,12122,E5,demand,fvg,fvg:demand:11652,4922.7001953125,4911.7001953125,,470,,0,0,1,1,1
2026-03-18 14:00:00,12124,E5,supply,fvg,fvg:supply:12123,4928.0,4889.2001953125,,1,,0,0,0,3,6
2026-03-18 18:00:00,12128,E5,demand,fvg,fvg:demand:12127,4888.10009765625,4883.60009765625,,1,,0,0,1,2,1
2026-03-18 20:00:00,12130,E2,demand,sd,sd:demand:11490,4815.89990234375,4705.680952148437,39048.0,640,7.3,0,0,0,9,10
2026-03-18 20:00:00,12130,E5,demand,fvg,fvg:demand:11491,4816.7001953125,4803.39990234375,,639,,0,0,1,9,9
2026-03-19 01:00:00,12134,E5,supply,fvg,fvg:supply:12130,4856.2001953125,4852.10009765625,,4,,0,1,0,5,5
2026-03-19 02:00:00,12135,E4,supply,ob_internal,ob_internal:supply:12130,4904.5,4856.2001953125,,5,,0,1,0,4,4
2026-03-19 06:00:00,12139,E4,demand,ob_swing,ob_swing:demand:11502,4803.39990234375,4710.0,,637,,0,0,1,1,4
2026-03-19 12:00:00,12145,E2,demand,sd,sd:demand:11141,4597.2998046875,4560.46181640625,72017.0,1004,14.4,5,0,1,1,1
2026-03-19 12:00:00,12145,E4,demand,ob_swing,ob_swing:demand:11218,4603.89990234375,4570.7998046875,,927,,0,0,1,1,1
2026-03-19 12:00:00,12145,E4,demand,ob_internal,ob_internal:demand:11218,4603.89990234375,4570.7998046875,,927,,0,0,1,1,1
2026-03-19 13:00:00,12146,E5,demand,fvg,fvg:demand:11103,4531.39990234375,4518.7998046875,,1043,,0,0,0,2,10
2026-03-19 14:00:00,12147,E5,supply,fvg,fvg:supply:12146,4652.39990234375,4625.0,,1,,0,0,0,5,10
2026-03-19 19:00:00,12152,E5,supply,fvg,fvg:supply:12145,4669.39990234375,4657.0,,7,,0,0,1,5,7
2026-03-19 22:00:00,12154,E5,demand,fvg,fvg:demand:12153,4646.0,4626.2998046875,,1,,0,1,0,5,5
2026-03-20 05:00:00,12161,E5,demand,fvg,fvg:demand:12160,4715.5,4704.5,,1,,0,0,1,5,1
2026-03-20 06:00:00,12162,E5,demand,fvg,fvg:demand:12158,4672.2001953125,4666.60009765625,,4,,0,0,1,7,7
2026-03-20 07:00:00,12163,E5,supply,fvg,fvg:supply:12162,4715.5,4702.60009765625,,1,,0,1,0,6,6
2026-03-20 11:00:00,12167,E5,supply,fvg,fvg:supply:12166,4685.2001953125,4670.5,,1,,0,1,0,3,3
2026-03-20 13:00:00,12169,E2,demand,sd,sd:demand:12153,4628.0,4573.756987304688,38847.0,16,7.7,0,0,1,1,5
2026-03-20 14:00:00,12170,E2,demand,sd,sd:demand:11141,4597.2998046875,4560.46181640625,72017.0,1029,14.2,6,0,1,4,4
2026-03-20 16:00:00,12172,E5,supply,fvg,fvg:supply:12171,4613.10009765625,4582.39990234375,,1,,0,1,0,2,2
2026-03-20 18:00:00,12174,E2,demand,sd,sd:demand:11096,4489.60009765625,4450.165112304688,68152.0,1078,13.1,0,0,1,5,5
2026-03-20 18:00:00,12174,E4,demand,ob_internal,ob_internal:demand:11103,4521.5,4491.39990234375,,1071,,0,0,1,5,5
2026-03-22 22:00:00,12177,E5,supply,fvg,fvg:supply:12175,4556.7001953125,4518.7001953125,,2,,0,1,0,2,2
2026-03-22 23:00:00,12178,E4,demand,ob_swing,ob_swing:demand:11095,4478.7998046875,4461.7998046875,,1083,,0,0,1,1,1
2026-03-22 23:00:00,12178,E4,demand,ob_internal,ob_internal:demand:11095,4478.7998046875,4461.7998046875,,1083,,0,0,1,1,1
2026-03-23 00:00:00,12179,E2,demand,sd,sd:demand:11074,4444.5,4403.505991210937,54221.0,1105,10.4,0,0,1,6,1
2026-03-23 00:00:00,12179,E2,demand,sd,sd:demand:11004,4433.0,4394.32798828125,58775.0,1175,11.3,2,0,1,6,1
2026-03-23 00:00:00,12179,E2,demand,sd,sd:demand:10990,4342.7001953125,4303.817192382812,31969.0,1189,6.2,0,0,1,6,6
2026-03-23 00:00:00,12179,E5,demand,fvg,fvg:demand:10988,4363.2998046875,4341.39990234375,,1191,,0,0,1,6,6
2026-03-23 00:00:00,12179,E5,demand,fvg,fvg:demand:10989,4379.2998046875,4342.7001953125,,1190,,0,0,1,6,6
2026-03-23 05:00:00,12184,E2,demand,sd,sd:demand:10752,4311.60009765625,4277.929135742187,63073.0,1432,14.0,1,0,1,1,1
2026-03-23 06:00:00,12185,E2,demand,sd,sd:demand:10701,4301.60009765625,4259.489130859375,39845.0,1484,8.9,3,0,1,1,1
2026-03-23 06:00:00,12185,E2,demand,sd,sd:demand:10683,4246.7001953125,4199.610219726563,45496.0,1502,10.1,0,0,1,1,1
2026-03-23 06:00:00,12185,E2,demand,sd,sd:demand:10633,4213.60009765625,4148.289096679688,26529.0,1552,5.9,1,0,0,1,5
2026-03-23 06:00:00,12185,E4,demand,ob_internal,ob_internal:demand:10665,4249.0,4207.7998046875,,1520,,1,0,1,1,1
2026-03-23 06:00:00,12185,E4,demand,ob_swing,ob_swing:demand:10666,4249.0,4207.7998046875,,1519,,1,0,1,1,1
2026-03-23 06:00:00,12185,E5,demand,fvg,fvg:demand:10684,4253.89990234375,4250.7998046875,,1501,,0,0,1,1,1
2026-03-23 06:00:00,12185,E5,demand,fvg,fvg:demand:10685,4278.89990234375,4273.39990234375,,1500,,0,0,1,1,1
2026-03-23 07:00:00,12186,E2,demand,sd,sd:demand:10522,4223.5,4162.266994628906,45472.0,1664,10.3,11,1,0,4,4
2026-03-23 08:00:00,12187,E5,supply,fvg,fvg:supply:12186,4305.5,4233.7998046875,,1,,0,0,1,3,3
2026-03-23 09:00:00,12188,E2,demand,sd,sd:demand:10569,4231.60009765625,4166.031110839844,40579.0,1619,8.5,8,1,0,2,2
2026-03-23 11:00:00,12190,E1,supply,sd,sd:supply:12186,4417.180200195313,4353.2001953125,-77987.0,4,16.1,0,0,1,1,1
2026-03-23 11:00:00,12190,E5,supply,fvg,fvg:supply:12185,4353.2001953125,4317.10009765625,,5,,0,0,1,1,1
2026-03-23 12:00:00,12191,E5,supply,fvg,fvg:supply:12179,4490.0,4474.7998046875,,12,,0,0,0,10,10
2026-03-23 17:00:00,12196,E5,supply,fvg,fvg:supply:12195,4455.89990234375,4394.0,,1,,0,0,0,10,10
2026-03-23 19:00:00,12198,E5,demand,fvg,fvg:demand:12197,4404.7998046875,4394.0,,1,,0,0,1,5,5
2026-03-24 00:00:00,12202,E5,demand,fvg,fvg:demand:12191,4338.0,4283.0,,11,,0,0,0,10,10
2026-03-24 00:00:00,12202,E5,demand,fvg,fvg:demand:12201,4424.0,4416.10009765625,,1,,0,0,1,10,1
2026-03-24 02:00:00,12204,E5,supply,fvg,fvg:supply:12203,4424.0,4376.89990234375,,1,,0,0,0,8,10
2026-03-24 07:00:00,12209,E4,supply,ob_internal,ob_internal:supply:12203,4469.5,4404.7998046875,,6,,0,0,0,10,10
2026-03-24 08:00:00,12210,E5,demand,fvg,fvg:demand:12209,4401.0,4375.39990234375,,1,,0,0,0,5,10
2026-03-24 17:00:00,12219,E5,demand,fvg,fvg:demand:12217,4396.5,4390.7001953125,,2,,0,1,0,5,5
2026-03-25 03:00:00,12228,E5,demand,fvg,fvg:demand:12227,4578.2998046875,4572.7998046875,,1,,0,0,1,9,9
2026-03-25 06:00:00,12231,E5,demand,fvg,fvg:demand:12225,4540.5,4492.2998046875,,6,,0,0,0,10,10
2026-03-25 07:00:00,12232,E5,supply,fvg,fvg:supply:12231,4563.89990234375,4556.10009765625,,1,,0,0,0,4,10
2026-03-25 11:00:00,12236,E5,supply,fvg,fvg:supply:12229,4578.2998046875,4573.2001953125,,7,,0,1,0,8,8
2026-03-25 20:00:00,12245,E1,supply,sd,sd:supply:12243,4612.0221875,4531.2001953125,-54795.0,2,12.4,0,1,0,9,9
2026-03-25 20:00:00,12245,E5,supply,fvg,fvg:supply:12244,4540.7998046875,4537.2998046875,,1,,0,1,0,9,9
2026-03-26 02:00:00,12250,E5,demand,fvg,fvg:demand:12249,4518.7001953125,4515.2001953125,,1,,0,0,1,3,3
2026-03-26 04:00:00,12252,E5,supply,fvg,fvg:supply:12251,4518.7001953125,4515.0,,1,,0,1,0,1,1
2026-03-26 05:00:00,12253,E5,demand,fvg,fvg:demand:12223,4458.2001953125,4411.89990234375,,30,,0,0,0,10,10
2026-03-26 06:00:00,12254,E2,demand,sd,sd:demand:12223,4427.60009765625,4349.036108398437,20900.0,31,4.7,0,0,0,2,10
2026-03-26 07:00:00,12255,E5,supply,fvg,fvg:supply:12254,4508.0,4456.39990234375,,1,,0,1,0,9,9
2026-03-26 08:00:00,12256,E4,demand,ob_internal,ob_internal:demand:12222,4427.60009765625,4372.2001953125,,34,,0,0,0,8,10
2026-03-26 10:00:00,12258,E5,supply,fvg,fvg:supply:12257,4434.2998046875,4434.10009765625,,1,,0,0,1,4,4
2026-03-26 15:00:00,12263,E2,demand,sd,sd:demand:12262,4453.10009765625,4370.191098632812,56748.0,1,12.8,0,0,0,1,10
2026-03-26 16:00:00,12264,E2,demand,sd,sd:demand:12223,4427.60009765625,4349.036108398437,20900.0,41,4.7,1,0,0,10,10
2026-03-26 17:00:00,12265,E4,demand,ob_swing,ob_swing:demand:12224,4380.10009765625,4306.2998046875,,41,,0,0,0,10,10
2026-03-26 20:00:00,12268,E1,supply,sd,sd:supply:12257,4494.360102539063,4412.10009765625,-30316.0,11,7.2,0,0,0,5,10
2026-03-26 20:00:00,12268,E5,supply,fvg,fvg:supply:12265,4429.7998046875,4398.5,,3,,0,0,1,5,10
2026-03-27 04:00:00,12275,E2,demand,sd,sd:demand:12223,4427.60009765625,4349.036108398437,20900.0,52,4.9,2,1,0,10,10
2026-03-27 04:00:00,12275,E4,supply,ob_internal,ob_internal:supply:12264,4476.60009765625,4433.7001953125,,11,,0,0,1,3,10
2026-03-27 07:00:00,12278,E5,demand,fvg,fvg:demand:12277,4446.0,4444.2001953125,,1,,0,0,0,3,7
2026-03-27 14:00:00,12285,E1,supply,sd,sd:supply:12243,4612.0221875,4531.2001953125,-54795.0,42,12.9,1,0,0,1,9
2026-03-27 14:00:00,12285,E4,supply,ob_internal,ob_internal:supply:12253,4541.60009765625,4518.7001953125,,32,,0,0,1,1,1
2026-03-27 17:00:00,12288,E5,demand,fvg,fvg:demand:12286,4531.60009765625,4471.2001953125,,2,,0,0,0,5,10
2026-03-30 01:00:00,12295,E5,supply,fvg,fvg:supply:12294,4506.2998046875,4494.2001953125,,1,,0,0,1,2,2
2026-03-30 03:00:00,12297,E1,supply,sd,sd:supply:12243,4612.0221875,4531.2001953125,-54795.0,54,12.4,2,0,0,3,10
2026-03-30 07:00:00,12301,E5,demand,fvg,fvg:demand:12300,4545.7001953125,4528.5,,1,,0,0,0,10,10
2026-03-30 13:00:00,12307,E4,demand,ob_internal,ob_internal:demand:12305,4562.7998046875,4543.2998046875,,2,,0,0,0,10,10
2026-03-30 13:00:00,12307,E5,demand,fvg,fvg:demand:12306,4574.60009765625,4569.2001953125,,1,,0,0,1,10,5
2026-03-30 15:00:00,12309,E5,supply,fvg,fvg:supply:12308,4574.60009765625,4571.89990234375,,1,,0,0,1,9,9
2026-03-30 19:00:00,12313,E1,supply,sd,sd:supply:12243,4612.0221875,4531.2001953125,-54795.0,70,12.4,3,0,1,4,5
2026-03-31 00:00:00,12317,E4,supply,ob_internal,ob_internal:supply:12312,4611.39990234375,4553.89990234375,,5,,0,0,1,1,1
2026-03-31 00:00:00,12317,E5,supply,fvg,fvg:supply:12312,4560.10009765625,4553.10009765625,,5,,0,0,1,1,1
2026-03-31 01:00:00,12318,E5,supply,fvg,fvg:supply:12170,4662.7998046875,4623.2001953125,,148,,0,1,0,9,9
2026-03-31 03:00:00,12320,E5,demand,fvg,fvg:demand:12319,4595.7001953125,4577.2998046875,,1,,0,0,0,10,10
2026-03-31 10:00:00,12327,E4,demand,ob_swing,ob_swing:demand:12318,4577.2998046875,4510.0,,9,,0,1,0,3,3
2026-03-31 10:00:00,12327,E4,demand,ob_internal,ob_internal:demand:12318,4577.2998046875,4510.0,,9,,0,1,0,3,3
2026-03-31 10:00:00,12327,E5,demand,fvg,fvg:demand:12318,4560.89990234375,4550.10009765625,,9,,0,1,0,3,3
2026-03-31 13:00:00,12330,E5,demand,fvg,fvg:demand:12329,4599.39990234375,4591.60009765625,,1,,0,1,0,6,6
2026-03-31 16:00:00,12333,E1,supply,sd,sd:supply:12171,4718.852807617188,4662.7998046875,-62735.0,162,14.8,0,0,0,3,10
2026-03-31 18:00:00,12335,E4,supply,ob_internal,ob_internal:supply:12170,4738.2001953125,4694.39990234375,,165,,0,0,0,5,10
2026-03-31 18:00:00,12335,E4,supply,ob_swing,ob_swing:supply:12174,4738.2001953125,4694.39990234375,,161,,0,0,0,5,10
2026-04-01 00:00:00,12340,E5,supply,fvg,fvg:supply:12141,4749.0,4742.2001953125,,199,,0,0,0,7,10
2026-04-01 11:00:00,12351,E5,supply,fvg,fvg:supply:12140,4828.10009765625,4786.0,,211,,0,0,0,4,10
2026-04-01 17:00:00,12357,E5,demand,fvg,fvg:demand:12356,4802.10009765625,4796.7998046875,,1,,0,0,1,1,7
2026-04-01 18:00:00,12358,E2,demand,sd,sd:demand:12355,4782.0,4696.21599609375,36541.0,3,9.1,0,0,1,6,10
2026-04-01 18:00:00,12358,E5,demand,fvg,fvg:demand:12355,4785.2001953125,4776.7998046875,,3,,0,0,1,6,6
2026-04-02 01:00:00,12364,E5,demand,fvg,fvg:demand:12335,4684.10009765625,4682.7001953125,,29,,0,0,1,1,4
2026-04-02 01:00:00,12364,E5,demand,fvg,fvg:demand:12346,4708.89990234375,4707.7001953125,,18,,0,0,1,1,4
2026-04-02 01:00:00,12364,E5,demand,fvg,fvg:demand:12347,4735.60009765625,4730.0,,17,,0,0,1,1,1
2026-04-02 01:00:00,12364,E5,demand,fvg,fvg:demand:12362,4798.5,4797.2001953125,,2,,0,0,1,1,1
2026-04-02 05:00:00,12368,E2,demand,sd,sd:demand:12334,4662.0,4571.8579931640625,36706.0,34,9.0,0,0,0,1,9
2026-04-02 05:00:00,12368,E5,demand,fvg,fvg:demand:12334,4667.0,4655.7998046875,,34,,0,0,1,1,1
2026-04-02 07:00:00,12370,E5,supply,fvg,fvg:supply:12369,4683.7998046875,4635.60009765625,,1,,0,0,1,7,7
2026-04-02 09:00:00,12372,E5,demand,fvg,fvg:demand:12371,4641.60009765625,4635.60009765625,,1,,0,0,0,4,5
2026-04-02 17:00:00,12380,E4,demand,ob_internal,ob_internal:demand:12377,4679.10009765625,4605.5,,3,,0,0,0,4,10
2026-04-05 22:00:00,12384,E2,demand,sd,sd:demand:12377,4656.7998046875,4571.480805664062,44511.0,7,10.7,0,0,0,1,10
2026-04-05 22:00:00,12384,E2,demand,sd,sd:demand:12334,4662.0,4571.8579931640625,36706.0,50,8.8,1,0,0,1,10
2026-04-05 22:00:00,12384,E5,demand,fvg,fvg:demand:12377,4657.60009765625,4656.5,,7,,0,0,0,1,10
2026-04-06 02:00:00,12388,E5,supply,fvg,fvg:supply:12385,4690.39990234375,4678.39990234375,,3,,0,0,1,5,7
2026-04-06 05:00:00,12391,E4,demand,ob_internal,ob_internal:demand:12377,4679.10009765625,4605.5,,14,,1,0,0,10,10
2026-04-06 06:00:00,12392,E4,supply,ob_internal,ob_internal:supply:12385,4708.60009765625,4687.7998046875,,7,,0,0,0,3,10
2026-04-06 06:00:00,12392,E5,demand,fvg,fvg:demand:12391,4677.5,4673.5,,1,,0,0,0,10,10
2026-04-06 09:00:00,12395,E5,supply,fvg,fvg:supply:12365,4800.0,4732.2001953125,,30,,0,0,0,10,10
2026-04-06 10:00:00,12396,E5,demand,fvg,fvg:demand:12395,4717.0,4714.2998046875,,1,,0,0,1,5,5
2026-04-06 11:00:00,12397,E5,demand,fvg,fvg:demand:12394,4704.7001953125,4693.2998046875,,3,,0,0,0,6,10
2026-04-06 20:00:00,12406,E4,demand,ob_internal,ob_internal:demand:12377,4679.10009765625,4605.5,,29,,2,0,0,4,10
2026-04-07 01:00:00,12410,E2,demand,sd,sd:demand:12377,4656.7998046875,4571.480805664062,44511.0,33,10.7,1,1,0,7,7
2026-04-07 01:00:00,12410,E2,demand,sd,sd:demand:12334,4662.0,4571.8579931640625,36706.0,76,8.8,2,1,0,7,7
2026-04-07 01:00:00,12410,E4,demand,ob_internal,ob_internal:demand:12393,4655.7001953125,4626.2001953125,,17,,0,1,0,7,7
2026-04-07 02:00:00,12411,E4,supply,ob_internal,ob_internal:supply:12410,4694.89990234375,4675.60009765625,,1,,0,0,1,6,7
2026-04-07 07:00:00,12416,E4,demand,ob_internal,ob_internal:demand:12377,4679.10009765625,4605.5,,39,,3,0,0,7,10
2026-04-07 10:00:00,12419,E4,demand,ob_internal,ob_internal:demand:12417,4692.0,4641.39990234375,,2,,0,0,0,4,9
2026-04-07 11:00:00,12420,E2,demand,sd,sd:demand:12377,4656.7998046875,4571.480805664062,44511.0,43,10.7,2,0,0,3,8
2026-04-07 11:00:00,12420,E2,demand,sd,sd:demand:12334,4662.0,4571.8579931640625,36706.0,86,8.8,3,0,0,3,8
2026-04-07 22:00:00,12430,E1,supply,sd,sd:supply:12366,4885.728999023438,4800.0,-37630.0,64,9.0,0,0,0,2,10
2026-04-07 22:00:00,12430,E1,supply,sd,sd:supply:12140,4894.13009765625,4842.60009765625,-33174.0,290,8.0,0,0,0,2,10
2026-04-07 22:00:00,12430,E4,supply,ob_internal,ob_internal:supply:12139,4868.7001953125,4833.7001953125,,291,,0,0,0,2,10
2026-04-07 22:00:00,12430,E5,supply,fvg,fvg:supply:12139,4847.0,4844.2001953125,,291,,0,0,1,2,2
2026-04-07 23:00:00,12431,E4,supply,ob_internal,ob_internal:supply:12130,4904.5,4856.2001953125,,301,,1,0,0,10,10
2026-04-08 00:00:00,12432,E5,supply,fvg,fvg:supply:12129,4888.10009765625,4868.89990234375,,303,,0,0,0,10,10
2026-04-08 01:00:00,12433,E5,demand,fvg,fvg:demand:12431,4828.2998046875,4743.7001953125,,2,,0,0,0,9,10
2026-04-08 04:00:00,12436,E1,supply,sd,sd:supply:12434,4895.9118359375,4828.2998046875,-35404.0,2,8.5,0,0,0,1,10
2026-04-08 07:00:00,12439,E5,demand,fvg,fvg:demand:12438,4846.2001953125,4836.10009765625,,1,,0,0,1,2,2
2026-04-08 16:00:00,12448,E5,supply,fvg,fvg:supply:12447,4792.7998046875,4788.7998046875,,1,,0,1,0,7,7
2026-04-08 19:00:00,12451,E5,demand,fvg,fvg:demand:12429,4723.0,4712.7001953125,,22,,0,0,0,4,10
2026-04-09 10:00:00,12465,E5,supply,fvg,fvg:supply:12450,4770.89990234375,4769.7998046875,,15,,0,0,1,3,3
2026-04-09 12:00:00,12467,E5,demand,fvg,fvg:demand:12466,4762.89990234375,4758.5,,1,,0,1,0,3,3
2026-04-09 13:00:00,12468,E1,supply,sd,sd:supply:12366,4885.728999023438,4800.0,-37630.0,102,9.0,1,0,0,2,10
2026-04-09 18:00:00,12473,E5,demand,fvg,fvg:demand:12471,4808.7998046875,4801.7998046875,,2,,0,0,1,7,5
2026-04-09 20:00:00,12475,E2,demand,sd,sd:demand:12470,4785.0,4721.374985351563,38724.0,5,9.4,0,0,0,5,10
2026-04-09 22:00:00,12476,E5,supply,fvg,fvg:supply:12474,4810.89990234375,4806.89990234375,,2,,0,0,0,10,10
2026-04-10 01:00:00,12479,E1,supply,sd,sd:supply:12366,4885.728999023438,4800.0,-37630.0,113,9.1,2,0,0,10,10
2026-04-10 09:00:00,12487,E5,supply,fvg,fvg:supply:12485,4781.2998046875,4781.2001953125,,2,,0,0,1,3,3
2026-04-10 12:00:00,12490,E1,supply,sd,sd:supply:12366,4885.728999023438,4800.0,-37630.0,124,9.1,3,0,0,2,9
2026-04-10 12:00:00,12490,E2,demand,sd,sd:demand:12470,4785.0,4721.374985351563,38724.0,20,9.4,1,0,1,4,9
2026-04-10 16:00:00,12494,E2,demand,sd,sd:demand:12491,4776.5,4715.977983398438,29514.0,3,7.6,0,0,1,4,5
2026-04-10 17:00:00,12495,E5,supply,fvg,fvg:supply:12494,4791.7001953125,4790.7001953125,,1,,0,1,0,4,4
2026-04-10 20:00:00,12498,E4,demand,ob_internal,ob_internal:demand:12490,4776.5,4752.7001953125,,8,,0,0,1,1,1
2026-04-12 22:00:00,12499,E4,demand,ob_internal,ob_internal:demand:12428,4687.39990234375,4631.89990234375,,71,,0,1,0,3,3
2026-04-12 22:00:00,12499,E4,demand,ob_swing,ob_swing:demand:12429,4687.39990234375,4631.89990234375,,70,,0,1,0,3,3
2026-04-13 00:00:00,12501,E5,supply,fvg,fvg:supply:12499,4782.0,4707.39990234375,,2,,0,0,0,1,10
2026-04-13 00:00:00,12501,E5,supply,fvg,fvg:supply:12500,4764.0,4694.2001953125,,1,,0,0,0,1,10
2026-04-13 04:00:00,12505,E5,demand,fvg,fvg:demand:12503,4732.5,4721.0,,2,,0,0,0,10,10
2026-04-13 18:00:00,12519,E5,demand,fvg,fvg:demand:12518,4748.39990234375,4743.10009765625,,1,,0,0,0,10,10
2026-04-14 00:00:00,12524,E4,supply,ob_swing,ob_swing:supply:12499,4820.0,4791.7001953125,,25,,0,0,0,7,10
2026-04-14 00:00:00,12524,E4,supply,ob_internal,ob_internal:supply:12499,4820.0,4791.7001953125,,25,,0,0,0,7,10
2026-04-14 00:00:00,12524,E5,demand,fvg,fvg:demand:12523,4778.2001953125,4768.39990234375,,1,,0,0,0,10,10
2026-04-14 01:00:00,12525,E1,supply,sd,sd:supply:12366,4885.728999023438,4800.0,-37630.0,159,9.0,4,0,0,6,10
2026-04-14 10:00:00,12534,E4,demand,ob_internal,ob_internal:demand:12530,4796.2998046875,4780.0,,4,,0,1,0,4,4
2026-04-14 11:00:00,12535,E1,supply,sd,sd:supply:12366,4885.728999023438,4800.0,-37630.0,169,9.0,5,0,0,2,10
2026-04-14 13:00:00,12537,E1,supply,sd,sd:supply:12434,4895.9118359375,4828.2998046875,-35404.0,103,8.5,1,0,0,1,10
2026-04-14 15:00:00,12539,E4,supply,ob_internal,ob_internal:supply:12441,4872.2001953125,4829.39990234375,,98,,0,0,1,2,9
2026-04-14 15:00:00,12539,E5,demand,fvg,fvg:demand:12538,4816.7001953125,4800.2001953125,,1,,0,1,0,9,9
2026-04-14 17:00:00,12541,E4,supply,ob_internal,ob_internal:supply:12130,4904.5,4856.2001953125,,411,,2,0,0,7,10
2026-04-14 17:00:00,12541,E5,supply,fvg,fvg:supply:12440,4846.2001953125,4846.0,,101,,0,0,1,7,2
2026-04-15 00:00:00,12547,E5,demand,fvg,fvg:demand:12542,4855.2001953125,4844.0,,5,,0,0,1,3,9
2026-04-15 10:00:00,12557,E1,supply,sd,sd:supply:12434,4895.9118359375,4828.2998046875,-35404.0,123,8.6,2,0,0,3,10
2026-04-15 15:00:00,12562,E5,demand,fvg,fvg:demand:12559,4829.2998046875,4829.2001953125,,3,,0,0,0,10,10
2026-04-15 22:00:00,12568,E1,supply,sd,sd:supply:12434,4895.9118359375,4828.2998046875,-35404.0,134,8.6,3,0,0,1,10
2026-04-15 23:00:00,12569,E5,supply,fvg,fvg:supply:12563,4836.2001953125,4835.0,,6,,0,0,1,10,1
2026-04-16 01:00:00,12571,E5,demand,fvg,fvg:demand:12570,4841.10009765625,4833.7998046875,,1,,0,0,0,10,10
2026-04-16 08:00:00,12578,E4,demand,ob_internal,ob_internal:demand:12570,4839.0,4807.89990234375,,8,,0,0,0,5,10
2026-04-16 08:00:00,12578,E5,demand,fvg,fvg:demand:12569,4829.2001953125,4819.39990234375,,9,,0,0,1,5,6
2026-04-16 14:00:00,12584,E1,supply,sd,sd:supply:12434,4895.9118359375,4828.2998046875,-35404.0,150,8.6,4,0,0,1,10
2026-04-16 14:00:00,12584,E2,demand,sd,sd:demand:12539,4800.2001953125,4744.498188476562,37548.0,45,9.1,0,0,0,10,10
2026-04-16 14:00:00,12584,E4,demand,ob_internal,ob_internal:demand:12538,4811.10009765625,4773.2998046875,,46,,0,0,0,10,10
2026-04-16 15:00:00,12585,E5,supply,fvg,fvg:supply:12584,4833.0,4828.39990234375,,1,,0,1,0,9,9
2026-04-17 01:00:00,12594,E2,demand,sd,sd:demand:12539,4800.2001953125,4744.498188476562,37548.0,55,9.1,1,0,0,10,10
2026-04-17 01:00:00,12594,E4,demand,ob_internal,ob_internal:demand:12538,4811.10009765625,4773.2998046875,,56,,1,0,0,10,10
2026-04-17 11:00:00,12604,E1,supply,sd,sd:supply:12434,4895.9118359375,4828.2998046875,-35404.0,170,8.6,5,0,1,1,2
2026-04-17 12:00:00,12605,E4,supply,ob_internal,ob_internal:supply:12130,4904.5,4856.2001953125,,475,,3,0,0,1,9
2026-04-17 15:00:00,12608,E5,demand,fvg,fvg:demand:12607,4883.39990234375,4870.7998046875,,1,,0,0,1,5,5
2026-04-17 20:00:00,12613,E5,demand,fvg,fvg:demand:12606,4856.89990234375,4834.0,,7,,0,0,1,1,1
2026-04-19 22:00:00,12614,E2,demand,sd,sd:demand:12606,4816.0,4770.110004882812,51515.0,8,12.9,0,0,0,1,5
2026-04-19 22:00:00,12614,E2,demand,sd,sd:demand:12539,4800.2001953125,4744.498188476562,37548.0,75,9.4,2,0,0,1,5
2026-04-19 22:00:00,12614,E4,demand,ob_internal,ob_internal:demand:12538,4811.10009765625,4773.2998046875,,76,,2,0,0,1,5
2026-04-19 22:00:00,12614,E4,demand,ob_swing,ob_swing:demand:12605,4816.5,4785.89990234375,,9,,0,0,1,1,1
2026-04-19 22:00:00,12614,E5,demand,fvg,fvg:demand:12605,4819.7998046875,4816.0,,9,,0,0,1,1,1
2026-04-20 01:00:00,12617,E5,supply,fvg,fvg:supply:12614,4873.60009765625,4815.0,,3,,0,0,0,2,10
2026-04-20 01:00:00,12617,E5,supply,fvg,fvg:supply:12615,4848.0,4799.39990234375,,2,,0,0,1,2,2
2026-04-20 01:00:00,12617,E5,supply,fvg,fvg:supply:12616,4797.60009765625,4793.7998046875,,1,,0,0,1,2,1
2026-04-20 09:00:00,12619,E1,supply,sd,sd:supply:12609,4902.9798974609375,4856.89990234375,-27748.0,10,6.9,0,0,0,1,10
2026-04-20 09:00:00,12619,E5,demand,fvg,fvg:demand:12618,4813.10009765625,4793.7998046875,,1,,0,1,0,1,1
2026-04-20 14:00:00,12624,E2,demand,sd,sd:demand:12606,4816.0,4770.110004882812,51515.0,18,12.9,1,0,0,10,10
2026-04-21 01:00:00,12634,E5,demand,fvg,fvg:demand:12628,4827.60009765625,4826.60009765625,,6,,0,0,1,4,4
2026-04-21 03:00:00,12636,E2,demand,sd,sd:demand:12606,4816.0,4770.110004882812,51515.0,30,12.9,2,0,0,3,10
2026-04-21 06:00:00,12639,E2,demand,sd,sd:demand:12539,4800.2001953125,4744.498188476562,37548.0,100,9.4,3,0,0,8,10
2026-04-21 06:00:00,12639,E5,supply,fvg,fvg:supply:12637,4821.5,4816.60009765625,,2,,0,1,0,8,8
2026-04-21 16:00:00,12649,E4,demand,ob_internal,ob_internal:demand:12520,4743.10009765625,4722.5,,129,,0,0,1,3,3
2026-04-21 17:00:00,12650,E5,demand,fvg,fvg:demand:12502,4716.0,4694.2001953125,,148,,0,0,0,2,10
2026-04-21 22:00:00,12654,E5,supply,fvg,fvg:supply:12650,4745.89990234375,4742.0,,4,,0,0,1,2,4
2026-04-22 01:00:00,12657,E5,demand,fvg,fvg:demand:12656,4756.10009765625,4748.10009765625,,1,,0,0,0,10,10
2026-04-22 03:00:00,12659,E5,supply,fvg,fvg:supply:12648,4777.2998046875,4776.60009765625,,11,,0,0,0,10,10
2026-04-22 08:00:00,12664,E5,demand,fvg,fvg:demand:12662,4777.5,4777.39990234375,,2,,0,0,1,5,5
2026-04-22 10:00:00,12666,E5,demand,fvg,fvg:demand:12658,4767.5,4766.0,,8,,0,0,1,3,5
2026-04-23 00:00:00,12679,E5,supply,fvg,fvg:supply:12678,4753.10009765625,4746.7998046875,,1,,0,1,0,2,2
2026-04-23 05:00:00,12684,E5,supply,fvg,fvg:supply:12682,4738.39990234375,4724.7998046875,,2,,0,0,1,7,7
2026-04-23 07:00:00,12686,E5,demand,fvg,fvg:demand:12685,4724.89990234375,4722.7001953125,,1,,0,0,1,2,3
2026-04-23 14:00:00,12693,E5,demand,fvg,fvg:demand:12691,4736.2998046875,4717.89990234375,,2,,0,0,1,3,3
2026-04-23 14:00:00,12693,E5,demand,fvg,fvg:demand:12692,4740.7998046875,4737.7998046875,,1,,0,0,1,3,3
2026-04-23 22:00:00,12700,E5,supply,fvg,fvg:supply:12699,4714.89990234375,4714.7998046875,,1,,0,0,0,10,10
2026-04-24 02:00:00,12704,E4,demand,ob_swing,ob_swing:demand:12538,4694.2001953125,4664.60009765625,,166,,0,0,0,10,10
2026-04-24 05:00:00,12707,E5,supply,fvg,fvg:supply:12705,4705.7001953125,4693.5,,2,,0,0,1,6,6
2026-04-24 06:00:00,12708,E4,demand,ob_internal,ob_internal:demand:12428,4687.39990234375,4631.89990234375,,280,,1,1,0,5,5
2026-04-24 06:00:00,12708,E4,demand,ob_swing,ob_swing:demand:12429,4687.39990234375,4631.89990234375,,279,,1,1,0,5,5
2026-04-24 13:00:00,12715,E5,demand,fvg,fvg:demand:12714,4706.2998046875,4701.5,,1,,0,0,0,8,10
2026-04-24 14:00:00,12716,E4,supply,ob_internal,ob_internal:supply:12704,4761.7001953125,4736.2998046875,,12,,0,1,0,7,7
2026-04-24 20:00:00,12722,E2,demand,sd,sd:demand:12717,4727.89990234375,4685.99787109375,28296.0,5,7.3,0,0,0,1,10
2026-04-27 00:00:00,12725,E5,supply,fvg,fvg:supply:12723,4729.5,4704.0,,2,,0,0,0,2,10
2026-04-27 00:00:00,12725,E5,supply,fvg,fvg:supply:12724,4721.10009765625,4700.0,,1,,0,0,1,2,3
2026-04-27 03:00:00,12728,E4,supply,ob_internal,ob_internal:supply:12704,4761.7001953125,4736.2998046875,,24,,1,0,0,10,10
2026-04-27 05:00:00,12730,E5,demand,fvg,fvg:demand:12728,4729.60009765625,4724.7998046875,,2,,0,0,1,8,8
2026-04-27 07:00:00,12732,E5,supply,fvg,fvg:supply:12731,4738.2998046875,4730.89990234375,,1,,0,1,0,7,7
2026-04-27 10:00:00,12735,E5,supply,fvg,fvg:supply:12734,4725.0,4723.60009765625,,1,,0,1,0,5,5
2026-04-27 13:00:00,12738,E5,demand,fvg,fvg:demand:12726,4705.5,4700.0,,12,,0,0,1,1,2
2026-04-27 14:00:00,12739,E4,demand,ob_swing,ob_swing:demand:12538,4694.2001953125,4664.60009765625,,201,,1,0,0,10,10
2026-04-27 15:00:00,12740,E4,demand,ob_internal,ob_internal:demand:12428,4687.39990234375,4631.89990234375,,312,,2,0,0,10,10
2026-04-27 15:00:00,12740,E4,demand,ob_swing,ob_swing:demand:12429,4687.39990234375,4631.89990234375,,311,,2,0,0,10,10
2026-04-27 17:00:00,12742,E5,supply,fvg,fvg:supply:12740,4703.2998046875,4697.10009765625,,2,,0,0,0,6,10
2026-04-28 00:00:00,12748,E1,supply,sd,sd:supply:12740,4755.693217773438,4714.7001953125,-32313.0,8,8.0,0,1,0,5,5
2026-04-28 01:00:00,12749,E4,demand,ob_swing,ob_swing:demand:12538,4694.2001953125,4664.60009765625,,211,,2,0,1,4,4
2026-04-28 01:00:00,12749,E5,demand,fvg,fvg:demand:12747,4702.10009765625,4697.7998046875,,2,,0,0,1,4,1
2026-04-28 05:00:00,12753,E2,demand,sd,sd:demand:12377,4656.7998046875,4571.480805664062,44511.0,376,11.0,3,0,0,3,10
2026-04-28 05:00:00,12753,E2,demand,sd,sd:demand:12334,4662.0,4571.8579931640625,36706.0,419,9.1,4,0,0,3,10
2026-04-28 05:00:00,12753,E4,demand,ob_internal,ob_internal:demand:12377,4679.10009765625,4605.5,,376,,4,0,1,3,6
2026-04-28 05:00:00,12753,E4,demand,ob_internal,ob_internal:demand:12393,4655.7001953125,4626.2001953125,,360,,1,0,1,3,6
2026-04-28 11:00:00,12759,E4,demand,ob_swing,ob_swing:demand:12318,4577.2998046875,4510.0,,441,,1,1,0,6,6
2026-04-28 11:00:00,12759,E4,demand,ob_internal,ob_internal:demand:12318,4577.2998046875,4510.0,,441,,1,1,0,6,6
2026-04-28 11:00:00,12759,E4,demand,ob_swing,ob_swing:demand:12333,4591.60009765625,4558.89990234375,,426,,0,1,0,6,6
2026-04-28 11:00:00,12759,E4,demand,ob_internal,ob_internal:demand:12333,4591.60009765625,4558.89990234375,,426,,0,1,0,6,6
2026-04-28 17:00:00,12765,E5,supply,fvg,fvg:supply:12760,4616.7001953125,4613.7998046875,,5,,0,0,0,10,10
2026-04-29 01:00:00,12772,E5,demand,fvg,fvg:demand:12765,4601.0,4600.2001953125,,7,,0,0,1,6,6
2026-04-29 05:00:00,12776,E4,demand,ob_internal,ob_internal:demand:12775,4613.5,4589.10009765625,,1,,0,0,1,2,3
2026-04-29 07:00:00,12778,E4,demand,ob_swing,ob_swing:demand:12333,4591.60009765625,4558.89990234375,,445,,1,0,1,5,6
2026-04-29 07:00:00,12778,E4,demand,ob_internal,ob_internal:demand:12333,4591.60009765625,4558.89990234375,,445,,1,0,1,5,6
2026-04-29 09:00:00,12780,E4,demand,ob_swing,ob_swing:demand:12318,4577.2998046875,4510.0,,462,,2,0,0,4,10
2026-04-29 09:00:00,12780,E4,demand,ob_internal,ob_internal:demand:12318,4577.2998046875,4510.0,,462,,2,0,0,4,10
2026-04-29 09:00:00,12780,E5,supply,fvg,fvg:supply:12779,4594.7998046875,4590.0,,1,,0,0,0,1,4
2026-04-29 15:00:00,12786,E5,supply,fvg,fvg:supply:12784,4571.89990234375,4566.0,,2,,0,0,1,8,9
2026-04-29 17:00:00,12788,E5,demand,fvg,fvg:demand:12787,4557.2001953125,4556.39990234375,,1,,0,0,1,1,1
2026-04-30 02:00:00,12796,E4,demand,ob_swing,ob_swing:demand:12318,4577.2998046875,4510.0,,478,,3,0,0,2,5
2026-04-30 02:00:00,12796,E4,demand,ob_internal,ob_internal:demand:12318,4577.2998046875,4510.0,,478,,3,0,0,2,5
2026-04-30 02:00:00,12796,E5,demand,fvg,fvg:demand:12795,4576.39990234375,4574.2001953125,,1,,0,0,1,2,2
2026-04-30 03:00:00,12797,E5,demand,fvg,fvg:demand:12794,4568.2001953125,4564.89990234375,,3,,0,1,0,4,4
2026-04-30 04:00:00,12798,E4,demand,ob_internal,ob_internal:demand:12794,4567.0,4532.0,,4,,0,1,0,2,2
2026-04-30 05:00:00,12799,E5,supply,fvg,fvg:supply:12798,4571.10009765625,4568.0,,1,,0,0,1,1,1
2026-04-30 06:00:00,12800,E5,supply,fvg,fvg:supply:12778,4604.39990234375,4603.2001953125,,22,,0,0,1,2,2
2026-04-30 07:00:00,12801,E4,supply,ob_internal,ob_internal:supply:12778,4621.2998046875,4604.39990234375,,23,,0,0,1,1,2
2026-04-30 07:00:00,12801,E4,supply,ob_swing,ob_swing:supply:12783,4624.2998046875,4608.7998046875,,18,,0,0,1,1,3
2026-04-30 10:00:00,12804,E5,supply,fvg,fvg:supply:12754,4679.7001953125,4656.89990234375,,50,,0,0,0,10,10
2026-04-30 13:00:00,12807,E5,demand,fvg,fvg:demand:12803,4626.2998046875,4617.2998046875,,4,,0,0,0,10,10
2026-05-01 00:00:00,12817,E5,demand,fvg,fvg:demand:12816,4638.7998046875,4636.0,,1,,0,0,1,5,5
2026-05-01 02:00:00,12819,E5,supply,fvg,fvg:supply:12818,4638.7998046875,4634.10009765625,,1,,0,1,0,5,5
2026-05-01 06:00:00,12823,E5,demand,fvg,fvg:demand:12802,4609.2001953125,4603.7001953125,,21,,0,0,1,1,1
2026-05-01 07:00:00,12824,E5,demand,fvg,fvg:demand:12801,4596.5,4581.0,,23,,0,0,0,2,6
2026-05-01 09:00:00,12826,E4,demand,ob_swing,ob_swing:demand:12318,4577.2998046875,4510.0,,508,,4,1,0,3,3
2026-05-01 09:00:00,12826,E4,demand,ob_internal,ob_internal:demand:12318,4577.2998046875,4510.0,,508,,4,1,0,3,3
2026-05-01 09:00:00,12826,E5,demand,fvg,fvg:demand:12800,4570.89990234375,4568.0,,26,,0,1,0,3,3
2026-05-01 10:00:00,12827,E5,supply,fvg,fvg:supply:12826,4586.7998046875,4584.0,,1,,0,0,1,2,2
2026-05-01 12:00:00,12829,E5,supply,fvg,fvg:supply:12824,4614.10009765625,4609.7001953125,,5,,0,0,1,1,1
2026-05-01 12:00:00,12829,E5,supply,fvg,fvg:supply:12825,4602.2001953125,4594.0,,4,,0,0,1,1,1
2026-05-01 13:00:00,12830,E4,supply,ob_swing,ob_swing:supply:12822,4652.0,4636.89990234375,,8,,0,0,1,1,1
2026-05-01 13:00:00,12830,E4,supply,ob_internal,ob_internal:supply:12822,4652.0,4636.89990234375,,8,,0,0,1,1,1
2026-05-01 13:00:00,12830,E5,supply,fvg,fvg:supply:12822,4628.89990234375,4628.2001953125,,8,,0,0,1,1,1
2026-05-01 13:00:00,12830,E5,supply,fvg,fvg:supply:12823,4620.2998046875,4619.39990234375,,7,,0,0,1,1,1
2026-05-01 15:00:00,12832,E5,demand,fvg,fvg:demand:12831,4635.7998046875,4619.2998046875,,1,,0,0,0,3,10
2026-05-01 20:00:00,12837,E5,supply,fvg,fvg:supply:12835,4644.89990234375,4642.7998046875,,2,,0,1,0,5,5
2026-05-04 06:00:00,12846,E5,demand,fvg,fvg:demand:12830,4596.89990234375,4590.60009765625,,16,,0,0,1,4,4
2026-05-04 09:00:00,12849,E5,supply,fvg,fvg:supply:12848,4594.5,4592.60009765625,,1,,0,1,0,1,1
2026-05-04 10:00:00,12850,E4,demand,ob_swing,ob_swing:demand:12318,4577.2998046875,4510.0,,532,,5,0,0,5,10
2026-05-04 10:00:00,12850,E4,demand,ob_internal,ob_internal:demand:12318,4577.2998046875,4510.0,,532,,5,0,0,5,10
2026-05-04 10:00:00,12850,E4,demand,ob_swing,ob_swing:demand:12832,4584.0,4570.0,,18,,0,0,1,5,5
2026-05-04 10:00:00,12850,E4,demand,ob_internal,ob_internal:demand:12832,4584.0,4570.0,,18,,0,0,1,5,5
2026-05-04 12:00:00,12852,E5,supply,fvg,fvg:supply:12851,4582.0,4581.7998046875,,1,,0,1,0,3,3
2026-05-04 15:00:00,12855,E4,demand,ob_swing,ob_swing:demand:12802,4556.39990234375,4530.2998046875,,53,,0,0,0,10,10
2026-05-04 17:00:00,12857,E5,supply,fvg,fvg:supply:12856,4564.39990234375,4537.10009765625,,1,,0,0,0,8,10
2026-05-05 03:00:00,12866,E5,demand,fvg,fvg:demand:12865,4544.0,4540.10009765625,,1,,0,1,0,9,9
2026-05-05 08:00:00,12871,E4,supply,ob_internal,ob_internal:supply:12855,4594.7001953125,4564.39990234375,,16,,0,0,0,5,10
2026-05-05 09:00:00,12872,E1,supply,sd,sd:supply:12856,4608.674892578125,4570.39990234375,-46308.0,16,12.6,0,0,0,3,10
2026-05-05 16:00:00,12879,E2,demand,sd,sd:demand:12877,4567.2001953125,4528.673212890625,31443.0,2,8.7,0,1,0,7,7
2026-05-05 16:00:00,12879,E4,demand,ob_swing,ob_swing:demand:12318,4577.2998046875,4510.0,,561,,6,1,0,7,7
2026-05-05 16:00:00,12879,E4,demand,ob_internal,ob_internal:demand:12318,4577.2998046875,4510.0,,561,,6,1,0,7,7
2026-05-05 18:00:00,12881,E5,supply,fvg,fvg:supply:12880,4579.2998046875,4573.60009765625,,1,,0,0,1,4,4
2026-05-05 20:00:00,12883,E1,supply,sd,sd:supply:12856,4608.674892578125,4570.39990234375,-46308.0,27,12.8,1,0,1,1,3
2026-05-06 00:00:00,12886,E5,supply,fvg,fvg:supply:12846,4615.7998046875,4611.89990234375,,40,,0,0,1,2,1
2026-05-06 01:00:00,12887,E4,supply,ob_swing,ob_swing:supply:12855,4673.0,4635.7998046875,,32,,0,0,1,2,6
2026-05-06 07:00:00,12893,E1,supply,sd,sd:supply:12754,4722.7758203125,4682.2998046875,-19191.0,139,5.3,0,0,0,1,10
2026-05-06 07:00:00,12893,E5,supply,fvg,fvg:supply:12753,4682.2998046875,4681.5,,140,,0,0,1,1,1
2026-05-06 08:00:00,12894,E4,supply,ob_internal,ob_internal:supply:12753,4716.5,4705.2001953125,,141,,0,0,0,2,4
2026-05-06 08:00:00,12894,E5,supply,fvg,fvg:supply:12750,4705.2001953125,4694.0,,144,,0,0,1,2,2
2026-05-06 09:00:00,12895,E1,supply,sd,sd:supply:12740,4755.693217773438,4714.7001953125,-32313.0,155,8.9,1,0,0,1,3
2026-05-06 12:00:00,12898,E5,demand,fvg,fvg:demand:12894,4682.7998046875,4680.2001953125,,4,,0,0,0,10,10
2026-05-06 12:00:00,12898,E5,demand,fvg,fvg:demand:12895,4699.7001953125,4693.2001953125,,3,,0,0,0,10,10
2026-05-06 13:00:00,12899,E5,supply,fvg,fvg:supply:12898,4707.39990234375,4704.7998046875,,1,,0,0,0,10,10
2026-05-06 15:00:00,12901,E5,demand,fvg,fvg:demand:12900,4708.7998046875,4704.7998046875,,1,,0,0,0,10,10
2026-05-06 18:00:00,12904,E5,supply,fvg,fvg:supply:12903,4699.2001953125,4699.10009765625,,1,,0,0,1,6,6
2026-05-06 19:00:00,12905,E5,supply,fvg,fvg:supply:12902,4708.7998046875,4703.5,,3,,0,0,1,5,5
2026-05-07 01:00:00,12910,E1,supply,sd,sd:supply:12740,4755.693217773438,4714.7001953125,-32313.0,170,8.5,2,0,0,5,10
2026-05-07 06:00:00,12915,E4,supply,ob_internal,ob_internal:supply:12704,4761.7001953125,4736.2998046875,,211,,2,0,0,7,9
2026-05-07 08:00:00,12917,E5,demand,fvg,fvg:demand:12916,4741.0,4715.39990234375,,1,,0,0,1,7,7
2026-05-07 15:00:00,12924,E4,demand,ob_internal,ob_internal:demand:12923,4749.0,4732.0,,1,,0,0,1,1,2
2026-05-07 16:00:00,12925,E4,demand,ob_internal,ob_internal:demand:12910,4730.5,4694.0,,15,,0,0,0,1,10
2026-05-07 20:00:00,12929,E4,demand,ob_swing,ob_swing:demand:12915,4704.7998046875,4671.0,,14,,0,0,0,10,10
2026-05-08 02:00:00,12934,E5,supply,fvg,fvg:supply:12925,4751.10009765625,4739.89990234375,,9,,0,0,0,10,10
2026-05-08 13:00:00,12945,E1,supply,sd,sd:supply:12926,4789.394091796875,4751.10009765625,-49635.0,19,12.4,0,1,0,8,8
2026-05-08 14:00:00,12946,E4,demand,ob_internal,ob_internal:demand:12945,4734.89990234375,4706.2001953125,,1,,0,0,1,7,9
2026-05-08 19:00:00,12951,E2,demand,sd,sd:demand:12950,4730.7998046875,4690.349809570313,18486.0,1,4.7,0,0,1,2,9
2026-05-10 22:00:00,12953,E4,demand,ob_swing,ob_swing:demand:12915,4704.7998046875,4671.0,,38,,1,0,0,2,10
2026-05-10 23:00:00,12954,E5,supply,fvg,fvg:supply:12953,4730.60009765625,4704.5,,1,,0,1,0,6,6
2026-05-11 01:00:00,12956,E5,supply,fvg,fvg:supply:12954,4723.2998046875,4707.5,,2,,0,0,0,10,10
2026-05-11 05:00:00,12960,E5,demand,fvg,fvg:demand:12892,4667.7998046875,4664.39990234375,,68,,0,1,0,7,7
2026-05-11 13:00:00,12968,E1,supply,sd,sd:supply:12926,4789.394091796875,4751.10009765625,-49635.0,42,12.4,1,0,0,9,10
2026-05-11 13:00:00,12968,E4,supply,ob_swing,ob_swing:supply:12960,4760.39990234375,4723.10009765625,,8,,0,0,0,9,10
2026-05-11 16:00:00,12971,E5,demand,fvg,fvg:demand:12969,4724.60009765625,4710.2001953125,,2,,0,1,0,6,6
2026-05-12 01:00:00,12979,E4,demand,ob_internal,ob_internal:demand:12976,4743.2001953125,4716.7998046875,,3,,0,0,1,5,6
2026-05-12 01:00:00,12979,E5,demand,fvg,fvg:demand:12975,4739.5,4738.7998046875,,4,,0,0,1,5,5
2026-05-12 01:00:00,12979,E5,demand,fvg,fvg:demand:12977,4755.2001953125,4748.5,,2,,0,0,1,5,2
2026-05-12 06:00:00,12984,E5,demand,fvg,fvg:demand:12968,4707.2998046875,4686.0,,16,,0,0,1,7,9
2026-05-12 08:00:00,12986,E5,supply,fvg,fvg:supply:12985,4717.5,4711.7001953125,,1,,0,1,0,7,7
2026-05-12 13:00:00,12991,E4,demand,ob_internal,ob_internal:demand:12968,4688.7998046875,4655.10009765625,,23,,0,0,0,2,8
2026-05-12 13:00:00,12991,E4,demand,ob_swing,ob_swing:demand:12976,4688.7998046875,4655.10009765625,,15,,0,0,0,2,8
2026-05-12 14:00:00,12992,E2,demand,sd,sd:demand:12968,4678.39990234375,4637.770893554687,39081.0,24,9.5,0,0,0,1,5
2026-05-12 15:00:00,12993,E5,demand,fvg,fvg:demand:12889,4648.0,4639.7998046875,,104,,0,1,0,4,4
2026-05-12 15:00:00,12993,E5,demand,fvg,fvg:demand:12890,4653.2998046875,4651.7998046875,,103,,0,1,0,4,4
2026-05-12 17:00:00,12995,E5,supply,fvg,fvg:supply:12993,4684.5,4683.60009765625,,2,,0,0,1,2,1
2026-05-12 18:00:00,12996,E1,supply,sd,sd:supply:12992,4735.256206054688,4694.7001953125,-33117.0,4,8.2,0,0,0,2,10
2026-05-12 18:00:00,12996,E4,supply,ob_internal,ob_internal:supply:12991,4719.7998046875,4697.39990234375,,5,,0,0,0,2,10
2026-05-13 01:00:00,13002,E5,demand,fvg,fvg:demand:12998,4719.39990234375,4705.5,,4,,0,0,0,8,10
2026-05-13 02:00:00,13003,E5,demand,fvg,fvg:demand:12997,4703.60009765625,4689.7998046875,,6,,0,0,0,10,10
2026-05-13 05:00:00,13006,E5,supply,fvg,fvg:supply:13003,4721.0,4715.7001953125,,3,,0,1,0,8,8
2026-05-13 12:00:00,13013,E2,demand,sd,sd:demand:12996,4683.60009765625,4642.9180859375,20771.0,17,5.5,0,0,0,10,10
2026-05-13 12:00:00,13013,E5,demand,fvg,fvg:demand:12996,4683.0,4682.39990234375,,17,,0,0,0,10,10
2026-05-13 13:00:00,13014,E1,supply,sd,sd:supply:12992,4735.256206054688,4694.7001953125,-33117.0,22,8.7,1,0,0,2,10
2026-05-13 13:00:00,13014,E2,demand,sd,sd:demand:12968,4678.39990234375,4637.770893554687,39081.0,46,10.3,1,0,0,10,10
2026-05-13 17:00:00,13018,E5,demand,fvg,fvg:demand:13017,4702.7998046875,4698.2998046875,,1,,0,0,1,10,9
2026-05-13 22:00:00,13022,E5,supply,fvg,fvg:supply:13019,4702.7998046875,4702.0,,3,,0,1,0,6,6
2026-05-14 00:00:00,13024,E4,supply,ob_internal,ob_internal:supply:13013,4723.10009765625,4706.89990234375,,11,,0,1,0,3,3
2026-05-14 03:00:00,13027,E1,supply,sd,sd:supply:12992,4735.256206054688,4694.7001953125,-33117.0,35,8.7,2,0,0,1,10
2026-05-14 03:00:00,13027,E2,demand,sd,sd:demand:12996,4683.60009765625,4642.9180859375,20771.0,31,5.5,1,1,0,1,1
2026-05-14 03:00:00,13027,E4,demand,ob_internal,ob_internal:demand:12997,4683.60009765625,4645.2001953125,,30,,0,1,0,1,1
2026-05-14 04:00:00,13028,E2,demand,sd,sd:demand:12968,4678.39990234375,4637.770893554687,39081.0,60,10.3,2,0,0,9,10
2026-05-14 04:00:00,13028,E4,supply,ob_internal,ob_internal:supply:13027,4714.0,4690.2001953125,,1,,0,1,0,9,9
2026-05-14 13:00:00,13037,E2,demand,sd,sd:demand:12996,4683.60009765625,4642.9180859375,20771.0,41,5.5,2,0,1,6,10
2026-05-14 14:00:00,13038,E1,supply,sd,sd:supply:12992,4735.256206054688,4694.7001953125,-33117.0,46,8.7,3,1,0,9,9
2026-05-14 16:00:00,13040,E2,demand,sd,sd:demand:12968,4678.39990234375,4637.770893554687,39081.0,72,10.3,3,0,1,3,8
2026-05-14 18:00:00,13042,E4,demand,ob_internal,ob_internal:demand:12997,4683.60009765625,4645.2001953125,,45,,1,0,1,1,5
2026-05-14 22:00:00,13045,E5,supply,fvg,fvg:supply:13044,4672.5,4663.0,,1,,0,1,0,2,2
2026-05-15 00:00:00,13047,E5,demand,fvg,fvg:demand:12887,4620.39990234375,4606.2001953125,,160,,0,0,1,1,5
2026-05-15 00:00:00,13047,E5,demand,fvg,fvg:demand:12888,4635.7998046875,4631.2001953125,,159,,0,0,1,1,1
2026-05-15 05:00:00,13052,E2,demand,sd,sd:demand:12877,4567.2001953125,4528.673212890625,31443.0,175,8.6,1,0,0,4,10
2026-05-15 05:00:00,13052,E4,demand,ob_swing,ob_swing:demand:12318,4577.2998046875,4510.0,,734,,7,0,0,4,10
2026-05-15 05:00:00,13052,E4,demand,ob_internal,ob_internal:demand:12318,4577.2998046875,4510.0,,734,,7,0,0,4,10
2026-05-15 05:00:00,13052,E4,demand,ob_internal,ob_internal:demand:12885,4587.2001953125,4556.10009765625,,167,,0,0,1,4,8
2026-05-15 05:00:00,13052,E5,demand,fvg,fvg:demand:12885,4579.39990234375,4570.7998046875,,167,,0,0,1,4,4
2026-05-15 05:00:00,13052,E5,demand,fvg,fvg:demand:12886,4598.2998046875,4587.2001953125,,166,,0,0,1,4,1
2026-05-15 07:00:00,13054,E5,supply,fvg,fvg:supply:13053,4608.2001953125,4585.39990234375,,1,,0,1,0,6,6
2026-05-15 10:00:00,13057,E5,supply,fvg,fvg:supply:13056,4569.7998046875,4568.2001953125,,1,,0,1,0,3,3
2026-05-15 13:00:00,13060,E5,demand,fvg,fvg:demand:12864,4534.5,4531.0,,196,,0,0,1,10,10
2026-05-15 19:00:00,13066,E5,demand,fvg,fvg:demand:13065,4556.5,4552.39990234375,,1,,0,0,1,4,4
2026-05-18 00:00:00,13070,E4,demand,ob_swing,ob_swing:demand:12891,4537.10009765625,4510.10009765625,,179,,0,0,0,1,10
2026-05-18 00:00:00,13070,E5,demand,fvg,fvg:demand:12297,4508.10009765625,4506.39990234375,,773,,0,0,0,1,10
2026-05-18 06:00:00,13076,E4,supply,ob_internal,ob_internal:supply:13070,4568.7001953125,4547.2001953125,,6,,0,0,0,6,10
2026-05-18 14:00:00,13084,E2,demand,sd,sd:demand:13083,4551.39990234375,4508.878901367188,32085.0,1,8.8,0,0,0,10,10
2026-05-18 16:00:00,13086,E5,supply,fvg,fvg:supply:13085,4565.39990234375,4552.39990234375,,1,,0,0,1,5,6
2026-05-18 18:00:00,13088,E4,demand,ob_internal,ob_internal:demand:13082,4545.89990234375,4524.89990234375,,6,,0,1,0,4,4
2026-05-19 00:00:00,13093,E5,demand,fvg,fvg:demand:13091,4570.60009765625,4569.5,,2,,0,0,1,4,3
2026-05-19 00:00:00,13093,E5,demand,fvg,fvg:demand:13092,4577.89990234375,4571.60009765625,,1,,0,0,1,4,2
2026-05-19 01:00:00,13094,E5,demand,fvg,fvg:demand:13090,4562.39990234375,4552.39990234375,,4,,0,0,1,2,9
2026-05-19 02:00:00,13095,E2,demand,sd,sd:demand:13083,4551.39990234375,4508.878901367188,32085.0,12,8.8,1,0,0,8,10
2026-05-19 09:00:00,13102,E4,demand,ob_internal,ob_internal:demand:13082,4545.89990234375,4524.89990234375,,20,,1,0,1,4,4
2026-05-19 19:00:00,13112,E4,demand,ob_swing,ob_swing:demand:12305,4494.2001953125,4444.7001953125,,807,,0,0,0,5,10
2026-05-19 23:00:00,13115,E5,supply,fvg,fvg:supply:13113,4493.10009765625,4491.89990234375,,2,,0,0,0,1,10
2026-05-20 00:00:00,13116,E5,supply,fvg,fvg:supply:13112,4502.60009765625,4500.7001953125,,4,,0,1,0,1,1
2026-05-20 13:00:00,13129,E4,demand,ob_swing,ob_swing:demand:12305,4494.2001953125,4444.7001953125,,824,,1,1,0,1,1
2026-05-20 14:00:00,13130,E5,supply,fvg,fvg:supply:13107,4530.2998046875,4517.0,,23,,0,0,1,1,1
2026-05-20 18:00:00,13134,E4,supply,ob_internal,ob_internal:supply:13106,4562.7001953125,4544.7001953125,,28,,0,0,0,6,10
2026-05-20 20:00:00,13136,E5,demand,fvg,fvg:demand:13135,4544.89990234375,4542.0,,1,,0,0,1,8,8
2026-05-21 02:00:00,13141,E4,demand,ob_internal,ob_internal:demand:13140,4558.39990234375,4526.5,,1,,0,0,1,5,8
2026-05-21 05:00:00,13144,E5,demand,fvg,fvg:demand:13131,4526.5,4509.0,,13,,0,0,1,5,8
2026-05-21 10:00:00,13149,E5,demand,fvg,fvg:demand:13148,4528.7998046875,4525.7998046875,,1,,0,0,1,3,2
2026-05-21 17:00:00,13156,E4,supply,ob_internal,ob_internal:supply:13145,4572.39990234375,4541.39990234375,,11,,0,0,0,10,10
2026-05-21 17:00:00,13156,E5,supply,fvg,fvg:supply:13150,4528.7998046875,4522.5,,6,,0,0,1,10,1
2026-05-22 00:00:00,13162,E5,demand,fvg,fvg:demand:13157,4528.60009765625,4522.39990234375,,5,,0,0,0,5,10
2026-05-22 15:00:00,13177,E4,supply,ob_internal,ob_internal:supply:13176,4537.60009765625,4511.39990234375,,1,,0,0,0,6,10
2026-05-22 15:00:00,13177,E5,supply,fvg,fvg:supply:13176,4515.7001953125,4515.0,,1,,0,0,1,6,6
2026-05-26 05:00:00,13184,E5,demand,fvg,fvg:demand:13183,4523.89990234375,4517.7001953125,,1,,0,0,1,6,7
2026-05-26 07:00:00,13186,E5,demand,fvg,fvg:demand:13184,4523.39990234375,4523.2001953125,,2,,0,0,1,1,4
2026-05-26 11:00:00,13190,E4,demand,ob_internal,ob_internal:demand:13186,4515.0,4488.0,,4,,0,0,0,6,10
2026-05-26 17:00:00,13196,E4,demand,ob_swing,ob_swing:demand:12305,4494.2001953125,4444.7001953125,,891,,2,1,0,5,5
2026-05-26 19:00:00,13198,E5,supply,fvg,fvg:supply:13197,4499.2998046875,4499.2001953125,,1,,0,0,1,3,3
2026-05-26 22:00:00,13200,E5,demand,fvg,fvg:demand:13199,4504.2998046875,4499.2001953125,,1,,0,0,1,7,8
2026-05-27 01:00:00,13203,E5,demand,fvg,fvg:demand:13202,4513.60009765625,4512.7001953125,,1,,0,0,1,4,3
2026-05-27 03:00:00,13205,E5,supply,fvg,fvg:supply:13204,4513.60009765625,4508.60009765625,,1,,0,0,0,1,8
2026-05-27 06:00:00,13208,E4,demand,ob_swing,ob_swing:demand:12305,4494.2001953125,4444.7001953125,,903,,3,1,0,1,1
2026-05-27 10:00:00,13212,E5,demand,fvg,fvg:demand:13210,4512.2001953125,4497.7998046875,,2,,0,0,1,1,1
2026-05-27 12:00:00,13214,E5,supply,fvg,fvg:supply:13213,4517.89990234375,4483.89990234375,,1,,0,0,0,9,10
2026-05-28 01:00:00,13226,E2,demand,sd,sd:demand:13218,4469.7001953125,4428.674213867187,41471.0,8,11.6,0,0,1,2,2
2026-05-28 02:00:00,13227,E2,demand,sd,sd:demand:12223,4427.60009765625,4349.036108398437,20900.0,1004,5.8,3,0,0,1,10
2026-05-28 03:00:00,13228,E5,demand,fvg,fvg:demand:12273,4413.39990234375,4405.2998046875,,955,,0,1,0,9,9
2026-05-28 03:00:00,13228,E5,demand,fvg,fvg:demand:12274,4415.0,4414.2998046875,,954,,0,1,0,9,9
2026-05-28 05:00:00,13230,E5,supply,fvg,fvg:supply:13229,4423.0,4411.7998046875,,1,,0,0,1,7,7
2026-05-28 09:00:00,13234,E5,supply,fvg,fvg:supply:13228,4437.2998046875,4428.39990234375,,6,,0,0,1,3,3
2026-05-28 12:00:00,13237,E5,supply,fvg,fvg:supply:13227,4474.0,4443.2001953125,,10,,0,0,1,2,2
2026-05-28 14:00:00,13239,E4,supply,ob_swing,ob_swing:supply:13227,4502.0,4485.5,,12,,0,0,1,2,2
2026-05-28 14:00:00,13239,E4,supply,ob_internal,ob_internal:supply:13227,4502.0,4485.5,,12,,0,0,1,2,2
2026-05-28 15:00:00,13240,E1,supply,sd,sd:supply:13213,4552.794174804688,4512.2001953125,-43382.0,27,12.2,0,0,0,1,10
2026-05-28 15:00:00,13240,E4,supply,ob_swing,ob_swing:supply:13212,4529.5,4512.2001953125,,28,,0,0,0,1,10
2026-05-28 15:00:00,13240,E4,supply,ob_internal,ob_internal:supply:13212,4529.5,4512.2001953125,,28,,0,0,0,1,10
2026-05-28 16:00:00,13241,E4,supply,ob_internal,ob_internal:supply:13145,4572.39990234375,4541.39990234375,,96,,1,0,0,10,10
2026-05-28 18:00:00,13243,E5,demand,fvg,fvg:demand:13242,4531.5,4515.89990234375,,1,,0,0,0,10,10
2026-05-29 04:00:00,13252,E4,supply,ob_internal,ob_internal:supply:13145,4572.39990234375,4541.39990234375,,107,,2,0,1,5,10
2026-05-29 08:00:00,13256,E4,demand,ob_internal,ob_internal:demand:13254,4551.2001953125,4522.7001953125,,2,,0,1,0,6,6
2026-05-29 12:00:00,13260,E5,demand,fvg,fvg:demand:13258,4556.39990234375,4555.5,,2,,0,1,0,2,2
2026-05-29 14:00:00,13262,E5,supply,fvg,fvg:supply:13094,4577.89990234375,4575.39990234375,,168,,0,0,1,1,1
2026-05-29 15:00:00,13263,E5,supply,fvg,fvg:supply:13052,4611.2998046875,4610.60009765625,,211,,0,1,0,6,6
2026-05-29 17:00:00,13265,E5,demand,fvg,fvg:demand:13263,4587.2998046875,4571.0,,2,,0,0,1,4,9
2026-05-29 20:00:00,13268,E2,demand,sd,sd:demand:13263,4569.2998046875,4529.063813476562,47603.0,5,12.5,0,0,0,1,10
2026-05-31 23:00:00,13270,E5,supply,fvg,fvg:supply:13269,4574.10009765625,4571.10009765625,,1,,0,1,0,8,8
2026-06-01 03:00:00,13274,E4,demand,ob_internal,ob_internal:demand:13254,4551.2001953125,4522.7001953125,,20,,1,0,1,4,10
2026-06-01 05:00:00,13276,E5,supply,fvg,fvg:supply:13275,4551.39990234375,4550.10009765625,,1,,0,1,0,8,8
2026-06-01 06:00:00,13277,E5,demand,fvg,fvg:demand:13253,4533.0,4532.2001953125,,24,,0,0,1,7,7
2026-06-01 10:00:00,13281,E5,supply,fvg,fvg:supply:13278,4542.7001953125,4540.2001953125,,3,,0,1,0,3,3
2026-06-01 13:00:00,13284,E5,demand,fvg,fvg:demand:13240,4499.39990234375,4469.39990234375,,44,,0,1,0,4,4
2026-06-01 15:00:00,13286,E5,supply,fvg,fvg:supply:13285,4527.60009765625,4494.89990234375,,1,,0,0,0,2,10
2026-06-01 19:00:00,13290,E5,demand,fvg,fvg:demand:13289,4514.7998046875,4513.10009765625,,1,,0,1,1,9,5
2026-06-02 12:00:00,13306,E5,demand,fvg,fvg:demand:13299,4545.7001953125,4530.0,,7,,0,0,1,2,5
2026-06-02 13:00:00,13307,E2,demand,sd,sd:demand:13287,4533.7998046875,4494.728818359375,28551.0,20,7.9,0,0,0,4,10
2026-06-02 14:00:00,13308,E5,demand,fvg,fvg:demand:13298,4528.0,4516.39990234375,,10,,0,0,1,2,8
2026-06-02 15:00:00,13309,E5,supply,fvg,fvg:supply:13308,4542.7998046875,4536.7998046875,,1,,0,1,0,7,7
2026-06-02 16:00:00,13310,E4,demand,ob_internal,ob_internal:demand:13297,4522.0,4492.2998046875,,13,,0,0,0,6,10
2026-06-02 22:00:00,13315,E5,supply,fvg,fvg:supply:13311,4529.5,4522.7001953125,,4,,0,1,0,7,7
2026-06-04 02:00:00,13342,E5,supply,fvg,fvg:supply:13322,4510.10009765625,4502.2001953125,,20,,0,0,1,9,9
2026-06-04 04:00:00,13344,E4,supply,ob_internal,ob_internal:supply:13322,4525.10009765625,4502.60009765625,,22,,0,0,0,7,10
2026-06-04 14:00:00,13354,E4,demand,ob_internal,ob_internal:demand:13351,4496.10009765625,4485.39990234375,,3,,0,0,0,10,10
2026-06-04 14:00:00,13354,E5,demand,fvg,fvg:demand:13352,4518.7998046875,4501.7001953125,,2,,0,0,1,10,9
2026-06-04 16:00:00,13356,E5,supply,fvg,fvg:supply:13355,4523.2998046875,4506.60009765625,,1,,0,1,0,8,8
2026-06-05 01:00:00,13364,E5,supply,fvg,fvg:supply:13363,4496.0,4493.89990234375,,1,,0,0,0,6,10
2026-06-05 04:00:00,13367,E5,supply,fvg,fvg:supply:13366,4470.7001953125,4470.10009765625,,1,,0,0,1,3,3
2026-06-05 11:00:00,13374,E5,supply,fvg,fvg:supply:13362,4502.2998046875,4501.10009765625,,12,,0,1,0,1,1
2026-06-05 11:00:00,13374,E5,demand,fvg,fvg:demand:13371,4485.5,4483.2001953125,,3,,0,0,1,1,1
2026-06-05 12:00:00,13375,E5,demand,fvg,fvg:demand:13238,4448.0,4421.0,,137,,0,0,1,1,1
2026-06-05 12:00:00,13375,E5,demand,fvg,fvg:demand:13370,4478.7001953125,4476.10009765625,,5,,0,0,1,1,1
2026-06-05 13:00:00,13376,E2,demand,sd,sd:demand:12223,4427.60009765625,4349.036108398437,20900.0,1153,5.6,4,0,0,2,10
2026-06-05 15:00:00,13378,E4,demand,ob_swing,ob_swing:demand:12224,4380.10009765625,4306.2998046875,,1154,,1,0,0,9,10
2026-06-05 20:00:00,13383,E1,supply,sd,sd:supply:13382,4385.447001953125,4347.5,-26341.0,1,7.4,0,1,0,8,8
2026-06-05 20:00:00,13383,E5,supply,fvg,fvg:supply:13382,4360.2001953125,4349.5,,1,,0,1,0,8,8
2026-06-08 01:00:00,13387,E5,demand,fvg,fvg:demand:13386,4363.10009765625,4354.7001953125,,1,,0,0,1,4,2
2026-06-08 11:00:00,13397,E1,supply,sd,sd:supply:13382,4385.447001953125,4347.5,-26341.0,15,7.4,1,0,0,10,10
2026-06-08 11:00:00,13397,E5,supply,fvg,fvg:supply:13388,4363.10009765625,4354.7998046875,,9,,0,0,0,10,10
2026-06-08 14:00:00,13400,E5,demand,fvg,fvg:demand:13398,4344.7998046875,4330.2998046875,,2,,0,0,0,10,10
2026-06-08 17:00:00,13403,E5,demand,fvg,fvg:demand:13402,4362.2001953125,4356.2998046875,,1,,0,0,0,5,10
2026-06-08 22:00:00,13407,E5,supply,fvg,fvg:supply:13406,4357.10009765625,4354.39990234375,,1,,0,0,0,7,10
2026-06-09 00:00:00,13409,E1,supply,sd,sd:supply:13382,4385.447001953125,4347.5,-26341.0,27,7.6,2,0,0,1,10
2026-06-09 04:00:00,13413,E5,demand,fvg,fvg:demand:13411,4352.7001953125,4347.5,,2,,0,0,1,10,10
2026-06-09 12:00:00,13421,E5,demand,fvg,fvg:demand:13420,4359.89990234375,4359.5,,1,,0,0,1,1,2
2026-06-09 14:00:00,13423,E2,demand,sd,sd:demand:13398,4322.39990234375,4283.281904296875,30901.0,25,8.9,0,0,1,1,2
2026-06-09 22:00:00,13430,E2,demand,sd,sd:demand:10591,4257.7001953125,4193.552192382813,38254.0,2839,10.1,3,0,0,1,10
2026-06-09 23:00:00,13431,E2,demand,sd,sd:demand:12189,4233.7998046875,4168.463803710937,50555.0,1242,13.4,0,0,0,1,10
2026-06-09 23:00:00,13431,E2,demand,sd,sd:demand:10683,4246.7001953125,4199.610219726563,45496.0,2748,12.0,1,0,0,1,10
2026-06-10 00:00:00,13432,E2,demand,sd,sd:demand:10569,4231.60009765625,4166.031110839844,40579.0,2863,10.7,9,0,0,1,10
2026-06-10 01:00:00,13433,E2,demand,sd,sd:demand:10633,4213.60009765625,4148.289096679688,26529.0,2800,7.0,2,0,0,7,10
2026-06-10 05:00:00,13437,E5,supply,fvg,fvg:supply:13434,4222.0,4216.5,,3,,0,1,0,5,5
2026-06-10 07:00:00,13439,E2,demand,sd,sd:demand:10522,4223.5,4162.266994628906,45472.0,2917,12.0,12,0,1,1,8
2026-06-10 07:00:00,13439,E5,demand,fvg,fvg:demand:13438,4225.10009765625,4211.2001953125,,1,,0,0,1,1,1
2026-06-10 10:00:00,13442,E1,supply,sd,sd:supply:13441,4234.7218017578125,4196.2998046875,-28204.0,1,7.7,0,1,0,4,4
2026-06-10 11:00:00,13443,E2,demand,sd,sd:demand:10469,4192.10009765625,4140.681081542969,49376.0,2974,13.4,4,0,1,3,8
2026-06-10 13:00:00,13445,E5,supply,fvg,fvg:supply:13441,4205.0,4202.60009765625,,4,,0,1,0,1,1
2026-06-10 22:00:00,13453,E2,demand,sd,sd:demand:10422,4083.800048828125,4043.5890502929688,55702.0,3031,16.2,0,1,0,3,3
2026-06-10 23:00:00,13454,E5,demand,fvg,fvg:demand:10413,4047.89990234375,4046.300048828125,,3041,,0,1,0,2,2
2026-06-10 23:00:00,13454,E5,demand,fvg,fvg:demand:10414,4056.199951171875,4054.300048828125,,3040,,0,1,0,2,2
2026-06-11 00:00:00,13455,E5,supply,fvg,fvg:supply:13453,4105.0,4094.39990234375,,2,,0,0,1,1,1
2026-06-11 00:00:00,13455,E5,supply,fvg,fvg:supply:13454,4090.10009765625,4087.199951171875,,1,,0,0,1,1,1
2026-06-11 01:00:00,13456,E5,supply,fvg,fvg:supply:13452,4120.2001953125,4106.39990234375,,4,,0,0,0,10,10
2026-06-11 02:00:00,13457,E2,demand,sd,sd:demand:13456,4094.39990234375,4052.586916503906,30650.0,1,9.1,0,0,0,10,10
2026-06-11 02:00:00,13457,E5,demand,fvg,fvg:demand:13456,4087.39990234375,4087.199951171875,,1,,0,0,0,10,10
2026-06-11 12:00:00,13467,E2,demand,sd,sd:demand:13456,4094.39990234375,4052.586916503906,30650.0,11,9.1,1,0,0,2,5
2026-06-11 12:00:00,13467,E2,demand,sd,sd:demand:10422,4083.800048828125,4043.5890502929688,55702.0,3045,16.5,1,0,0,2,5
2026-06-11 19:00:00,13474,E1,supply,sd,sd:supply:13441,4234.7218017578125,4196.2998046875,-28204.0,33,8.3,1,0,0,2,10
2026-06-11 19:00:00,13474,E5,supply,fvg,fvg:supply:13440,4225.10009765625,4211.0,,34,,0,0,1,2,2
2026-06-11 22:00:00,13476,E5,supply,fvg,fvg:supply:13432,4255.39990234375,4251.10009765625,,44,,0,1,0,3,3
2026-06-11 22:00:00,13476,E5,demand,fvg,fvg:demand:13475,4229.2001953125,4193.0,,1,,0,0,0,2,10
2026-06-12 07:00:00,13485,E5,supply,fvg,fvg:supply:13484,4211.10009765625,4207.0,,1,,0,0,1,1,1
2026-06-12 08:00:00,13486,E5,supply,fvg,fvg:supply:13479,4234.60009765625,4232.39990234375,,7,,0,0,0,10,10
2026-06-12 10:00:00,13488,E5,demand,fvg,fvg:demand:13487,4239.10009765625,4215.2001953125,,1,,0,0,0,3,10
2026-06-12 12:00:00,13490,E5,demand,fvg,fvg:demand:13486,4213.2001953125,4207.0,,4,,0,1,0,9,9
2026-06-12 12:00:00,13490,E5,supply,fvg,fvg:supply:13489,4239.10009765625,4236.2998046875,,1,,0,0,1,3,9
2026-06-12 15:00:00,13493,E1,supply,sd,sd:supply:13491,4283.7490625,4239.10009765625,-29608.0,2,8.0,0,0,1,6,6
2026-06-12 19:00:00,13497,E2,demand,sd,sd:demand:13494,4231.2001953125,4186.01123046875,33375.0,3,9.2,0,1,0,2,2
2026-06-14 22:00:00,13499,E5,supply,fvg,fvg:supply:13424,4349.10009765625,4326.39990234375,,75,,0,0,0,3,10
2026-06-14 22:00:00,13499,E5,supply,fvg,fvg:supply:13431,4280.0,4270.60009765625,,68,,0,0,1,3,1
2026-06-15 02:00:00,13503,E1,supply,sd,sd:supply:13382,4385.447001953125,4347.5,-26341.0,121,6.9,3,0,0,10,10
2026-06-15 04:00:00,13505,E5,demand,fvg,fvg:demand:13504,4342.5,4340.7001953125,,1,,0,0,0,2,10
2026-06-15 05:00:00,13506,E5,demand,fvg,fvg:demand:13503,4337.10009765625,4328.5,,3,,0,1,0,8,8
2026-06-15 07:00:00,13508,E5,supply,fvg,fvg:supply:13507,4341.7001953125,4334.39990234375,,1,,0,0,1,4,1
2026-06-15 08:00:00,13509,E1,supply,sd,sd:supply:13424,4397.680986328125,4359.0,-48041.0,85,12.6,0,0,0,5,10
2026-06-15 11:00:00,13512,E5,demand,fvg,fvg:demand:13510,4355.10009765625,4346.0,,2,,0,0,0,9,10
2026-06-15 15:00:00,13516,E5,demand,fvg,fvg:demand:13515,4375.5,4370.7998046875,,1,,0,0,1,1,2
2026-06-15 16:00:00,13517,E2,demand,sd,sd:demand:13515,4368.89990234375,4322.402939453125,34174.0,2,8.9,0,0,0,2,10
2026-06-15 17:00:00,13518,E5,demand,fvg,fvg:demand:13509,4342.7001953125,4334.39990234375,,9,,0,0,0,10,10
2026-06-15 18:00:00,13519,E1,supply,sd,sd:supply:13382,4385.447001953125,4347.5,-26341.0,137,6.9,4,0,0,10,10
2026-06-15 20:00:00,13521,E4,demand,ob_internal,ob_internal:demand:13510,4334.39990234375,4321.60009765625,,11,,0,0,0,10,10
2026-06-15 23:00:00,13523,E5,supply,fvg,fvg:supply:13522,4338.2001953125,4337.2998046875,,1,,0,0,1,8,8
2026-06-16 03:00:00,13527,E5,supply,fvg,fvg:supply:13519,4355.89990234375,4349.7001953125,,8,,0,0,1,5,9
2026-06-16 05:00:00,13529,E1,supply,sd,sd:supply:13382,4385.447001953125,4347.5,-26341.0,147,6.9,5,0,0,2,10
2026-06-16 05:00:00,13529,E5,demand,fvg,fvg:demand:13528,4342.10009765625,4341.60009765625,,1,,0,1,0,6,6
2026-06-16 08:00:00,13532,E1,supply,sd,sd:supply:13424,4397.680986328125,4359.0,-48041.0,108,12.6,1,1,0,6,6
2026-06-16 08:00:00,13532,E5,supply,fvg,fvg:supply:13518,4370.60009765625,4360.5,,14,,0,1,0,6,6
2026-06-16 11:00:00,13535,E2,demand,sd,sd:demand:13515,4368.89990234375,4322.402939453125,34174.0,20,8.9,1,0,0,3,10
2026-06-16 11:00:00,13535,E5,demand,fvg,fvg:demand:13533,4359.39990234375,4357.10009765625,,2,,0,0,1,3,3
2026-06-16 13:00:00,13537,E5,demand,fvg,fvg:demand:13532,4354.2001953125,4345.5,,5,,0,0,0,1,10
2026-06-16 15:00:00,13539,E1,supply,sd,sd:supply:13382,4385.447001953125,4347.5,-26341.0,157,6.9,6,0,0,10,10
2026-06-16 23:00:00,13546,E5,supply,fvg,fvg:supply:13544,4357.39990234375,4356.7001953125,,2,,0,0,0,2,10
2026-06-17 00:00:00,13547,E1,supply,sd,sd:supply:13424,4397.680986328125,4359.0,-48041.0,123,12.6,2,0,0,10,10
2026-06-17 05:00:00,13552,E1,supply,sd,sd:supply:13382,4385.447001953125,4347.5,-26341.0,170,6.9,7,0,0,8,10
2026-06-17 05:00:00,13552,E5,supply,fvg,fvg:supply:13550,4354.10009765625,4353.7001953125,,2,,0,0,1,8,9
2026-06-17 13:00:00,13560,E1,supply,sd,sd:supply:13424,4397.680986328125,4359.0,-48041.0,136,12.6,3,0,0,1,5
2026-06-17 13:00:00,13560,E4,supply,ob_internal,ob_internal:supply:13551,4369.7998046875,4354.10009765625,,9,,0,0,1,1,1
2026-06-17 18:00:00,13565,E2,demand,sd,sd:demand:13561,4351.5,4306.9690771484375,29229.0,4,7.9,0,0,1,1,1
2026-06-17 18:00:00,13565,E2,demand,sd,sd:demand:13515,4368.89990234375,4322.402939453125,34174.0,50,9.2,2,0,1,1,1
2026-06-17 18:00:00,13565,E5,demand,fvg,fvg:demand:13499,4300.0,4240.7998046875,,66,,0,0,0,1,10
2026-06-17 18:00:00,13565,E5,demand,fvg,fvg:demand:13500,4301.2998046875,4240.60009765625,,65,,0,0,0,1,10
2026-06-17 19:00:00,13566,E4,demand,ob_internal,ob_internal:demand:13499,4256.7998046875,4221.0,,67,,0,1,0,4,4
2026-06-18 00:00:00,13570,E5,supply,fvg,fvg:supply:13566,4375.7001953125,4315.0,,4,,0,1,0,10,10
2026-06-18 05:00:00,13575,E5,demand,fvg,fvg:demand:13571,4326.2998046875,4303.0,,4,,0,0,1,3,5
2026-06-18 08:00:00,13578,E5,demand,fvg,fvg:demand:13570,4296.2001953125,4290.5,,8,,0,0,1,3,3
2026-06-18 12:00:00,13582,E5,supply,fvg,fvg:supply:13581,4278.60009765625,4274.2001953125,,1,,0,0,0,1,10
2026-06-18 13:00:00,13583,E5,supply,fvg,fvg:supply:13579,4307.10009765625,4292.60009765625,,4,,0,1,0,6,6
2026-06-18 15:00:00,13585,E4,demand,ob_internal,ob_internal:demand:13499,4256.7998046875,4221.0,,86,,1,0,1,4,10
2026-06-18 17:00:00,13587,E5,supply,fvg,fvg:supply:13586,4255.0,4252.5,,1,,0,1,0,6,6
2026-06-18 19:00:00,13589,E2,demand,sd,sd:demand:13494,4231.2001953125,4186.01123046875,33375.0,95,9.0,1,0,1,3,7
2026-06-18 23:00:00,13592,E4,demand,ob_swing,ob_swing:demand:13499,4215.2001953125,4191.10009765625,,93,,0,0,1,4,4
2026-06-21 22:00:00,13597,E5,demand,fvg,fvg:demand:13473,4152.0,4129.0,,124,,0,1,0,2,2
2026-06-21 23:00:00,13598,E5,supply,fvg,fvg:supply:13597,4189.5,4176.0,,1,,0,0,1,1,1
2026-06-22 00:00:00,13599,E5,supply,fvg,fvg:supply:13593,4221.2998046875,4216.89990234375,,6,,0,0,0,10,10
2026-06-22 00:00:00,13599,E5,supply,fvg,fvg:supply:13596,4201.2001953125,4194.7001953125,,3,,0,0,1,10,1
2026-06-23 06:00:00,13628,E2,demand,sd,sd:demand:13474,4129.0,4085.3290380859376,52230.0,154,13.8,0,0,0,10,10
2026-06-23 11:00:00,13633,E5,demand,fvg,fvg:demand:13632,4137.39990234375,4128.39990234375,,1,,0,0,0,10,10
2026-06-23 20:00:00,13642,E2,demand,sd,sd:demand:13474,4129.0,4085.3290380859376,52230.0,168,13.8,1,0,0,2,10
2026-06-24 00:00:00,13645,E5,supply,fvg,fvg:supply:13644,4125.0,4120.89990234375,,1,,0,1,0,2,2
2026-06-24 01:00:00,13646,E2,demand,sd,sd:demand:13456,4094.39990234375,4052.586916503906,30650.0,190,8.1,2,0,0,1,10
2026-06-24 01:00:00,13646,E4,demand,ob_swing,ob_swing:demand:13472,4106.60009765625,4072.800048828125,,174,,0,0,0,1,10
2026-06-24 01:00:00,13646,E4,demand,ob_internal,ob_internal:demand:13472,4106.60009765625,4072.800048828125,,174,,0,0,0,1,10
2026-06-24 02:00:00,13647,E2,demand,sd,sd:demand:10422,4083.800048828125,4043.5890502929688,55702.0,3225,14.8,2,0,1,10,10
2026-06-24 07:00:00,13652,E5,demand,fvg,fvg:demand:13651,4093.10009765625,4083.699951171875,,1,,0,0,1,4,4
2026-06-24 12:00:00,13657,E2,demand,sd,sd:demand:10323,4020.300048828125,3987.0520532226565,34330.0,3334,9.9,1,1,0,1,1
2026-06-24 12:00:00,13657,E2,demand,sd,sd:demand:10178,4013.10009765625,3976.6241040039063,40738.0,3479,11.7,2,1,0,1,1
2026-06-24 12:00:00,13657,E4,demand,ob_internal,ob_internal:demand:10327,4017.10009765625,3997.39990234375,,3330,,0,1,0,1,1
2026-06-24 12:00:00,13657,E4,demand,ob_swing,ob_swing:demand:10346,4017.10009765625,3997.39990234375,,3311,,0,1,0,1,1
2026-06-24 13:00:00,13658,E2,demand,sd,sd:demand:10138,3999.5,3958.7810180664064,22042.0,3520,5.9,4,0,0,1,10
2026-06-24 17:00:00,13662,E4,demand,ob_swing,ob_swing:demand:10177,3996.39990234375,3973.199951171875,,3485,,0,0,0,10,10
2026-06-24 18:00:00,13663,E2,demand,sd,sd:demand:10001,3978.800048828125,3921.2070703125,37210.0,3662,10.0,8,0,0,10,10
2026-06-24 20:00:00,13665,E5,supply,fvg,fvg:supply:13663,4012.60009765625,4011.699951171875,,2,,0,0,0,10,10
2026-06-24 23:00:00,13667,E5,demand,fvg,fvg:demand:13666,4008.800048828125,4008.199951171875,,1,,0,0,1,1,3
2026-06-25 00:00:00,13668,E2,demand,sd,sd:demand:10323,4020.300048828125,3987.0520532226565,34330.0,3345,9.2,2,0,0,2,10
2026-06-25 00:00:00,13668,E2,demand,sd,sd:demand:10178,4013.10009765625,3976.6241040039063,40738.0,3490,10.9,3,0,0,2,10
2026-06-25 00:00:00,13668,E2,demand,sd,sd:demand:10138,3999.5,3958.7810180664064,22042.0,3530,5.9,5,0,0,2,10
2026-06-25 06:00:00,13674,E4,demand,ob_swing,ob_swing:demand:10177,3996.39990234375,3973.199951171875,,3497,,1,1,0,7,7
2026-06-25 10:00:00,13678,E2,demand,sd,sd:demand:10138,3999.5,3958.7810180664064,22042.0,3540,5.9,6,1,0,3,3
2026-06-25 13:00:00,13681,E2,demand,sd,sd:demand:10323,4020.300048828125,3987.0520532226565,34330.0,3358,9.2,3,0,0,10,10
2026-06-25 14:00:00,13682,E5,demand,fvg,fvg:demand:13681,4016.60009765625,4003.199951171875,,1,,0,0,0,10,10
2026-06-26 02:00:00,13693,E2,demand,sd,sd:demand:10323,4020.300048828125,3987.0520532226565,34330.0,3370,9.2,4,1,0,5,5
2026-06-26 02:00:00,13693,E2,demand,sd,sd:demand:10178,4013.10009765625,3976.6241040039063,40738.0,3515,10.9,4,1,0,5,5
2026-06-26 02:00:00,13693,E2,demand,sd,sd:demand:10138,3999.5,3958.7810180664064,22042.0,3555,5.9,7,1,0,5,5
2026-06-26 02:00:00,13693,E4,demand,ob_internal,ob_internal:demand:13680,4016.60009765625,3981.60009765625,,13,,0,1,0,5,5
2026-06-26 02:00:00,13693,E4,demand,ob_swing,ob_swing:demand:13683,4006.60009765625,3976.300048828125,,10,,0,1,0,5,5
2026-06-26 04:00:00,13695,E5,supply,fvg,fvg:supply:13694,4029.300048828125,4022.0,,1,,0,0,1,2,3
2026-06-26 08:00:00,13699,E5,demand,fvg,fvg:demand:13698,4042.5,4037.10009765625,,1,,0,1,0,5,5
2026-06-26 09:00:00,13700,E5,supply,fvg,fvg:supply:13657,4071.0,4065.199951171875,,43,,0,0,1,4,4
2026-06-26 12:00:00,13703,E5,supply,fvg,fvg:supply:13656,4081.60009765625,4075.60009765625,,47,,0,0,1,2,2
2026-06-26 12:00:00,13703,E5,demand,fvg,fvg:demand:13701,4057.5,4053.0,,2,,0,0,0,10,10
2026-06-26 13:00:00,13704,E5,supply,fvg,fvg:supply:13655,4090.0,4083.699951171875,,49,,0,0,1,2,2
2026-06-26 14:00:00,13705,E4,supply,ob_internal,ob_internal:supply:13656,4114.7001953125,4093.10009765625,,49,,0,0,0,10,10
