timestamp,bar_index,trigger,zone_kind,source,zone_id,zone_top,zone_bottom,zone_delta,zone_age_bars,zone_pct,touches_count,label_bounce,label_break,label_bounce_bars,label_break_bars
2024-02-06 01:00:00,7,E5,supply,fvg,fvg:supply:3,2045.300048828125,2044.5,,4,,0,0,1,3,3
2024-02-06 13:00:00,10,E5,supply,fvg,fvg:supply:2,2050.10009765625,2048.300048828125,,8,,0,0,1,6,6
2024-02-07 05:00:00,14,E5,demand,fvg,fvg:demand:11,2048.300048828125,2044.0,,3,,0,0,1,7,8
2024-02-08 17:00:00,23,E4,supply,ob_internal,ob_internal:supply:20,2061.300048828125,2048.0,,3,,0,0,0,10,10
2024-02-11 21:00:00,31,E5,supply,fvg,fvg:supply:29,2043.0,2040.699951171875,,2,,0,1,0,4,4
2024-02-13 13:00:00,41,E5,demand,fvg,fvg:demand:40,2038.5999755859373,2034.699951171875,,1,,0,0,1,4,1
2024-02-15 09:00:00,52,E5,supply,fvg,fvg:supply:42,2038.5999755859373,2009.0,,10,,0,0,0,1,10
2024-02-16 13:00:00,59,E5,demand,fvg,fvg:demand:54,2011.699951171875,2010.699951171875,,5,,0,1,0,6,6
2024-02-20 09:00:00,65,E1,supply,sd,sd:supply:43,2053.481800426136,2038.5999755859373,-165253.0,22,52.7,0,0,0,10,10
2024-02-20 17:00:00,67,E5,demand,fvg,fvg:demand:66,2036.800048828125,2034.300048828125,,1,,0,0,0,10,10
2024-02-21 01:00:00,69,E5,supply,fvg,fvg:supply:68,2036.800048828125,2036.300048828125,,1,,0,0,1,10,1
2024-02-21 09:00:00,71,E5,demand,fvg,fvg:demand:70,2037.0999755859373,2036.300048828125,,1,,0,0,1,1,7
2024-02-22 01:00:00,75,E1,supply,sd,sd:supply:43,2053.481800426136,2038.5999755859373,-165253.0,32,52.7,1,0,0,1,8
2024-02-22 09:00:00,77,E5,demand,fvg,fvg:demand:76,2038.0999755859373,2037.0,,1,,0,0,1,1,1
2024-02-22 21:00:00,80,E5,supply,fvg,fvg:supply:79,2037.0999755859373,2034.699951171875,,1,,0,0,1,4,4
2024-02-23 05:00:00,82,E5,demand,fvg,fvg:demand:63,2028.0999755859373,2026.0,,19,,0,1,0,2,2
2024-02-23 13:00:00,84,E4,supply,ob_internal,ob_internal:supply:20,2061.300048828125,2048.0,,64,,1,1,0,7,7
2024-02-23 13:00:00,84,E4,supply,ob_swing,ob_swing:supply:35,2061.300048828125,2048.0,,49,,0,1,0,7,7
2024-02-23 21:00:00,86,E5,demand,fvg,fvg:demand:85,2045.9000244140625,2038.300048828125,,1,,0,0,0,5,10
2024-02-26 05:00:00,89,E5,supply,fvg,fvg:supply:87,2045.9000244140625,2044.9000244140625,,2,,0,0,0,10,10
2024-02-26 05:00:00,89,E5,supply,fvg,fvg:supply:88,2045.199951171875,2043.9000244140625,,1,,0,0,0,10,10
2024-02-26 13:00:00,91,E4,demand,ob_internal,ob_internal:demand:84,2038.300048828125,2025.4000244140625,,7,,0,0,0,10,10
2024-02-26 17:00:00,92,E1,supply,sd,sd:supply:43,2053.481800426136,2038.5999755859373,-165253.0,49,52.7,2,0,0,3,10
2024-02-28 01:00:00,100,E5,supply,fvg,fvg:supply:99,2041.0999755859373,2040.0999755859373,,1,,0,0,1,3,3
2024-02-28 05:00:00,101,E4,demand,ob_internal,ob_internal:demand:84,2038.300048828125,2025.4000244140625,,17,,1,1,0,2,2
2024-02-28 09:00:00,102,E1,supply,sd,sd:supply:43,2053.481800426136,2038.5999755859373,-165253.0,59,52.7,3,0,1,1,7
2024-02-29 09:00:00,108,E2,demand,sd,sd:demand:104,2040.9000244140625,2027.5857386997768,101194.0,4,24.4,0,1,0,1,1
2024-02-29 09:00:00,108,E5,demand,fvg,fvg:demand:104,2040.0999755859373,2039.5,,4,,0,1,0,1,1
2024-02-29 13:00:00,109,E4,supply,ob_internal,ob_internal:supply:20,2061.300048828125,2048.0,,89,,2,0,1,5,6
2024-02-29 13:00:00,109,E4,supply,ob_swing,ob_swing:supply:35,2061.300048828125,2048.0,,74,,1,0,1,5,6
2024-02-29 21:00:00,111,E5,demand,fvg,fvg:demand:110,2051.800048828125,2045.9000244140625,,1,,0,1,0,3,3
2024-03-03 21:00:00,118,E5,demand,fvg,fvg:demand:117,2091.699951171875,2090.800048828125,,1,,0,1,0,4,4
2024-03-04 01:00:00,119,E5,demand,fvg,fvg:demand:116,2088.699951171875,2066.10009765625,,3,,0,1,0,3,3
2024-03-04 21:00:00,124,E5,demand,fvg,fvg:demand:123,2122.0,2094.39990234375,,1,,0,1,0,4,4
2024-03-05 21:00:00,130,E5,demand,fvg,fvg:demand:129,2136.0,2135.800048828125,,1,,0,1,0,4,4
2024-03-08 13:00:00,146,E5,demand,fvg,fvg:demand:145,2171.5,2168.89990234375,,1,,0,0,0,1,10
2024-03-12 09:00:00,158,E2,demand,sd,sd:demand:146,2168.89990234375,2153.569284452062,188022.0,12,30.4,0,0,0,1,10
2024-03-12 09:00:00,158,E5,supply,fvg,fvg:supply:157,2186.300048828125,2185.39990234375,,1,,0,0,0,10,10
2024-03-13 13:00:00,165,E5,supply,fvg,fvg:supply:159,2179.199951171875,2175.699951171875,,6,,0,1,0,6,6
2024-03-13 17:00:00,166,E1,supply,sd,sd:supply:159,2199.21990814209,2183.39990234375,-240019.0,7,28.0,0,1,0,5,5
2024-03-14 01:00:00,168,E5,demand,fvg,fvg:demand:166,2177.0,2171.699951171875,,2,,0,0,1,2,3
2024-03-14 09:00:00,170,E2,demand,sd,sd:demand:166,2166.89990234375,2151.0232518361713,163590.0,4,16.0,0,0,0,1,10
2024-03-14 09:00:00,170,E2,demand,sd,sd:demand:146,2168.89990234375,2153.569284452062,188022.0,24,18.4,1,0,0,1,10
2024-03-14 09:00:00,170,E5,supply,fvg,fvg:supply:169,2178.300048828125,2176.10009765625,,1,,0,0,0,6,10
2024-03-15 05:00:00,175,E5,supply,fvg,fvg:supply:171,2171.60009765625,2171.5,,4,,0,1,0,4,4
2024-03-15 09:00:00,176,E5,demand,fvg,fvg:demand:175,2167.60009765625,2167.10009765625,,1,,0,0,1,3,3
2024-03-18 09:00:00,182,E4,supply,ob_internal,ob_internal:supply:180,2176.89990234375,2161.39990234375,,2,,0,0,0,10,10
2024-03-19 05:00:00,187,E2,demand,sd,sd:demand:183,2159.89990234375,2144.032506528108,140976.0,4,14.7,0,1,0,9,9
2024-03-19 05:00:00,187,E5,demand,fvg,fvg:demand:183,2158.0,2157.89990234375,,4,,0,1,0,9,9
2024-03-20 13:00:00,195,E1,supply,sd,sd:supply:178,2183.439208984375,2167.60009765625,-148728.0,17,15.5,0,0,1,1,1
2024-03-20 13:00:00,195,E5,supply,fvg,fvg:supply:194,2159.60009765625,2159.0,,1,,0,0,1,1,1
2024-03-20 17:00:00,196,E1,supply,sd,sd:supply:159,2199.21990814209,2183.39990234375,-240019.0,37,25.0,1,0,1,1,1
2024-03-21 05:00:00,199,E5,demand,fvg,fvg:demand:198,2200.199951171875,2192.199951171875,,1,,0,0,1,2,2
2024-03-21 13:00:00,201,E5,demand,fvg,fvg:demand:197,2190.0,2168.199951171875,,4,,0,0,0,4,10
2024-03-21 21:00:00,203,E5,supply,fvg,fvg:supply:202,2201.800048828125,2186.300048828125,,1,,0,1,0,5,5
2024-03-22 09:00:00,206,E5,supply,fvg,fvg:supply:205,2182.800048828125,2177.60009765625,,1,,0,0,0,10,10
2024-03-22 17:00:00,208,E2,demand,sd,sd:demand:197,2159.0,2142.7424230093907,178004.0,11,23.8,0,1,0,10,10
2024-03-22 17:00:00,208,E2,demand,sd,sd:demand:183,2159.89990234375,2144.032506528108,140976.0,25,18.8,1,1,0,10,10
2024-03-22 17:00:00,208,E5,demand,fvg,fvg:demand:196,2159.800048828125,2159.0,,12,,0,1,0,10,10
2024-03-25 17:00:00,214,E5,demand,fvg,fvg:demand:213,2174.0,2172.10009765625,,1,,0,1,0,4,4
2024-03-26 13:00:00,219,E5,demand,fvg,fvg:demand:218,2178.800048828125,2174.699951171875,,1,,0,1,0,4,4
2024-04-01 09:00:00,236,E5,demand,fvg,fvg:demand:234,2270.5,2256.89990234375,,2,,0,0,0,1,10
2024-04-01 13:00:00,237,E5,demand,fvg,fvg:demand:233,2255.5,2246.800048828125,,4,,0,1,0,7,7
2024-04-01 17:00:00,238,E1,supply,sd,sd:supply:237,2291.107009277344,2270.5,-140686.0,1,16.9,0,0,0,5,10
2024-04-03 01:00:00,246,E5,demand,fvg,fvg:demand:245,2298.10009765625,2297.89990234375,,1,,0,0,0,2,10
2024-04-03 09:00:00,248,E2,demand,sd,sd:demand:245,2287.5,2266.4849951171873,163870.0,3,21.7,0,0,0,10,10
2024-04-03 13:00:00,249,E5,supply,fvg,fvg:supply:248,2296.800048828125,2295.5,,1,,0,0,1,10,1
2024-04-04 05:00:00,253,E5,demand,fvg,fvg:demand:251,2316.199951171875,2316.0,,2,,0,0,1,5,3
2024-04-04 09:00:00,254,E5,demand,fvg,fvg:demand:250,2309.39990234375,2295.5,,4,,0,0,0,4,7
2024-04-04 13:00:00,255,E5,supply,fvg,fvg:supply:254,2317.199951171875,2314.60009765625,,1,,0,0,1,1,6
2024-04-04 17:00:00,256,E1,supply,sd,sd:supply:255,2337.8789599609377,2316.199951171875,-142534.0,1,15.9,0,0,1,5,8
2024-04-05 01:00:00,258,E2,demand,sd,sd:demand:245,2287.5,2266.4849951171873,163870.0,13,18.2,1,1,0,3,3
2024-04-07 21:00:00,263,E5,demand,fvg,fvg:demand:262,2339.699951171875,2315.699951171875,,1,,0,1,0,1,1
2024-04-08 09:00:00,266,E5,demand,fvg,fvg:demand:265,2350.39990234375,2348.10009765625,,1,,0,0,0,10,10
2024-04-09 13:00:00,273,E5,demand,fvg,fvg:demand:271,2361.5,2360.5,,2,,0,0,1,6,6
2024-04-10 09:00:00,278,E5,demand,fvg,fvg:demand:269,2355.699951171875,2354.800048828125,,9,,0,0,1,1,1
2024-04-10 17:00:00,280,E1,supply,sd,sd:supply:279,2387.723916015625,2362.89990234375,-251100.0,1,24.2,0,0,1,6,8
2024-04-10 17:00:00,280,E4,demand,ob_internal,ob_internal:demand:271,2354.800048828125,2336.800048828125,,9,,0,1,0,6,6
2024-04-12 13:00:00,291,E5,demand,fvg,fvg:demand:287,2388.60009765625,2368.5,,4,,0,0,1,1,6
2024-04-12 13:00:00,291,E5,demand,fvg,fvg:demand:288,2396.10009765625,2395.60009765625,,3,,0,0,1,1,1
2024-04-12 13:00:00,291,E5,demand,fvg,fvg:demand:289,2400.89990234375,2397.199951171875,,2,,0,0,1,1,1
2024-04-12 17:00:00,292,E2,demand,sd,sd:demand:286,2361.699951171875,2336.1789392089845,197951.0,6,23.5,0,1,0,7,7
2024-04-12 17:00:00,292,E4,demand,ob_swing,ob_swing:demand:286,2361.699951171875,2343.10009765625,,6,,0,1,0,7,7
2024-04-12 17:00:00,292,E4,demand,ob_internal,ob_internal:demand:286,2361.699951171875,2343.10009765625,,6,,0,1,0,7,7
2024-04-12 17:00:00,292,E5,demand,fvg,fvg:demand:286,2365.60009765625,2362.199951171875,,6,,0,1,0,7,7
2024-04-15 17:00:00,298,E1,supply,sd,sd:supply:293,2427.958916015625,2400.89990234375,-398544.0,5,32.1,0,0,0,10,10
2024-04-15 17:00:00,298,E5,supply,fvg,fvg:supply:292,2407.5,2390.300048828125,,6,,0,0,0,10,10
2024-04-16 01:00:00,300,E5,demand,fvg,fvg:demand:299,2396.60009765625,2378.199951171875,,1,,0,0,0,1,10
2024-04-16 13:00:00,303,E5,supply,fvg,fvg:supply:302,2395.60009765625,2394.60009765625,,1,,0,0,0,10,10
2024-04-17 05:00:00,307,E5,demand,fvg,fvg:demand:304,2395.199951171875,2394.60009765625,,3,,0,0,1,2,3
2024-04-17 13:00:00,309,E1,supply,sd,sd:supply:293,2427.958916015625,2400.89990234375,-398544.0,16,32.1,1,0,0,9,10
2024-04-18 01:00:00,312,E1,supply,sd,sd:supply:310,2418.448015136719,2389.0,-221685.0,2,15.1,0,0,0,6,10
2024-04-18 13:00:00,315,E5,demand,fvg,fvg:demand:313,2388.5,2385.0,,2,,0,0,1,9,10
2024-04-18 13:00:00,315,E5,demand,fvg,fvg:demand:314,2392.10009765625,2391.199951171875,,1,,0,0,1,9,10
2024-04-18 17:00:00,316,E2,demand,sd,sd:demand:315,2395.0,2365.6739892578125,166763.0,1,11.5,0,1,0,2,2
2024-04-19 05:00:00,319,E1,supply,sd,sd:supply:293,2427.958916015625,2400.89990234375,-398544.0,26,27.4,2,1,0,7,7
2024-04-21 21:00:00,323,E5,demand,fvg,fvg:demand:322,2401.5,2400.800048828125,,1,,0,0,1,1,1
2024-04-22 09:00:00,326,E2,demand,sd,sd:demand:286,2361.699951171875,2336.1789392089845,197951.0,40,13.6,1,0,1,4,4
2024-04-22 09:00:00,326,E4,demand,ob_internal,ob_internal:demand:271,2354.800048828125,2336.800048828125,,55,,1,0,1,4,4
2024-04-23 13:00:00,333,E5,supply,fvg,fvg:supply:331,2340.89990234375,2328.39990234375,,2,,0,0,0,10,10
2024-04-23 21:00:00,335,E5,demand,fvg,fvg:demand:334,2334.89990234375,2327.300048828125,,1,,0,0,0,7,10
2024-04-25 13:00:00,345,E5,demand,fvg,fvg:demand:344,2335.39990234375,2333.89990234375,,1,,0,0,0,10,10
2024-04-26 05:00:00,349,E5,supply,fvg,fvg:supply:327,2365.199951171875,2358.0,,22,,0,0,0,10,10
2024-04-26 13:00:00,351,E5,demand,fvg,fvg:demand:350,2352.5,2351.5,,1,,0,0,1,10,3
2024-04-30 05:00:00,361,E4,demand,ob_internal,ob_internal:demand:348,2333.89990234375,2316.39990234375,,13,,0,0,1,2,3
2024-04-30 17:00:00,364,E2,demand,sd,sd:demand:261,2302.699951171875,2280.1089416503905,210968.0,103,15.0,0,1,0,6,6
2024-04-30 17:00:00,364,E4,demand,ob_internal,ob_internal:demand:261,2302.699951171875,2286.199951171875,,103,,0,1,0,6,6
2024-05-01 09:00:00,368,E5,supply,fvg,fvg:supply:364,2315.0,2308.5,,4,,0,0,1,2,2
2024-05-01 17:00:00,370,E5,supply,fvg,fvg:supply:361,2343.10009765625,2338.0,,9,,0,1,0,5,5
2024-05-01 17:00:00,370,E5,supply,fvg,fvg:supply:362,2336.0,2329.0,,8,,0,1,0,5,5
2024-05-02 01:00:00,372,E5,demand,fvg,fvg:demand:371,2328.199951171875,2321.5,,1,,0,0,1,1,2
2024-05-02 09:00:00,374,E2,demand,sd,sd:demand:261,2302.699951171875,2280.1089416503905,210968.0,113,15.3,1,0,0,7,10
2024-05-02 09:00:00,374,E5,demand,fvg,fvg:demand:369,2305.5,2300.39990234375,,5,,0,0,1,7,7
2024-05-02 13:00:00,375,E2,demand,sd,sd:demand:369,2299.89990234375,2267.366906738281,111856.0,6,8.1,0,0,0,6,10
2024-05-02 13:00:00,375,E5,supply,fvg,fvg:supply:374,2326.699951171875,2314.800048828125,,1,,0,0,0,5,10
2024-05-03 13:00:00,381,E2,demand,sd,sd:demand:245,2287.5,2266.4849951171873,163870.0,136,11.9,2,1,0,6,6
2024-05-06 21:00:00,389,E4,supply,ob_internal,ob_internal:supply:361,2358.89990234375,2336.800048828125,,28,,0,0,0,10,10
2024-05-07 13:00:00,393,E5,supply,fvg,fvg:supply:392,2328.199951171875,2325.800048828125,,1,,0,0,0,10,10
2024-05-08 01:00:00,396,E2,demand,sd,sd:demand:387,2314.60009765625,2280.642099609375,146231.0,9,10.9,0,0,0,1,10
2024-05-08 01:00:00,396,E5,demand,fvg,fvg:demand:385,2317.699951171875,2314.60009765625,,11,,0,0,0,1,10
2024-05-08 05:00:00,397,E4,demand,ob_internal,ob_internal:demand:386,2317.60009765625,2285.199951171875,,11,,0,1,0,8,8
2024-05-09 17:00:00,406,E4,supply,ob_internal,ob_internal:supply:361,2358.89990234375,2336.800048828125,,45,,1,0,1,3,3
2024-05-09 17:00:00,406,E4,supply,ob_swing,ob_swing:supply:364,2364.39990234375,2352.5,,42,,0,0,1,3,3
2024-05-10 09:00:00,410,E5,supply,fvg,fvg:supply:325,2395.60009765625,2384.10009765625,,85,,0,1,0,7,7
2024-05-10 13:00:00,411,E5,demand,fvg,fvg:demand:410,2367.5,2362.800048828125,,1,,0,0,1,3,4
2024-05-13 01:00:00,414,E5,demand,fvg,fvg:demand:409,2360.699951171875,2355.89990234375,,5,,0,0,1,1,3
2024-05-13 05:00:00,415,E5,demand,fvg,fvg:demand:407,2352.0,2345.800048828125,,8,,0,0,0,10,10
2024-05-14 13:00:00,423,E5,supply,fvg,fvg:supply:415,2365.800048828125,2361.300048828125,,8,,0,0,1,4,4
2024-05-14 13:00:00,423,E5,supply,fvg,fvg:supply:416,2360.39990234375,2356.300048828125,,7,,0,0,1,4,4
2024-05-15 13:00:00,429,E1,supply,sd,sd:supply:310,2418.448015136719,2389.0,-221685.0,119,15.6,1,0,0,10,10
2024-05-15 13:00:00,429,E5,demand,fvg,fvg:demand:424,2357.60009765625,2356.199951171875,,5,,0,0,0,6,10
2024-05-15 21:00:00,431,E5,supply,fvg,fvg:supply:324,2401.5,2398.699951171875,,107,,0,0,1,10,10
2024-05-16 01:00:00,432,E1,supply,sd,sd:supply:293,2427.958916015625,2400.89990234375,-398544.0,139,28.1,3,0,0,9,10
2024-05-16 05:00:00,433,E5,demand,fvg,fvg:demand:430,2389.10009765625,2386.39990234375,,3,,0,0,0,2,8
2024-05-17 05:00:00,439,E1,supply,sd,sd:supply:310,2418.448015136719,2389.0,-221685.0,129,15.6,2,0,1,2,4
2024-05-17 05:00:00,439,E5,supply,fvg,fvg:supply:435,2388.60009765625,2388.300048828125,,4,,0,0,1,2,2
2024-05-17 13:00:00,441,E4,supply,ob_swing,ob_swing:supply:326,2417.10009765625,2401.5,,115,,0,0,1,1,2
2024-05-17 13:00:00,441,E4,supply,ob_internal,ob_internal:supply:326,2417.10009765625,2401.5,,115,,0,0,1,1,2
2024-05-20 09:00:00,446,E5,demand,fvg,fvg:demand:444,2430.0,2427.39990234375,,2,,0,0,1,10,4
2024-05-20 09:00:00,446,E5,demand,fvg,fvg:demand:445,2435.800048828125,2431.0,,1,,0,0,1,10,1
2024-05-20 17:00:00,448,E5,supply,fvg,fvg:supply:447,2435.800048828125,2432.39990234375,,1,,0,0,0,10,10
2024-05-21 01:00:00,450,E5,demand,fvg,fvg:demand:442,2410.300048828125,2398.800048828125,,8,,0,0,1,9,10
2024-05-21 09:00:00,452,E5,supply,fvg,fvg:supply:451,2428.199951171875,2425.89990234375,,1,,0,1,0,7,7
2024-05-22 09:00:00,458,E5,supply,fvg,fvg:supply:457,2423.89990234375,2422.10009765625,,1,,0,1,0,1,1
2024-05-22 13:00:00,459,E5,demand,fvg,fvg:demand:440,2386.0,2385.0,,19,,0,0,1,1,3
2024-05-22 13:00:00,459,E5,demand,fvg,fvg:demand:441,2397.800048828125,2392.199951171875,,18,,0,0,1,1,3
2024-05-22 17:00:00,460,E4,demand,ob_internal,ob_internal:demand:441,2388.300048828125,2375.199951171875,,19,,0,0,1,3,3
2024-05-23 13:00:00,465,E2,demand,sd,sd:demand:424,2351.5,2318.2040014648437,144157.0,41,14.5,0,0,0,3,10
2024-05-23 13:00:00,465,E4,demand,ob_swing,ob_swing:demand:429,2355.5,2338.699951171875,,36,,0,0,0,3,10
2024-05-23 13:00:00,465,E4,demand,ob_internal,ob_internal:demand:429,2355.5,2338.699951171875,,36,,0,0,0,3,10
2024-05-24 01:00:00,468,E2,demand,sd,sd:demand:406,2326.5,2292.8379907226563,184449.0,62,18.6,0,0,0,10,10
2024-05-24 01:00:00,468,E5,supply,fvg,fvg:supply:467,2341.199951171875,2334.89990234375,,1,,0,0,1,7,9
2024-05-24 09:00:00,470,E5,supply,fvg,fvg:supply:466,2360.89990234375,2344.60009765625,,4,,0,0,0,7,10
2024-05-28 05:00:00,476,E2,demand,sd,sd:demand:424,2351.5,2318.2040014648437,144157.0,52,14.5,1,0,0,10,10
2024-05-28 05:00:00,476,E5,demand,fvg,fvg:demand:475,2351.5,2342.199951171875,,1,,0,0,0,10,10
2024-05-29 05:00:00,482,E2,demand,sd,sd:demand:479,2354.39990234375,2323.9409252929686,152867.0,3,16.3,0,0,0,4,8
2024-05-30 05:00:00,488,E2,demand,sd,sd:demand:406,2326.5,2292.8379907226563,184449.0,82,19.7,1,0,0,1,10
2024-05-30 05:00:00,488,E5,supply,fvg,fvg:supply:483,2355.0,2347.800048828125,,5,,0,1,0,1,1
2024-05-30 09:00:00,489,E2,demand,sd,sd:demand:424,2351.5,2318.2040014648437,144157.0,65,15.4,2,0,0,1,10
2024-05-30 21:00:00,492,E2,demand,sd,sd:demand:479,2354.39990234375,2323.9409252929686,152867.0,13,16.3,1,0,0,1,10
2024-05-31 09:00:00,495,E5,supply,fvg,fvg:supply:463,2380.39990234375,2375.0,,32,,0,1,0,1,1
2024-05-31 13:00:00,496,E4,demand,ob_internal,ob_internal:demand:495,2368.0,2338.300048828125,,1,,0,0,0,1,10
2024-06-03 13:00:00,502,E2,demand,sd,sd:demand:479,2354.39990234375,2323.9409252929686,152867.0,23,14.5,2,0,0,5,10
2024-06-03 13:00:00,502,E2,demand,sd,sd:demand:424,2351.5,2318.2040014648437,144157.0,78,13.7,3,0,0,5,10
2024-06-04 01:00:00,505,E5,demand,fvg,fvg:demand:503,2365.300048828125,2355.199951171875,,2,,0,0,1,2,3
2024-06-04 09:00:00,507,E5,demand,fvg,fvg:demand:502,2350.39990234375,2349.5,,5,,0,0,0,1,10
2024-06-04 13:00:00,508,E5,supply,fvg,fvg:supply:507,2363.5,2356.10009765625,,1,,0,0,1,5,9
2024-06-05 05:00:00,512,E2,demand,sd,sd:demand:479,2354.39990234375,2323.9409252929686,152867.0,33,14.5,3,1,0,5,5
2024-06-05 05:00:00,512,E2,demand,sd,sd:demand:424,2351.5,2318.2040014648437,144157.0,88,13.7,4,1,0,5,5
2024-06-06 09:00:00,519,E5,demand,fvg,fvg:demand:518,2378.60009765625,2377.0,,1,,0,1,0,4,4
2024-06-06 13:00:00,520,E5,supply,fvg,fvg:supply:460,2408.0,2397.699951171875,,60,,0,1,0,4,4
2024-06-07 05:00:00,524,E5,demand,fvg,fvg:demand:515,2371.60009765625,2364.0,,9,,0,0,1,1,1
2024-06-07 05:00:00,524,E5,demand,fvg,fvg:demand:521,2388.0,2384.5,,3,,0,0,1,1,1
2024-06-07 09:00:00,525,E2,demand,sd,sd:demand:479,2354.39990234375,2323.9409252929686,152867.0,46,16.3,4,0,1,2,2
2024-06-07 09:00:00,525,E2,demand,sd,sd:demand:424,2351.5,2318.2040014648437,144157.0,101,15.4,5,0,0,2,10
2024-06-07 09:00:00,525,E4,demand,ob_swing,ob_swing:demand:517,2358.39990234375,2335.10009765625,,8,,0,0,1,2,2
2024-06-07 09:00:00,525,E4,demand,ob_internal,ob_internal:demand:517,2358.39990234375,2335.10009765625,,8,,0,0,1,2,2
2024-06-07 13:00:00,526,E2,demand,sd,sd:demand:406,2326.5,2292.8379907226563,184449.0,120,19.7,2,0,0,1,10
2024-06-07 17:00:00,527,E2,demand,sd,sd:demand:387,2314.60009765625,2280.642099609375,146231.0,140,12.5,1,0,0,1,10
2024-06-07 17:00:00,527,E4,demand,ob_swing,ob_swing:demand:406,2329.60009765625,2311.39990234375,,121,,0,0,0,1,10
2024-06-07 17:00:00,527,E4,demand,ob_internal,ob_internal:demand:406,2329.60009765625,2311.39990234375,,121,,0,0,0,1,10
2024-06-09 21:00:00,528,E4,demand,ob_internal,ob_internal:demand:386,2317.60009765625,2285.199951171875,,142,,1,0,0,10,10
2024-06-10 01:00:00,529,E5,supply,fvg,fvg:supply:528,2320.199951171875,2317.0,,1,,0,0,0,3,10
2024-06-10 13:00:00,532,E5,supply,fvg,fvg:supply:527,2330.60009765625,2330.39990234375,,5,,0,0,0,10,10
2024-06-11 01:00:00,535,E5,demand,fvg,fvg:demand:532,2317.60009765625,2314.699951171875,,3,,0,1,0,8,8
2024-06-11 09:00:00,537,E5,supply,fvg,fvg:supply:536,2326.0,2324.5,,1,,0,0,1,6,6
2024-06-11 13:00:00,538,E2,demand,sd,sd:demand:406,2326.5,2292.8379907226563,184449.0,132,14.8,3,1,0,6,6
2024-06-12 09:00:00,543,E5,supply,fvg,fvg:supply:526,2360.699951171875,2346.199951171875,,17,,0,1,0,4,4
2024-06-12 17:00:00,545,E2,demand,sd,sd:demand:544,2333.300048828125,2303.995068359375,165560.0,1,13.3,0,0,0,2,10
2024-06-12 17:00:00,545,E5,demand,fvg,fvg:demand:544,2337.10009765625,2334.5,,1,,0,0,1,2,4
2024-06-12 21:00:00,546,E4,demand,ob_internal,ob_internal:demand:543,2337.300048828125,2319.10009765625,,3,,0,0,0,3,10
2024-06-13 05:00:00,548,E2,demand,sd,sd:demand:406,2326.5,2292.8379907226563,184449.0,142,14.8,4,0,0,2,10
2024-06-13 13:00:00,550,E2,demand,sd,sd:demand:387,2314.60009765625,2280.642099609375,146231.0,163,11.7,2,1,0,5,5
2024-06-13 13:00:00,550,E4,demand,ob_internal,ob_internal:demand:386,2317.60009765625,2285.199951171875,,164,,2,1,0,5,5
2024-06-13 13:00:00,550,E4,demand,ob_internal,ob_internal:demand:537,2324.5,2314.5,,13,,0,1,0,5,5
2024-06-14 09:00:00,555,E4,supply,ob_internal,ob_internal:supply:550,2358.800048828125,2337.10009765625,,5,,0,0,0,10,10
2024-06-17 01:00:00,559,E5,demand,fvg,fvg:demand:556,2339.5,2337.199951171875,,3,,0,0,1,3,8
2024-06-17 05:00:00,560,E2,demand,sd,sd:demand:544,2333.300048828125,2303.995068359375,165560.0,16,13.3,1,0,0,7,10
2024-06-17 05:00:00,560,E5,demand,fvg,fvg:demand:555,2330.60009765625,2323.800048828125,,5,,0,0,0,7,10
2024-06-17 13:00:00,562,E2,demand,sd,sd:demand:406,2326.5,2292.8379907226563,184449.0,156,14.8,5,0,0,10,10
2024-06-17 13:00:00,562,E5,supply,fvg,fvg:supply:560,2340.0,2338.5,,2,,0,0,1,6,10
2024-06-18 13:00:00,568,E4,supply,ob_internal,ob_internal:supply:550,2358.800048828125,2337.10009765625,,18,,1,0,1,5,7
2024-06-18 13:00:00,568,E5,supply,fvg,fvg:supply:559,2344.0,2343.89990234375,,9,,0,0,1,5,5
2024-06-18 21:00:00,570,E5,demand,fvg,fvg:demand:569,2342.199951171875,2338.800048828125,,1,,0,1,0,5,5
2024-06-20 05:00:00,573,E5,demand,fvg,fvg:demand:572,2347.39990234375,2345.0,,1,,0,1,0,2,2
2024-06-20 13:00:00,575,E5,supply,fvg,fvg:supply:525,2388.300048828125,2366.39990234375,,50,,0,1,0,6,6
2024-06-21 13:00:00,581,E2,demand,sd,sd:demand:576,2359.199951171875,2330.56296875,133851.0,5,11.4,0,0,0,10,10
2024-06-21 13:00:00,581,E4,demand,ob_swing,ob_swing:demand:572,2338.800048828125,2320.199951171875,,9,,0,0,0,10,10
2024-06-21 13:00:00,581,E4,demand,ob_internal,ob_internal:demand:572,2338.800048828125,2320.199951171875,,9,,0,0,0,10,10
2024-06-21 13:00:00,581,E5,demand,fvg,fvg:demand:576,2368.10009765625,2358.5,,5,,0,0,1,10,1
2024-06-21 17:00:00,582,E2,demand,sd,sd:demand:544,2333.300048828125,2303.995068359375,165560.0,38,14.1,2,0,0,10,10
2024-06-24 01:00:00,584,E5,supply,fvg,fvg:supply:582,2373.89990234375,2338.39990234375,,2,,0,0,0,8,10
2024-06-25 09:00:00,592,E4,demand,ob_swing,ob_swing:demand:572,2338.800048828125,2320.199951171875,,20,,1,0,1,4,7
2024-06-25 09:00:00,592,E4,demand,ob_internal,ob_internal:demand:572,2338.800048828125,2320.199951171875,,20,,1,0,1,4,7
2024-06-25 13:00:00,593,E2,demand,sd,sd:demand:544,2333.300048828125,2303.995068359375,165560.0,49,12.6,3,0,0,5,10
2024-06-25 21:00:00,595,E5,supply,fvg,fvg:supply:594,2336.60009765625,2332.699951171875,,1,,0,1,0,4,4
2024-06-26 01:00:00,596,E2,demand,sd,sd:demand:406,2326.5,2292.8379907226563,184449.0,190,13.2,6,0,0,2,10
2024-06-26 13:00:00,599,E2,demand,sd,sd:demand:387,2314.60009765625,2280.642099609375,146231.0,212,10.5,3,1,0,5,5
2024-06-26 13:00:00,599,E4,demand,ob_internal,ob_internal:demand:386,2317.60009765625,2285.199951171875,,213,,3,1,0,5,5
2024-06-27 05:00:00,603,E5,supply,fvg,fvg:supply:600,2315.699951171875,2314.300048828125,,3,,0,0,1,1,1
2024-06-27 09:00:00,604,E1,supply,sd,sd:supply:599,2357.0208740234375,2328.89990234375,-164273.0,5,10.6,0,0,0,6,10
2024-06-27 13:00:00,605,E2,demand,sd,sd:demand:544,2333.300048828125,2303.995068359375,165560.0,61,10.6,4,0,0,10,10
2024-06-27 17:00:00,606,E4,supply,ob_swing,ob_swing:supply:596,2349.699951171875,2336.60009765625,,10,,0,0,0,4,10
2024-06-27 17:00:00,606,E4,supply,ob_internal,ob_internal:supply:596,2349.699951171875,2336.60009765625,,10,,0,0,0,4,10
2024-06-28 01:00:00,608,E5,demand,fvg,fvg:demand:605,2330.199951171875,2319.0,,3,,0,0,0,10,10
2024-06-28 13:00:00,611,E5,demand,fvg,fvg:demand:610,2337.60009765625,2335.60009765625,,1,,0,0,0,4,10
2024-07-01 05:00:00,615,E2,demand,sd,sd:demand:544,2333.300048828125,2303.995068359375,165560.0,71,10.6,5,0,0,10,10
2024-07-03 13:00:00,627,E1,supply,sd,sd:supply:582,2397.1720751953126,2368.60009765625,-144471.0,45,9.3,0,0,0,3,10
2024-07-05 09:00:00,630,E5,demand,fvg,fvg:demand:627,2356.89990234375,2341.300048828125,,3,,0,0,0,7,10
2024-07-05 09:00:00,630,E5,demand,fvg,fvg:demand:628,2369.699951171875,2341.699951171875,,2,,0,0,0,7,10
2024-07-05 13:00:00,631,E1,supply,sd,sd:supply:526,2418.052023925781,2388.300048828125,-232620.0,105,17.4,0,1,0,6,6
2024-07-07 21:00:00,633,E5,demand,fvg,fvg:demand:632,2392.800048828125,2385.199951171875,,1,,0,0,1,2,4
2024-07-08 09:00:00,636,E5,demand,fvg,fvg:demand:631,2378.699951171875,2376.300048828125,,5,,0,0,1,1,1
2024-07-08 13:00:00,637,E5,supply,fvg,fvg:supply:636,2389.199951171875,2385.199951171875,,1,,0,0,0,10,10
2024-07-08 21:00:00,639,E5,supply,fvg,fvg:supply:638,2376.10009765625,2367.39990234375,,1,,0,0,1,8,9
2024-07-10 09:00:00,648,E1,supply,sd,sd:supply:526,2418.052023925781,2388.300048828125,-232620.0,122,19.5,1,0,1,6,7
2024-07-10 17:00:00,650,E5,demand,fvg,fvg:demand:648,2378.10009765625,2376.800048828125,,2,,0,1,0,4,4
2024-07-11 01:00:00,652,E5,supply,fvg,fvg:supply:651,2380.39990234375,2380.10009765625,,1,,0,0,1,2,2
2024-07-11 09:00:00,654,E1,supply,sd,sd:supply:460,2445.8539892578124,2414.0,-196203.0,194,16.5,0,0,0,1,10
2024-07-11 09:00:00,654,E5,demand,fvg,fvg:demand:653,2383.60009765625,2380.10009765625,,1,,0,0,0,6,10
2024-07-12 01:00:00,658,E5,demand,fvg,fvg:demand:656,2415.60009765625,2415.5,,2,,0,0,1,2,2
2024-07-12 09:00:00,660,E5,demand,fvg,fvg:demand:655,2401.199951171875,2389.39990234375,,5,,0,1,0,7,7
2024-07-12 13:00:00,661,E5,supply,fvg,fvg:supply:659,2416.39990234375,2415.39990234375,,2,,0,0,1,6,6
2024-07-14 21:00:00,663,E5,demand,fvg,fvg:demand:662,2415.60009765625,2413.60009765625,,1,,0,1,0,4,4
2024-07-15 01:00:00,664,E1,supply,sd,sd:supply:460,2445.8539892578124,2414.0,-196203.0,204,18.0,1,0,1,3,9
2024-07-15 13:00:00,667,E4,supply,ob_internal,ob_internal:supply:459,2438.199951171875,2421.800048828125,,208,,0,0,1,5,6
2024-07-16 05:00:00,671,E4,supply,ob_swing,ob_swing:supply:466,2454.199951171875,2435.800048828125,,205,,0,0,1,2,2
2024-07-17 01:00:00,676,E5,demand,fvg,fvg:demand:675,2470.800048828125,2470.199951171875,,1,,0,0,1,3,4
2024-07-17 13:00:00,679,E5,demand,fvg,fvg:demand:674,2463.39990234375,2448.5,,5,,0,0,1,7,8
2024-07-17 21:00:00,681,E5,supply,fvg,fvg:supply:680,2470.800048828125,2464.699951171875,,1,,0,0,0,2,6
2024-07-18 09:00:00,684,E5,demand,fvg,fvg:demand:683,2467.800048828125,2465.5,,1,,0,0,1,2,2
2024-07-18 21:00:00,687,E5,demand,fvg,fvg:demand:671,2432.39990234375,2427.39990234375,,16,,0,0,1,1,3
2024-07-19 01:00:00,688,E4,demand,ob_internal,ob_internal:demand:673,2435.300048828125,2424.5,,15,,0,0,1,2,2
2024-07-19 09:00:00,690,E4,demand,ob_swing,ob_swing:demand:667,2413.60009765625,2396.300048828125,,23,,0,0,0,6,10
2024-07-19 09:00:00,690,E4,demand,ob_internal,ob_internal:demand:667,2413.60009765625,2396.300048828125,,23,,0,0,0,6,10
2024-07-21 21:00:00,693,E5,supply,fvg,fvg:supply:691,2415.300048828125,2410.699951171875,,2,,0,0,0,10,10
2024-07-21 21:00:00,693,E5,supply,fvg,fvg:supply:692,2403.60009765625,2402.699951171875,,1,,0,0,0,10,10
2024-07-22 05:00:00,695,E5,demand,fvg,fvg:demand:694,2404.89990234375,2402.699951171875,,1,,0,0,1,2,2
2024-07-22 13:00:00,697,E2,demand,sd,sd:demand:656,2389.39990234375,2362.532922363281,240197.0,41,23.3,0,0,0,10,10
2024-07-23 05:00:00,701,E4,supply,ob_internal,ob_internal:supply:697,2414.39990234375,2404.89990234375,,4,,0,0,1,5,8
2024-07-24 09:00:00,708,E5,demand,fvg,fvg:demand:707,2411.5,2411.0,,1,,0,0,1,2,2
2024-07-24 13:00:00,709,E5,supply,fvg,fvg:supply:689,2429.0,2428.60009765625,,20,,0,1,0,2,2
2024-07-24 17:00:00,710,E4,demand,ob_internal,ob_internal:demand:706,2401.800048828125,2385.199951171875,,4,,0,0,1,2,2
2024-07-25 01:00:00,712,E2,demand,sd,sd:demand:656,2389.39990234375,2362.532922363281,240197.0,56,20.2,1,0,0,2,10
2024-07-25 01:00:00,712,E4,demand,ob_swing,ob_swing:demand:654,2378.300048828125,2356.0,,58,,0,0,0,2,10
2024-07-25 01:00:00,712,E4,demand,ob_internal,ob_internal:demand:654,2385.0,2376.300048828125,,58,,0,0,1,2,3
2024-07-25 01:00:00,712,E5,demand,fvg,fvg:demand:647,2373.5,2373.300048828125,,65,,0,0,1,2,3
2024-07-25 09:00:00,714,E5,supply,fvg,fvg:supply:713,2392.800048828125,2378.10009765625,,1,,0,0,0,7,10
2024-07-29 13:00:00,727,E5,demand,fvg,fvg:demand:722,2380.10009765625,2377.89990234375,,5,,0,1,0,4,4
2024-07-30 01:00:00,730,E5,supply,fvg,fvg:supply:728,2384.10009765625,2382.800048828125,,2,,0,0,1,1,1
2024-07-30 05:00:00,731,E1,supply,sd,sd:supply:711,2435.5350756835937,2410.60009765625,-156464.0,20,14.8,0,1,0,1,1
2024-07-30 09:00:00,732,E5,supply,fvg,fvg:supply:688,2442.89990234375,2437.5,,44,,0,1,0,1,1
2024-07-30 09:00:00,732,E5,demand,fvg,fvg:demand:731,2382.89990234375,2381.699951171875,,1,,0,0,0,1,5
2024-07-30 17:00:00,734,E5,supply,fvg,fvg:supply:687,2458.800048828125,2448.39990234375,,47,,0,0,1,6,6
2024-07-31 01:00:00,736,E5,supply,fvg,fvg:supply:686,2464.699951171875,2460.39990234375,,50,,0,0,1,4,4
2024-07-31 01:00:00,736,E5,demand,fvg,fvg:demand:735,2453.10009765625,2445.60009765625,,1,,0,1,0,9,9
2024-07-31 05:00:00,737,E1,supply,sd,sd:supply:686,2494.8610229492188,2467.800048828125,-139354.0,51,15.4,0,0,0,3,10
2024-07-31 13:00:00,739,E4,supply,ob_internal,ob_internal:supply:686,2478.5,2467.800048828125,,53,,0,0,1,1,1
2024-08-01 01:00:00,742,E5,demand,fvg,fvg:demand:741,2488.0,2474.199951171875,,1,,0,0,1,9,9
2024-08-02 09:00:00,750,E5,demand,fvg,fvg:demand:749,2501.800048828125,2496.89990234375,,1,,0,0,1,1,1
2024-08-02 13:00:00,751,E5,demand,fvg,fvg:demand:737,2460.39990234375,2456.300048828125,,14,,0,0,1,5,5
2024-08-04 21:00:00,753,E5,supply,fvg,fvg:supply:752,2499.89990234375,2486.60009765625,,1,,0,0,0,1,3
2024-08-05 09:00:00,756,E5,demand,fvg,fvg:demand:734,2445.10009765625,2437.5,,22,,0,0,0,10,10
2024-08-05 17:00:00,758,E5,supply,fvg,fvg:supply:757,2463.60009765625,2452.800048828125,,1,,0,0,0,10,10
2024-08-08 01:00:00,772,E5,supply,fvg,fvg:supply:771,2432.10009765625,2427.89990234375,,1,,0,0,1,2,2
2024-08-13 01:00:00,790,E5,demand,fvg,fvg:demand:788,2501.300048828125,2484.800048828125,,2,,0,0,0,9,10
2024-08-13 01:00:00,790,E5,demand,fvg,fvg:demand:789,2508.39990234375,2505.800048828125,,1,,0,0,1,9,9
2024-08-13 09:00:00,792,E5,supply,fvg,fvg:supply:791,2508.39990234375,2505.5,,1,,0,1,0,7,7
2024-08-14 13:00:00,799,E5,demand,fvg,fvg:demand:786,2478.800048828125,2472.5,,13,,0,0,0,10,10
2024-08-14 21:00:00,801,E5,supply,fvg,fvg:supply:800,2500.800048828125,2486.800048828125,,1,,0,0,1,3,9
2024-08-19 01:00:00,814,E5,demand,fvg,fvg:demand:813,2539.0,2538.699951171875,,1,,0,0,0,3,9
2024-08-20 13:00:00,823,E5,demand,fvg,fvg:demand:822,2558.39990234375,2546.39990234375,,1,,0,0,1,6,6
2024-08-21 01:00:00,826,E5,supply,fvg,fvg:supply:824,2558.39990234375,2555.300048828125,,2,,0,1,0,9,9
2024-08-21 05:00:00,827,E4,demand,ob_internal,ob_internal:demand:821,2545.800048828125,2523.699951171875,,6,,0,0,1,2,8
2024-08-22 13:00:00,835,E5,demand,fvg,fvg:demand:811,2515.800048828125,2501.89990234375,,24,,0,1,0,6,6
2024-08-22 21:00:00,837,E5,supply,fvg,fvg:supply:836,2531.300048828125,2520.699951171875,,1,,0,0,1,4,4
2024-08-23 13:00:00,841,E4,supply,ob_internal,ob_internal:supply:835,2557.300048828125,2544.699951171875,,6,,0,0,0,4,10
2024-08-23 13:00:00,841,E5,supply,fvg,fvg:supply:833,2548.0,2547.199951171875,,8,,0,0,1,4,4
2024-08-23 13:00:00,841,E5,demand,fvg,fvg:demand:840,2531.0,2530.0,,1,,0,0,0,10,10
2024-08-26 13:00:00,847,E5,demand,fvg,fvg:demand:846,2556.39990234375,2550.800048828125,,1,,0,0,1,3,10
2024-08-27 01:00:00,850,E5,demand,fvg,fvg:demand:842,2543.5,2538.0,,8,,0,0,0,8,10
2024-08-27 05:00:00,851,E1,supply,sd,sd:supply:848,2574.610969238281,2544.0,-83554.0,3,9.2,0,0,0,3,10
2024-08-27 05:00:00,851,E5,supply,fvg,fvg:supply:850,2551.300048828125,2549.199951171875,,1,,0,0,1,3,4
2024-08-28 01:00:00,856,E5,demand,fvg,fvg:demand:855,2559.10009765625,2556.699951171875,,1,,0,0,1,2,1
2024-08-28 21:00:00,861,E1,supply,sd,sd:supply:848,2574.610969238281,2544.0,-83554.0,13,9.2,1,0,0,3,10
2024-08-29 05:00:00,863,E5,supply,fvg,fvg:supply:857,2559.10009765625,2552.89990234375,,6,,0,0,0,3,9
2024-08-29 09:00:00,864,E5,demand,fvg,fvg:demand:862,2544.60009765625,2544.0,,2,,0,0,1,7,7
2024-08-30 05:00:00,869,E5,supply,fvg,fvg:supply:868,2554.0,2553.60009765625,,1,,0,1,0,2,2
2024-09-01 21:00:00,873,E5,supply,fvg,fvg:supply:872,2548.10009765625,2537.199951171875,,1,,0,1,0,5,5
2024-09-02 01:00:00,874,E5,demand,fvg,fvg:demand:838,2522.10009765625,2520.699951171875,,36,,0,0,1,4,4
2024-09-03 05:00:00,876,E5,supply,fvg,fvg:supply:875,2531.60009765625,2528.699951171875,,1,,0,1,0,2,2
2024-09-03 13:00:00,878,E4,demand,ob_internal,ob_internal:demand:845,2520.699951171875,2514.199951171875,,33,,0,0,0,4,10
2024-09-05 05:00:00,888,E1,supply,sd,sd:supply:848,2574.610969238281,2544.0,-83554.0,40,9.2,2,0,0,7,8
2024-09-05 13:00:00,890,E5,demand,fvg,fvg:demand:889,2543.5,2529.60009765625,,1,,0,0,1,6,6
2024-09-08 21:00:00,898,E5,supply,fvg,fvg:supply:897,2537.300048828125,2527.300048828125,,1,,0,0,0,9,10
2024-09-10 09:00:00,907,E4,supply,ob_internal,ob_internal:supply:896,2559.800048828125,2537.300048828125,,11,,0,0,0,5,10
2024-09-10 13:00:00,908,E1,supply,sd,sd:supply:848,2574.610969238281,2544.0,-83554.0,60,10.4,3,0,0,4,10
2024-09-11 09:00:00,913,E5,demand,fvg,fvg:demand:912,2548.199951171875,2547.89990234375,,1,,0,1,1,6,1
2024-09-12 09:00:00,919,E4,supply,ob_swing,ob_swing:supply:875,2562.199951171875,2554.0,,44,,0,0,1,1,1
2024-09-12 09:00:00,919,E4,supply,ob_internal,ob_internal:supply:875,2562.199951171875,2554.0,,44,,0,0,1,1,1
2024-09-12 09:00:00,919,E5,demand,fvg,fvg:demand:918,2542.199951171875,2541.60009765625,,1,,0,1,0,1,1
2024-09-15 21:00:00,928,E5,demand,fvg,fvg:demand:927,2605.699951171875,2604.0,,1,,0,0,1,9,10
2024-09-17 01:00:00,935,E1,supply,sd,sd:supply:933,2635.0239404296876,2607.199951171875,-79830.0,2,9.7,0,0,0,10,10
2024-09-17 01:00:00,935,E5,demand,fvg,fvg:demand:926,2601.199951171875,2599.199951171875,,9,,0,0,1,3,3
2024-09-18 17:00:00,945,E1,supply,sd,sd:supply:933,2635.0239404296876,2607.199951171875,-79830.0,12,9.7,1,0,0,3,10
2024-09-18 17:00:00,945,E5,demand,fvg,fvg:demand:921,2578.5,2564.10009765625,,24,,0,1,0,4,4
2024-09-18 17:00:00,945,E5,demand,fvg,fvg:demand:922,2585.0,2583.60009765625,,23,,0,1,0,4,4
2024-09-19 01:00:00,947,E5,supply,fvg,fvg:supply:946,2594.5,2586.60009765625,,1,,0,0,1,1,1
2024-09-19 13:00:00,950,E5,demand,fvg,fvg:demand:949,2598.10009765625,2591.199951171875,,1,,0,1,0,6,6
2024-09-25 01:00:00,971,E5,demand,fvg,fvg:demand:970,2681.300048828125,2680.300048828125,,1,,0,0,0,10,10
2024-09-25 05:00:00,972,E5,demand,fvg,fvg:demand:969,2674.89990234375,2661.0,,3,,0,1,0,7,7
2024-09-26 13:00:00,980,E4,demand,ob_internal,ob_internal:demand:979,2691.89990234375,2673.39990234375,,1,,0,0,0,6,10
2024-09-26 13:00:00,980,E5,demand,fvg,fvg:demand:979,2690.199951171875,2686.199951171875,,1,,0,0,1,6,6
2024-09-30 09:00:00,991,E2,demand,sd,sd:demand:969,2664.60009765625,2639.12810546875,153601.0,22,22.6,0,0,0,2,7
2024-10-01 05:00:00,996,E5,supply,fvg,fvg:supply:992,2672.300048828125,2663.60009765625,,4,,0,0,1,2,2
2024-10-01 21:00:00,1000,E5,demand,fvg,fvg:demand:999,2678.89990234375,2678.300048828125,,1,,0,0,1,2,3
2024-10-02 05:00:00,1002,E5,demand,fvg,fvg:demand:997,2666.800048828125,2661.800048828125,,5,,0,0,0,8,10
2024-10-02 05:00:00,1002,E5,demand,fvg,fvg:demand:998,2669.5,2668.89990234375,,4,,0,0,0,8,10
2024-10-02 13:00:00,1004,E2,demand,sd,sd:demand:969,2664.60009765625,2639.12810546875,153601.0,35,22.6,1,0,0,10,10
2024-10-02 13:00:00,1004,E5,supply,fvg,fvg:supply:1002,2678.0,2677.199951171875,,2,,0,0,0,9,10
2024-10-03 09:00:00,1009,E5,demand,fvg,fvg:demand:996,2660.89990234375,2658.699951171875,,13,,0,1,0,7,7
2024-10-04 09:00:00,1015,E2,demand,sd,sd:demand:969,2664.60009765625,2639.12810546875,153601.0,46,22.6,2,1,0,1,1
2024-10-04 09:00:00,1015,E5,demand,fvg,fvg:demand:1014,2678.60009765625,2677.39990234375,,1,,0,1,0,1,1
2024-10-08 13:00:00,1028,E2,demand,sd,sd:demand:969,2664.60009765625,2639.12810546875,153601.0,59,22.6,3,0,1,10,6
2024-10-08 13:00:00,1028,E5,demand,fvg,fvg:demand:955,2627.39990234375,2619.60009765625,,73,,0,0,0,10,10
2024-10-09 01:00:00,1031,E5,supply,fvg,fvg:supply:1029,2654.89990234375,2642.89990234375,,2,,0,0,0,10,10
2024-10-10 01:00:00,1037,E5,supply,fvg,fvg:supply:1035,2633.300048828125,2629.60009765625,,2,,0,0,1,2,3
2024-10-10 09:00:00,1039,E5,demand,fvg,fvg:demand:1038,2627.39990234375,2627.300048828125,,1,,0,1,0,7,7
2024-10-11 01:00:00,1043,E4,supply,ob_swing,ob_swing:supply:1028,2679.199951171875,2657.300048828125,,15,,0,0,0,3,10
2024-10-11 09:00:00,1045,E5,demand,fvg,fvg:demand:1044,2655.199951171875,2653.199951171875,,1,,0,0,0,10,10
2024-10-13 21:00:00,1048,E5,demand,fvg,fvg:demand:1047,2671.5,2667.39990234375,,1,,0,0,0,10,10
2024-10-14 09:00:00,1051,E5,demand,fvg,fvg:demand:1050,2674.10009765625,2673.800048828125,,1,,0,0,1,5,4
2024-10-15 21:00:00,1060,E5,demand,fvg,fvg:demand:1059,2675.60009765625,2674.300048828125,,1,,0,1,0,4,4
2024-10-16 05:00:00,1062,E4,supply,ob_internal,ob_internal:supply:991,2708.699951171875,2690.199951171875,,71,,0,0,0,8,10
2024-10-16 13:00:00,1064,E5,demand,fvg,fvg:demand:1063,2689.699951171875,2686.39990234375,,1,,0,1,0,9,9
2024-10-21 17:00:00,1083,E2,demand,sd,sd:demand:1077,2729.300048828125,2703.9160766601562,116898.0,6,18.2,0,1,0,5,5
2024-10-22 01:00:00,1085,E5,supply,fvg,fvg:supply:1083,2742.699951171875,2740.199951171875,,2,,0,0,1,4,3
2024-10-23 01:00:00,1091,E5,demand,fvg,fvg:demand:1089,2758.0,2753.699951171875,,2,,0,0,1,3,3
2024-10-23 13:00:00,1094,E2,demand,sd,sd:demand:1077,2729.300048828125,2703.9160766601562,116898.0,17,18.2,1,0,0,10,10
2024-10-23 13:00:00,1094,E4,demand,ob_internal,ob_internal:demand:1088,2740.199951171875,2728.5,,6,,0,0,0,10,10
2024-10-23 13:00:00,1094,E5,demand,fvg,fvg:demand:1086,2743.5,2739.39990234375,,8,,0,0,1,10,1
2024-10-23 21:00:00,1096,E5,supply,fvg,fvg:supply:1095,2754.5,2734.300048828125,,1,,0,0,0,2,10
2024-10-24 13:00:00,1100,E5,demand,fvg,fvg:demand:1098,2738.699951171875,2734.699951171875,,2,,0,0,0,4,10
2024-10-24 13:00:00,1100,E5,demand,fvg,fvg:demand:1099,2747.0,2740.300048828125,,1,,0,0,0,4,10
2024-10-25 09:00:00,1105,E2,demand,sd,sd:demand:1077,2729.300048828125,2703.9160766601562,116898.0,28,14.6,2,1,0,10,10
2024-10-25 17:00:00,1107,E5,supply,fvg,fvg:supply:1094,2762.0,2758.0,,13,,0,1,0,2,2
2024-10-27 21:00:00,1108,E2,demand,sd,sd:demand:1107,2745.0,2719.6430200195314,105198.0,1,14.2,0,1,0,7,7
2024-10-27 21:00:00,1108,E4,demand,ob_internal,ob_internal:demand:1107,2745.10009765625,2729.10009765625,,1,,0,1,0,7,7
2024-10-27 21:00:00,1108,E5,demand,fvg,fvg:demand:1107,2751.39990234375,2745.10009765625,,1,,0,1,0,7,7
2024-10-28 05:00:00,1110,E5,supply,fvg,fvg:supply:1109,2751.39990234375,2748.300048828125,,1,,0,0,1,2,5
2024-10-28 21:00:00,1114,E5,demand,fvg,fvg:demand:1113,2752.39990234375,2747.300048828125,,1,,0,1,0,4,4
2024-10-29 01:00:00,1115,E1,supply,sd,sd:supply:1095,2787.399978027344,2762.0,-160350.0,20,21.6,0,0,1,3,7
2024-10-30 09:00:00,1123,E5,demand,fvg,fvg:demand:1120,2785.0,2784.0,,3,,0,0,1,1,7
2024-10-30 09:00:00,1123,E5,demand,fvg,fvg:demand:1121,2788.300048828125,2787.699951171875,,2,,0,0,1,1,7
2024-10-31 13:00:00,1130,E2,demand,sd,sd:demand:1107,2745.0,2719.6430200195314,105198.0,23,18.1,1,0,0,10,10
2024-10-31 13:00:00,1130,E5,demand,fvg,fvg:demand:1115,2757.699951171875,2757.5,,15,,0,0,1,10,7
2024-10-31 13:00:00,1130,E5,demand,fvg,fvg:demand:1119,2778.5,2768.800048828125,,11,,0,0,1,10,1
2024-11-01 01:00:00,1133,E5,supply,fvg,fvg:supply:1131,2782.39990234375,2760.0,,2,,0,0,0,10,10
2024-11-01 17:00:00,1137,E4,demand,ob_internal,ob_internal:demand:1115,2748.300048828125,2736.89990234375,,22,,0,0,0,10,10
2024-11-03 21:00:00,1138,E4,supply,ob_internal,ob_internal:supply:1137,2772.39990234375,2749.39990234375,,1,,0,0,0,10,10
2024-11-04 05:00:00,1140,E2,demand,sd,sd:demand:1107,2745.0,2719.6430200195314,105198.0,33,13.6,2,0,0,10,10
2024-11-04 05:00:00,1140,E4,demand,ob_internal,ob_internal:demand:1107,2745.10009765625,2729.10009765625,,33,,1,0,0,10,10
2024-11-04 05:00:00,1140,E5,supply,fvg,fvg:supply:1137,2754.800048828125,2753.60009765625,,3,,0,0,0,2,10
2024-11-05 17:00:00,1149,E4,supply,ob_internal,ob_internal:supply:1137,2772.39990234375,2749.39990234375,,12,,1,1,0,3,3
2024-11-05 21:00:00,1150,E2,demand,sd,sd:demand:1107,2745.0,2719.6430200195314,105198.0,43,13.6,3,0,1,2,3
2024-11-06 05:00:00,1152,E2,demand,sd,sd:demand:1077,2729.300048828125,2703.9160766601562,116898.0,75,15.1,3,0,1,1,2
2024-11-06 05:00:00,1152,E4,demand,ob_internal,ob_internal:demand:1107,2745.10009765625,2729.10009765625,,45,,2,0,1,1,1
2024-11-06 05:00:00,1152,E4,demand,ob_swing,ob_swing:demand:1118,2734.300048828125,2725.39990234375,,34,,0,0,1,1,1
2024-11-06 05:00:00,1152,E5,demand,fvg,fvg:demand:1074,2716.89990234375,2710.89990234375,,78,,0,0,1,1,2
2024-11-06 13:00:00,1154,E5,demand,fvg,fvg:demand:1062,2682.60009765625,2679.5,,92,,0,0,1,3,3
2024-11-06 17:00:00,1155,E4,demand,ob_internal,ob_internal:demand:1062,2672.300048828125,2654.39990234375,,93,,0,0,0,2,5
2024-11-07 09:00:00,1159,E5,supply,fvg,fvg:supply:1155,2701.800048828125,2678.199951171875,,4,,0,0,0,1,10
2024-11-07 13:00:00,1160,E5,supply,fvg,fvg:supply:1154,2709.800048828125,2703.60009765625,,6,,0,0,0,10,10
2024-11-08 01:00:00,1163,E5,demand,fvg,fvg:demand:1162,2711.10009765625,2707.800048828125,,1,,0,0,1,7,1
2024-11-08 05:00:00,1164,E5,demand,fvg,fvg:demand:1161,2694.60009765625,2681.5,,3,,0,0,1,6,8
2024-11-08 13:00:00,1166,E5,supply,fvg,fvg:supply:1164,2711.10009765625,2703.39990234375,,2,,0,1,0,7,7
2024-11-11 01:00:00,1170,E5,demand,fvg,fvg:demand:1160,2679.699951171875,2674.699951171875,,10,,0,0,1,2,3
2024-11-11 09:00:00,1172,E2,demand,sd,sd:demand:1161,2671.39990234375,2645.351921386719,226423.0,11,18.8,0,0,1,1,1
2024-11-11 09:00:00,1172,E5,supply,fvg,fvg:supply:1171,2686.60009765625,2681.300048828125,,1,,0,1,0,1,1
2024-11-11 13:00:00,1173,E5,demand,fvg,fvg:demand:1043,2650.199951171875,2648.89990234375,,130,,0,0,1,4,1
2024-11-11 17:00:00,1174,E2,demand,sd,sd:demand:955,2618.199951171875,2591.664963378906,87898.0,219,7.8,0,0,0,3,10
2024-11-11 17:00:00,1174,E5,demand,fvg,fvg:demand:954,2617.300048828125,2613.199951171875,,220,,0,0,1,3,4
2024-11-12 01:00:00,1176,E5,supply,fvg,fvg:supply:1174,2663.0,2632.800048828125,,2,,0,1,0,9,9
2024-11-12 05:00:00,1177,E4,demand,ob_internal,ob_internal:demand:954,2617.89990234375,2594.300048828125,,223,,0,0,1,9,10
2024-11-12 13:00:00,1179,E5,supply,fvg,fvg:supply:1178,2621.60009765625,2613.89990234375,,1,,0,0,0,6,8
2024-11-13 13:00:00,1185,E5,supply,fvg,fvg:supply:1177,2625.60009765625,2624.300048828125,,8,,0,1,0,4,4
2024-11-13 17:00:00,1186,E4,demand,ob_swing,ob_swing:demand:953,2591.199951171875,2575.300048828125,,233,,0,0,1,3,3
2024-11-13 17:00:00,1186,E5,demand,fvg,fvg:demand:948,2588.60009765625,2586.60009765625,,238,,0,0,1,3,2
2024-11-14 09:00:00,1190,E2,demand,sd,sd:demand:920,2541.60009765625,2512.045109863281,185892.0,270,13.9,0,0,0,10,10
2024-11-14 13:00:00,1191,E5,supply,fvg,fvg:supply:1188,2578.800048828125,2577.199951171875,,3,,0,0,1,10,10
2024-11-14 13:00:00,1191,E5,supply,fvg,fvg:supply:1189,2573.60009765625,2569.800048828125,,2,,0,0,1,10,10
2024-11-14 13:00:00,1191,E5,supply,fvg,fvg:supply:1190,2563.800048828125,2563.300048828125,,1,,0,0,1,10,1
2024-11-15 01:00:00,1194,E5,demand,fvg,fvg:demand:1192,2569.0,2563.300048828125,,2,,0,1,0,7,7
2024-11-18 01:00:00,1201,E1,supply,sd,sd:supply:1181,2622.1669311523438,2595.699951171875,-141509.0,20,10.6,0,0,1,3,8
2024-11-18 01:00:00,1201,E5,supply,fvg,fvg:supply:1186,2611.60009765625,2592.60009765625,,15,,0,0,1,3,6
2024-11-18 01:00:00,1201,E5,supply,fvg,fvg:supply:1187,2590.5,2585.800048828125,,14,,0,0,1,3,3
2024-11-20 05:00:00,1214,E5,demand,fvg,fvg:demand:1213,2638.800048828125,2638.39990234375,,1,,0,1,1,2,1
2024-11-20 13:00:00,1216,E5,supply,fvg,fvg:supply:1215,2638.800048828125,2635.800048828125,,1,,0,0,1,4,1
2024-11-21 05:00:00,1220,E5,supply,fvg,fvg:supply:1173,2673.5,2664.300048828125,,47,,0,0,1,5,5
2024-11-21 13:00:00,1222,E5,demand,fvg,fvg:demand:1221,2665.5,2663.300048828125,,1,,0,1,0,3,3
2024-11-22 01:00:00,1225,E4,supply,ob_internal,ob_internal:supply:1170,2711.699951171875,2690.199951171875,,55,,0,0,0,1,7
2024-11-22 05:00:00,1226,E4,supply,ob_swing,ob_swing:supply:1173,2718.300048828125,2694.60009765625,,53,,0,0,0,3,6
2024-11-22 13:00:00,1228,E5,demand,fvg,fvg:demand:1227,2695.800048828125,2694.699951171875,,1,,0,0,1,3,4
2024-11-25 01:00:00,1232,E5,demand,fvg,fvg:demand:1226,2685.10009765625,2675.60009765625,,6,,0,0,1,3,3
2024-11-25 09:00:00,1234,E5,supply,fvg,fvg:supply:1233,2690.0,2675.5,,1,,0,1,0,1,1
2024-11-25 13:00:00,1235,E5,demand,fvg,fvg:demand:1217,2648.800048828125,2635.800048828125,,18,,0,0,1,2,2
2024-11-25 17:00:00,1236,E5,demand,fvg,fvg:demand:1208,2621.39990234375,2617.699951171875,,28,,0,0,0,1,9
2024-11-25 21:00:00,1237,E5,demand,fvg,fvg:demand:1205,2611.60009765625,2601.800048828125,,32,,0,1,0,8,8
2024-11-26 13:00:00,1241,E5,supply,fvg,fvg:supply:1236,2670.300048828125,2635.5,,5,,0,0,0,4,10
2024-11-27 13:00:00,1247,E5,demand,fvg,fvg:demand:1245,2638.39990234375,2634.300048828125,,2,,0,0,0,1,10
2024-11-27 13:00:00,1247,E5,demand,fvg,fvg:demand:1246,2642.10009765625,2640.89990234375,,1,,0,0,0,1,10
2024-12-10 13:00:00,1294,E1,supply,sd,sd:supply:1233,2734.5199365234375,2707.699951171875,-84332.0,61,6.6,0,0,0,6,10
2024-12-11 01:00:00,1297,E1,supply,sd,sd:supply:1154,2764.630031738281,2738.800048828125,-259055.0,143,20.6,0,0,0,10,10
2024-12-11 01:00:00,1297,E5,supply,fvg,fvg:supply:1153,2738.800048828125,2737.699951171875,,144,,0,0,0,10,10
2024-12-11 09:00:00,1299,E2,demand,sd,sd:demand:1295,2694.199951171875,2655.807958984375,129129.0,4,11.0,0,0,0,7,10
2024-12-11 13:00:00,1300,E4,supply,ob_internal,ob_internal:supply:1137,2772.39990234375,2749.39990234375,,163,,2,1,0,6,6
2024-12-11 13:00:00,1300,E4,supply,ob_internal,ob_internal:supply:1152,2759.5,2742.199951171875,,148,,0,1,0,6,6
2024-12-13 01:00:00,1309,E5,supply,fvg,fvg:supply:1307,2716.5,2711.89990234375,,2,,0,0,0,10,10
2024-12-13 05:00:00,1310,E2,demand,sd,sd:demand:1295,2694.199951171875,2655.807958984375,129129.0,15,9.7,1,0,0,1,10
2024-12-13 13:00:00,1312,E4,demand,ob_internal,ob_internal:demand:1293,2688.300048828125,2661.0,,19,,0,0,0,2,10
2024-12-18 21:00:00,1333,E5,demand,fvg,fvg:demand:1204,2597.10009765625,2596.89990234375,,129,,0,1,0,10,10
2024-12-19 01:00:00,1334,E5,supply,fvg,fvg:supply:1333,2649.60009765625,2610.199951171875,,1,,0,0,0,9,10
2024-12-19 13:00:00,1337,E5,demand,fvg,fvg:demand:1335,2616.10009765625,2610.199951171875,,2,,0,1,0,6,6
2024-12-20 01:00:00,1340,E5,supply,fvg,fvg:supply:1338,2618.10009765625,2616.0,,2,,0,0,1,3,3
2024-12-20 21:00:00,1345,E5,demand,fvg,fvg:demand:1344,2641.199951171875,2622.300048828125,,1,,0,0,0,10,10
2024-12-24 01:00:00,1353,E5,supply,fvg,fvg:supply:1350,2638.800048828125,2633.89990234375,,3,,0,0,1,5,5
2024-12-26 13:00:00,1358,E5,demand,fvg,fvg:demand:1356,2638.39990234375,2633.0,,2,,0,0,0,6,10
2024-12-26 13:00:00,1358,E5,demand,fvg,fvg:demand:1357,2639.60009765625,2635.800048828125,,1,,0,0,0,6,10
2024-12-26 21:00:00,1360,E4,demand,ob_swing,ob_swing:demand:1359,2653.800048828125,2614.39990234375,,1,,0,0,0,3,10
2024-12-26 21:00:00,1360,E4,demand,ob_internal,ob_internal:demand:1359,2653.800048828125,2614.39990234375,,1,,0,0,0,3,10
2024-12-29 21:00:00,1367,E5,supply,fvg,fvg:supply:1365,2638.300048828125,2637.0,,2,,0,1,0,4,4
2024-12-30 13:00:00,1371,E4,demand,ob_internal,ob_internal:demand:1343,2620.699951171875,2601.0,,28,,0,1,0,6,6
2025-01-02 05:00:00,1380,E4,supply,ob_swing,ob_swing:supply:1371,2655.699951171875,2645.300048828125,,9,,0,0,1,1,2
2025-01-02 05:00:00,1380,E4,supply,ob_internal,ob_internal:supply:1371,2655.699951171875,2645.300048828125,,9,,0,0,1,1,2
2025-01-02 05:00:00,1380,E5,supply,fvg,fvg:supply:1363,2647.199951171875,2646.5,,17,,0,0,1,1,1
2025-01-02 09:00:00,1381,E1,supply,sd,sd:supply:1332,2701.068037109375,2657.300048828125,-117791.0,49,8.0,0,0,0,1,10
2025-01-02 09:00:00,1381,E5,supply,fvg,fvg:supply:1332,2659.60009765625,2655.800048828125,,49,,0,0,1,1,1
2025-01-03 05:00:00,1386,E5,demand,fvg,fvg:demand:1383,2666.39990234375,2659.89990234375,,3,,0,0,1,2,6
2025-01-06 01:00:00,1392,E1,supply,sd,sd:supply:1332,2701.068037109375,2657.300048828125,-117791.0,60,8.0,1,0,0,2,3
2025-01-06 01:00:00,1392,E5,supply,fvg,fvg:supply:1389,2667.0,2657.199951171875,,3,,0,0,0,2,3
2025-01-06 05:00:00,1393,E5,demand,fvg,fvg:demand:1378,2636.800048828125,2629.10009765625,,15,,0,0,0,2,8
2025-01-06 05:00:00,1393,E5,demand,fvg,fvg:demand:1380,2642.60009765625,2642.0,,13,,0,0,1,2,2
2025-01-06 05:00:00,1393,E5,demand,fvg,fvg:demand:1381,2644.699951171875,2639.39990234375,,12,,0,0,1,2,2
2025-01-06 09:00:00,1394,E5,supply,fvg,fvg:supply:1393,2651.199951171875,2647.699951171875,,1,,0,1,0,1,1
2025-01-08 21:00:00,1409,E4,demand,ob_internal,ob_internal:demand:1407,2678.5,2653.800048828125,,2,,0,1,0,8,8
2025-01-09 13:00:00,1413,E4,demand,ob_internal,ob_internal:demand:1412,2687.0,2663.5,,1,,0,1,0,5,5
2025-01-09 17:00:00,1414,E5,demand,fvg,fvg:demand:1413,2685.10009765625,2683.89990234375,,1,,0,1,0,5,5
2025-01-10 01:00:00,1416,E5,supply,fvg,fvg:supply:1311,2707.199951171875,2697.199951171875,,105,,0,0,1,1,3
2025-01-10 13:00:00,1419,E5,demand,fvg,fvg:demand:1418,2701.699951171875,2698.699951171875,,1,,0,0,1,1,6
2025-01-13 01:00:00,1423,E5,demand,fvg,fvg:demand:1420,2713.300048828125,2711.39990234375,,3,,0,0,1,2,2
2025-01-13 13:00:00,1426,E4,demand,ob_internal,ob_internal:demand:1412,2687.0,2663.5,,14,,1,0,0,10,10
2025-01-14 21:00:00,1434,E5,supply,fvg,fvg:supply:1426,2707.5,2694.199951171875,,8,,0,0,1,2,5
2025-01-15 01:00:00,1435,E5,demand,fvg,fvg:demand:1434,2689.10009765625,2688.0,,1,,0,1,0,3,3
2025-01-15 13:00:00,1438,E1,supply,sd,sd:supply:1426,2755.6849951171876,2714.0,-138769.0,12,9.2,0,0,0,2,10
2025-01-15 13:00:00,1438,E5,demand,fvg,fvg:demand:1437,2701.0,2692.0,,1,,0,1,0,5,5
2025-01-16 05:00:00,1442,E5,demand,fvg,fvg:demand:1441,2722.39990234375,2720.300048828125,,1,,0,1,0,2,2
2025-01-16 09:00:00,1443,E1,supply,sd,sd:supply:1154,2764.630031738281,2738.800048828125,-259055.0,289,17.0,1,0,0,1,10
2025-01-16 13:00:00,1444,E1,supply,sd,sd:supply:1307,2785.7389892578126,2744.5,-164365.0,137,10.8,0,0,0,10,10
2025-01-16 13:00:00,1444,E4,supply,ob_internal,ob_internal:supply:1137,2772.39990234375,2749.39990234375,,307,,3,0,0,10,10
2025-01-16 13:00:00,1444,E4,supply,ob_swing,ob_swing:supply:1332,2761.300048828125,2743.10009765625,,112,,0,0,0,10,10
2025-01-16 13:00:00,1444,E5,supply,fvg,fvg:supply:1306,2744.5,2742.60009765625,,138,,0,0,1,10,1
2025-01-16 21:00:00,1446,E5,demand,fvg,fvg:demand:1445,2746.300048828125,2740.5,,1,,0,0,1,3,10
2025-01-17 17:00:00,1451,E4,demand,ob_internal,ob_internal:demand:1450,2743.10009765625,2729.199951171875,,1,,0,0,0,5,9
2025-01-20 01:00:00,1454,E1,supply,sd,sd:supply:1307,2785.7389892578126,2744.5,-164365.0,147,11.9,1,0,0,3,10
2025-01-20 01:00:00,1454,E1,supply,sd,sd:supply:1154,2764.630031738281,2738.800048828125,-259055.0,300,18.7,2,0,0,3,10
2025-01-20 01:00:00,1454,E4,supply,ob_swing,ob_swing:supply:1332,2761.300048828125,2743.10009765625,,122,,1,0,1,3,8
2025-01-21 13:00:00,1457,E4,supply,ob_internal,ob_internal:supply:1137,2772.39990234375,2749.39990234375,,320,,4,0,0,4,10
2025-01-23 09:00:00,1468,E5,demand,fvg,fvg:demand:1458,2754.0,2738.5,,10,,0,1,0,4,4
2025-01-24 01:00:00,1472,E5,supply,fvg,fvg:supply:1130,2787.89990234375,2784.5,,342,,0,0,0,3,8
2025-01-24 13:00:00,1475,E5,demand,fvg,fvg:demand:1473,2776.300048828125,2769.0,,2,,0,0,1,4,5
2025-01-27 01:00:00,1479,E2,demand,sd,sd:demand:1471,2761.800048828125,2727.730056152344,121969.0,8,13.1,0,0,0,3,10
2025-01-27 01:00:00,1479,E4,demand,ob_internal,ob_internal:demand:1472,2765.199951171875,2741.0,,7,,0,0,0,3,10
2025-01-27 09:00:00,1481,E5,supply,fvg,fvg:supply:1480,2766.300048828125,2764.39990234375,,1,,0,1,0,1,1
2025-01-27 13:00:00,1482,E4,demand,ob_internal,ob_internal:demand:1459,2738.5,2725.5,,23,,0,1,0,6,6
2025-01-27 21:00:00,1484,E5,supply,fvg,fvg:supply:1483,2760.199951171875,2744.199951171875,,1,,0,0,1,4,5
2025-01-29 01:00:00,1491,E5,demand,fvg,fvg:demand:1490,2769.5,2767.39990234375,,1,,0,1,0,7,7
2025-01-29 05:00:00,1492,E5,demand,fvg,fvg:demand:1489,2764.800048828125,2749.60009765625,,3,,0,0,0,3,6
2025-01-29 17:00:00,1495,E2,demand,sd,sd:demand:1471,2761.800048828125,2727.730056152344,121969.0,24,13.6,1,1,0,3,3
2025-01-30 05:00:00,1498,E1,supply,sd,sd:supply:1130,2821.161076660156,2795.60009765625,-194969.0,368,21.7,0,1,0,1,1
2025-02-03 01:00:00,1510,E5,demand,fvg,fvg:demand:1499,2786.60009765625,2775.699951171875,,11,,0,1,0,3,3
2025-02-03 21:00:00,1515,E2,demand,sd,sd:demand:1514,2834.300048828125,2804.154052734375,215925.0,1,25.9,0,0,0,3,10
2025-02-05 13:00:00,1525,E5,demand,fvg,fvg:demand:1523,2882.10009765625,2876.699951171875,,2,,0,0,0,6,10
2025-02-05 13:00:00,1525,E5,demand,fvg,fvg:demand:1524,2890.5,2886.10009765625,,1,,0,0,1,6,6
2025-02-06 13:00:00,1531,E5,demand,fvg,fvg:demand:1520,2868.699951171875,2849.89990234375,,11,,0,0,0,10,10
2025-02-10 13:00:00,1544,E5,demand,fvg,fvg:demand:1543,2923.39990234375,2904.60009765625,,1,,0,1,0,3,3
2025-02-12 13:00:00,1556,E5,demand,fvg,fvg:demand:1541,2893.0,2889.5,,15,,0,0,0,10,10
2025-02-12 13:00:00,1556,E5,demand,fvg,fvg:demand:1542,2903.0,2896.0,,14,,0,0,0,10,10
2025-02-13 13:00:00,1562,E5,demand,fvg,fvg:demand:1560,2934.89990234375,2934.5,,2,,0,0,1,6,6
2025-02-14 01:00:00,1565,E5,demand,fvg,fvg:demand:1564,2955.800048828125,2949.0,,1,,0,0,1,3,3
2025-02-14 13:00:00,1568,E5,demand,fvg,fvg:demand:1557,2918.300048828125,2917.5,,11,,0,0,1,1,1
2025-02-16 21:00:00,1571,E5,supply,fvg,fvg:supply:1570,2903.39990234375,2897.300048828125,,1,,0,0,1,1,2
2025-02-17 01:00:00,1572,E5,supply,fvg,fvg:supply:1569,2950.300048828125,2913.800048828125,,3,,0,0,0,2,10
2025-02-18 09:00:00,1574,E5,demand,fvg,fvg:demand:1573,2920.89990234375,2904.10009765625,,1,,0,0,0,10,10
2025-02-18 17:00:00,1576,E1,supply,sd,sd:supply:1569,2987.618054199219,2955.300048828125,-178565.0,7,17.6,0,0,0,9,10
2025-02-18 17:00:00,1576,E5,supply,fvg,fvg:supply:1568,2955.300048828125,2955.199951171875,,8,,0,0,1,9,9
2025-02-19 01:00:00,1578,E5,demand,fvg,fvg:demand:1576,2947.10009765625,2932.699951171875,,2,,0,0,0,10,10
2025-02-20 09:00:00,1586,E5,demand,fvg,fvg:demand:1585,2957.800048828125,2957.60009765625,,1,,0,0,1,1,1
2025-02-20 21:00:00,1589,E1,supply,sd,sd:supply:1588,2990.7210473632813,2957.800048828125,-124108.0,1,11.5,0,0,0,10,10
2025-02-20 21:00:00,1589,E1,supply,sd,sd:supply:1569,2987.618054199219,2955.300048828125,-178565.0,20,16.6,1,0,0,10,10
2025-02-21 01:00:00,1590,E4,demand,ob_internal,ob_internal:demand:1585,2951.89990234375,2933.699951171875,,5,,0,0,0,10,10
2025-02-21 09:00:00,1592,E5,supply,fvg,fvg:supply:1591,2952.199951171875,2948.300048828125,,1,,0,0,1,6,8
2025-02-25 05:00:00,1604,E1,supply,sd,sd:supply:1569,2987.618054199219,2955.300048828125,-178565.0,35,16.6,2,1,0,2,2
2025-02-25 09:00:00,1605,E5,supply,fvg,fvg:supply:1604,2964.10009765625,2956.699951171875,,1,,0,0,0,1,1
2025-02-25 13:00:00,1606,E1,supply,sd,sd:supply:1588,2990.7210473632813,2957.800048828125,-124108.0,18,11.5,1,0,0,2,10
2025-02-25 13:00:00,1606,E2,demand,sd,sd:demand:1576,2904.10009765625,2871.589091796875,127936.0,30,11.9,0,0,0,10,10
2025-02-25 13:00:00,1606,E5,demand,fvg,fvg:demand:1574,2920.60009765625,2916.39990234375,,32,,0,0,1,10,10
2025-02-25 21:00:00,1608,E5,supply,fvg,fvg:supply:1607,2936.199951171875,2926.10009765625,,1,,0,1,0,8,8
2025-02-27 05:00:00,1616,E2,demand,sd,sd:demand:1576,2904.10009765625,2871.589091796875,127936.0,40,11.9,1,0,1,5,8
2025-02-27 05:00:00,1616,E4,demand,ob_swing,ob_swing:demand:1585,2904.10009765625,2887.60009765625,,31,,0,0,1,5,5
2025-02-27 17:00:00,1619,E4,demand,ob_internal,ob_internal:demand:1542,2890.0,2877.800048828125,,77,,0,0,1,3,5
2025-02-28 21:00:00,1626,E5,supply,fvg,fvg:supply:1625,2866.89990234375,2864.89990234375,,1,,0,0,1,1,1
2025-03-02 21:00:00,1627,E5,supply,fvg,fvg:supply:1622,2881.5,2879.300048828125,,5,,0,0,1,4,4
2025-03-04 05:00:00,1635,E5,supply,fvg,fvg:supply:1616,2930.0,2913.10009765625,,19,,0,0,0,10,10
2025-03-04 05:00:00,1635,E5,supply,fvg,fvg:supply:1617,2910.699951171875,2908.300048828125,,18,,0,0,1,10,1
2025-03-04 09:00:00,1636,E4,supply,ob_internal,ob_internal:supply:1616,2942.0,2926.10009765625,,20,,0,0,0,10,10
2025-03-04 13:00:00,1637,E5,demand,fvg,fvg:demand:1636,2922.699951171875,2904.0,,1,,0,0,0,6,10
2025-03-06 01:00:00,1646,E4,supply,ob_internal,ob_internal:supply:1616,2942.0,2926.10009765625,,30,,1,0,0,10,10
2025-03-06 13:00:00,1649,E5,supply,fvg,fvg:supply:1648,2924.0,2915.89990234375,,1,,0,0,0,10,10
2025-03-06 21:00:00,1651,E5,demand,fvg,fvg:demand:1650,2916.89990234375,2915.89990234375,,1,,0,0,0,10,10
2025-03-07 13:00:00,1655,E5,demand,fvg,fvg:demand:1654,2923.5,2917.5,,1,,0,0,1,5,8
2025-03-10 09:00:00,1661,E1,supply,sd,sd:supply:1656,2949.230993652344,2913.0,-175791.0,5,13.4,0,0,0,7,10
2025-03-10 09:00:00,1661,E4,supply,ob_internal,ob_internal:supply:1660,2938.800048828125,2909.199951171875,,1,,0,0,0,7,10
2025-03-11 01:00:00,1665,E5,supply,fvg,fvg:supply:1664,2901.60009765625,2894.39990234375,,1,,0,0,1,2,2
2025-03-11 05:00:00,1666,E4,supply,ob_swing,ob_swing:supply:1663,2938.800048828125,2909.199951171875,,3,,0,0,0,7,10
2025-03-11 13:00:00,1668,E5,demand,fvg,fvg:demand:1667,2913.300048828125,2903.89990234375,,1,,0,1,0,9,9
2025-03-12 05:00:00,1672,E4,supply,ob_internal,ob_internal:supply:1616,2942.0,2926.10009765625,,56,,2,0,1,2,5
2025-03-12 21:00:00,1676,E4,supply,ob_swing,ob_swing:supply:1606,2974.0,2945.5,,70,,0,0,1,4,4
2025-03-12 21:00:00,1676,E4,supply,ob_internal,ob_internal:supply:1606,2974.0,2945.5,,70,,0,0,1,4,4
2025-03-13 01:00:00,1677,E1,supply,sd,sd:supply:1569,2987.618054199219,2955.300048828125,-178565.0,108,13.6,3,0,1,3,5
2025-03-13 09:00:00,1679,E1,supply,sd,sd:supply:1588,2990.7210473632813,2957.800048828125,-124108.0,91,10.9,2,0,1,1,4
2025-03-14 13:00:00,1686,E5,demand,fvg,fvg:demand:1681,2988.800048828125,2958.89990234375,,5,,0,1,0,10,10
2025-03-16 21:00:00,1688,E1,supply,sd,sd:supply:1687,3031.27302734375,2994.300048828125,-130394.0,1,13.4,0,0,1,6,10
2025-03-20 01:00:00,1707,E5,demand,fvg,fvg:demand:1706,3057.0,3046.89990234375,,1,,0,0,1,1,2
2025-03-20 17:00:00,1711,E5,supply,fvg,fvg:supply:1709,3053.699951171875,3053.0,,2,,0,1,0,5,5
2025-03-21 05:00:00,1714,E5,demand,fvg,fvg:demand:1697,3027.699951171875,3025.699951171875,,17,,0,0,1,2,2
2025-03-21 09:00:00,1715,E5,supply,fvg,fvg:supply:1714,3050.199951171875,3041.5,,1,,0,1,0,1,1
2025-03-21 13:00:00,1716,E5,demand,fvg,fvg:demand:1694,3008.199951171875,3008.0,,22,,0,0,0,10,10
2025-03-21 13:00:00,1716,E5,demand,fvg,fvg:demand:1696,3016.60009765625,3013.300048828125,,20,,0,0,0,10,10
2025-03-23 21:00:00,1718,E5,supply,fvg,fvg:supply:1717,3034.5,3030.0,,1,,0,0,0,3,10
2025-03-25 01:00:00,1725,E5,supply,fvg,fvg:supply:1723,3026.89990234375,3020.39990234375,,2,,0,0,1,3,3
2025-03-25 13:00:00,1728,E4,supply,ob_internal,ob_internal:supply:1722,3038.39990234375,3026.89990234375,,6,,0,0,0,9,10
2025-03-27 09:00:00,1739,E1,supply,sd,sd:supply:1710,3090.898974609375,3057.0,-115093.0,29,12.0,0,0,1,3,5
2025-03-28 09:00:00,1745,E5,demand,fvg,fvg:demand:1744,3078.0,3075.39990234375,,1,,0,0,0,1,5
2025-03-28 13:00:00,1746,E5,demand,fvg,fvg:demand:1743,3072.699951171875,3070.0,,3,,0,0,0,1,4
2025-03-31 13:00:00,1752,E2,demand,sd,sd:demand:1751,3128.300048828125,3094.6660766601562,96063.0,1,12.7,0,0,0,6,10
2025-04-02 05:00:00,1762,E2,demand,sd,sd:demand:1751,3128.300048828125,3094.6660766601562,96063.0,11,12.7,1,0,1,1,8
2025-04-03 13:00:00,1770,E1,supply,sd,sd:supply:1768,3162.1170678710937,3123.60009765625,-106115.0,2,12.3,0,1,0,6,6
2025-04-03 13:00:00,1770,E5,supply,fvg,fvg:supply:1769,3152.10009765625,3151.89990234375,,1,,0,1,0,6,6
2025-04-03 21:00:00,1772,E2,demand,sd,sd:demand:1751,3128.300048828125,3094.6660766601562,96063.0,21,11.1,2,0,1,2,4
2025-04-04 13:00:00,1776,E5,demand,fvg,fvg:demand:1738,3034.199951171875,3029.60009765625,,38,,0,0,1,2,2
2025-04-06 21:00:00,1778,E4,demand,ob_internal,ob_internal:demand:1695,3008.0,2988.60009765625,,83,,0,0,0,10,10
2025-04-07 01:00:00,1779,E5,supply,fvg,fvg:supply:1777,3065.5,3062.199951171875,,2,,0,0,0,10,10
2025-04-07 17:00:00,1783,E2,demand,sd,sd:demand:1681,2954.699951171875,2917.7539672851562,193173.0,102,20.4,0,0,0,10,10
2025-04-07 21:00:00,1784,E5,supply,fvg,fvg:supply:1783,3010.10009765625,3001.60009765625,,1,,0,0,1,8,8
2025-04-10 01:00:00,1797,E1,supply,sd,sd:supply:1768,3162.1170678710937,3123.60009765625,-106115.0,29,11.7,1,0,1,4,5
2025-04-10 13:00:00,1800,E4,supply,ob_internal,ob_internal:supply:1769,3187.10009765625,3152.10009765625,,31,,0,0,1,2,3
2025-04-10 13:00:00,1800,E4,supply,ob_swing,ob_swing:supply:1778,3187.10009765625,3152.10009765625,,22,,0,0,1,2,3
2025-04-11 05:00:00,1804,E5,demand,fvg,fvg:demand:1803,3202.5,3195.0,,1,,0,0,0,10,10
2025-04-17 01:00:00,1827,E5,demand,fvg,fvg:demand:1825,3340.39990234375,3330.0,,2,,0,0,0,3,8
2025-04-17 01:00:00,1827,E5,demand,fvg,fvg:demand:1826,3354.699951171875,3348.5,,1,,0,0,1,3,3
2025-04-17 13:00:00,1830,E5,demand,fvg,fvg:demand:1822,3300.60009765625,3285.5,,8,,0,1,0,4,4
2025-04-17 13:00:00,1830,E5,demand,fvg,fvg:demand:1823,3309.10009765625,3305.10009765625,,7,,0,1,0,4,4
2025-04-22 13:00:00,1842,E5,demand,fvg,fvg:demand:1834,3387.800048828125,3384.699951171875,,8,,0,0,1,2,2
2025-04-22 13:00:00,1842,E5,demand,fvg,fvg:demand:1835,3398.10009765625,3397.60009765625,,7,,0,0,1,2,2
2025-04-22 13:00:00,1842,E5,demand,fvg,fvg:demand:1836,3416.89990234375,3407.300048828125,,6,,0,0,1,2,2
2025-04-22 17:00:00,1843,E5,demand,fvg,fvg:demand:1833,3380.800048828125,3342.699951171875,,10,,0,0,1,1,3
2025-04-23 01:00:00,1845,E5,supply,fvg,fvg:supply:1844,3383.199951171875,3380.5,,1,,0,0,0,10,10
2025-04-23 05:00:00,1846,E4,demand,ob_internal,ob_internal:demand:1832,3346.300048828125,3296.39990234375,,14,,0,0,0,2,10
2025-04-23 13:00:00,1848,E5,demand,fvg,fvg:demand:1821,3273.10009765625,3250.89990234375,,27,,0,0,0,10,10
2025-04-23 21:00:00,1850,E5,supply,fvg,fvg:supply:1849,3321.800048828125,3314.89990234375,,1,,0,0,1,6,1
2025-04-24 05:00:00,1852,E5,demand,fvg,fvg:demand:1851,3331.699951171875,3314.89990234375,,1,,0,0,0,6,10
2025-04-25 01:00:00,1857,E5,demand,fvg,fvg:demand:1856,3357.39990234375,3348.199951171875,,1,,0,0,1,1,1
2025-04-25 17:00:00,1861,E5,supply,fvg,fvg:supply:1859,3326.89990234375,3319.10009765625,,2,,0,0,1,10,6
2025-04-27 21:00:00,1862,E5,supply,fvg,fvg:supply:1858,3357.39990234375,3337.39990234375,,4,,0,0,0,5,10
2025-04-28 01:00:00,1863,E5,demand,fvg,fvg:demand:1862,3309.5,3303.0,,1,,0,0,0,10,10
2025-04-28 17:00:00,1867,E1,supply,sd,sd:supply:1859,3421.1518603515624,3357.39990234375,-114184.0,8,9.6,0,1,0,10,10
2025-04-28 21:00:00,1868,E5,demand,fvg,fvg:demand:1867,3343.0,3313.800048828125,,1,,0,0,1,8,9
2025-04-29 09:00:00,1871,E2,demand,sd,sd:demand:1867,3311.39990234375,3246.105939941406,128611.0,4,10.9,0,0,0,5,10
2025-04-29 13:00:00,1872,E5,supply,fvg,fvg:supply:1870,3337.300048828125,3334.800048828125,,2,,0,1,0,8,8
2025-05-01 01:00:00,1881,E2,demand,sd,sd:demand:1822,3243.199951171875,3187.211984863281,125805.0,59,10.6,0,0,0,10,10
2025-05-01 01:00:00,1881,E5,demand,fvg,fvg:demand:1820,3245.199951171875,3243.199951171875,,61,,0,0,1,10,2
2025-05-01 13:00:00,1884,E4,demand,ob_swing,ob_swing:demand:1820,3232.60009765625,3194.5,,64,,0,1,0,10,10
2025-05-01 13:00:00,1884,E4,demand,ob_internal,ob_internal:demand:1820,3232.60009765625,3194.5,,64,,0,1,0,10,10
2025-05-02 01:00:00,1887,E5,supply,fvg,fvg:supply:1881,3293.89990234375,3259.5,,6,,0,0,1,7,8
2025-05-02 13:00:00,1890,E5,demand,fvg,fvg:demand:1888,3254.60009765625,3253.10009765625,,2,,0,1,0,5,5
2025-05-04 21:00:00,1892,E2,demand,sd,sd:demand:1822,3243.199951171875,3187.211984863281,125805.0,70,10.6,1,1,0,3,3
2025-05-04 21:00:00,1892,E5,supply,fvg,fvg:supply:1891,3256.60009765625,3249.199951171875,,1,,0,0,1,2,2
2025-05-05 09:00:00,1895,E5,supply,fvg,fvg:supply:1880,3301.60009765625,3300.60009765625,,15,,0,0,1,4,1
2025-05-05 17:00:00,1897,E4,supply,ob_swing,ob_swing:supply:1880,3363.800048828125,3343.0,,17,,0,0,1,2,2
2025-05-05 17:00:00,1897,E4,supply,ob_internal,ob_internal:supply:1880,3363.800048828125,3343.0,,17,,0,0,1,2,2
2025-05-06 01:00:00,1899,E1,supply,sd,sd:supply:1859,3421.1518603515624,3357.39990234375,-114184.0,40,9.6,1,0,0,3,10
2025-05-06 17:00:00,1903,E1,supply,sd,sd:supply:1842,3491.4890087890626,3431.800048828125,-266150.0,61,22.3,0,1,0,1,1
2025-05-06 17:00:00,1903,E5,supply,fvg,fvg:supply:1843,3435.5,3422.60009765625,,60,,0,1,0,1,1
2025-05-06 21:00:00,1904,E5,demand,fvg,fvg:demand:1903,3416.199951171875,3400.39990234375,,1,,0,0,1,8,8
2025-05-07 05:00:00,1906,E5,supply,fvg,fvg:supply:1905,3416.199951171875,3401.89990234375,,1,,0,1,0,6,6
2025-05-08 05:00:00,1912,E2,demand,sd,sd:demand:1901,3347.800048828125,3277.585070800781,138088.0,11,12.8,0,0,0,2,10
2025-05-08 05:00:00,1912,E5,demand,fvg,fvg:demand:1900,3357.39990234375,3347.800048828125,,12,,0,0,1,2,2
2025-05-08 13:00:00,1914,E5,demand,fvg,fvg:demand:1896,3314.0,3291.300048828125,,18,,0,0,1,3,8
2025-05-08 13:00:00,1914,E5,supply,fvg,fvg:supply:1913,3385.5,3364.89990234375,,1,,0,0,0,6,10
2025-05-08 21:00:00,1916,E5,supply,fvg,fvg:supply:1915,3335.199951171875,3316.300048828125,,1,,0,1,0,6,6
2025-05-09 01:00:00,1917,E5,demand,fvg,fvg:demand:1895,3290.199951171875,3280.60009765625,,22,,0,0,1,5,7
2025-05-11 21:00:00,1922,E2,demand,sd,sd:demand:1918,3316.300048828125,3242.513068847656,92186.0,4,9.7,0,0,0,2,10
2025-05-11 21:00:00,1922,E5,demand,fvg,fvg:demand:1893,3253.10009765625,3249.199951171875,,29,,0,0,1,2,3
2025-05-11 21:00:00,1922,E5,demand,fvg,fvg:demand:1894,3262.0,3259.5,,28,,0,0,1,2,2
2025-05-12 05:00:00,1924,E2,demand,sd,sd:demand:1822,3243.199951171875,3187.211984863281,125805.0,102,13.2,2,0,0,10,10
2025-05-12 05:00:00,1924,E4,demand,ob_swing,ob_swing:demand:1899,3244.39990234375,3209.39990234375,,25,,0,0,0,10,10
2025-05-12 05:00:00,1924,E4,demand,ob_internal,ob_internal:demand:1899,3244.39990234375,3209.39990234375,,25,,0,0,0,10,10
2025-05-12 13:00:00,1926,E4,demand,ob_swing,ob_swing:demand:1820,3232.60009765625,3194.5,,106,,1,0,0,10,10
2025-05-12 13:00:00,1926,E4,demand,ob_internal,ob_internal:demand:1820,3232.60009765625,3194.5,,106,,1,0,0,10,10
2025-05-12 13:00:00,1926,E5,supply,fvg,fvg:supply:1925,3262.39990234375,3238.60009765625,,1,,0,0,0,4,10
2025-05-13 09:00:00,1931,E5,demand,fvg,fvg:demand:1930,3251.800048828125,3247.699951171875,,1,,0,0,1,6,6
2025-05-14 01:00:00,1935,E2,demand,sd,sd:demand:1822,3243.199951171875,3187.211984863281,125805.0,113,11.7,3,0,1,2,6
2025-05-14 01:00:00,1935,E4,demand,ob_swing,ob_swing:demand:1899,3244.39990234375,3209.39990234375,,36,,1,0,1,2,3
2025-05-14 01:00:00,1935,E4,demand,ob_internal,ob_internal:demand:1899,3244.39990234375,3209.39990234375,,36,,1,0,1,2,3
2025-05-15 09:00:00,1943,E5,supply,fvg,fvg:supply:1942,3180.39990234375,3167.199951171875,,1,,0,0,1,1,1
2025-05-15 13:00:00,1944,E5,supply,fvg,fvg:supply:1938,3225.199951171875,3202.10009765625,,6,,0,1,0,5,5
2025-05-16 01:00:00,1947,E5,demand,fvg,fvg:demand:1945,3219.60009765625,3193.39990234375,,2,,0,0,1,2,2
2025-05-16 01:00:00,1947,E5,demand,fvg,fvg:demand:1946,3235.10009765625,3226.300048828125,,1,,0,0,1,2,2
2025-05-16 09:00:00,1949,E2,demand,sd,sd:demand:1944,3195.60009765625,3117.554111328125,170400.0,5,15.3,0,1,0,3,3
2025-05-16 09:00:00,1949,E5,demand,fvg,fvg:demand:1944,3188.300048828125,3167.199951171875,,5,,0,1,0,3,3
2025-05-16 17:00:00,1951,E5,supply,fvg,fvg:supply:1950,3198.5,3193.10009765625,,1,,0,0,1,1,1
2025-05-18 21:00:00,1952,E1,supply,sd,sd:supply:1949,3312.555085449219,3235.10009765625,-143119.0,3,11.4,0,0,0,10,10
2025-05-18 21:00:00,1952,E5,supply,fvg,fvg:supply:1948,3235.10009765625,3234.10009765625,,4,,0,0,1,10,10
2025-05-19 01:00:00,1953,E5,demand,fvg,fvg:demand:1952,3212.199951171875,3193.10009765625,,1,,0,1,0,9,9
2025-05-20 01:00:00,1959,E5,demand,fvg,fvg:demand:1953,3209.10009765625,3208.699951171875,,6,,0,1,0,3,3
2025-05-20 13:00:00,1962,E5,supply,fvg,fvg:supply:1923,3329.10009765625,3288.89990234375,,39,,0,0,0,3,10
2025-05-20 17:00:00,1963,E5,supply,fvg,fvg:supply:1922,3324.699951171875,3295.5,,41,,0,0,0,3,10
2025-05-21 01:00:00,1965,E5,demand,fvg,fvg:demand:1964,3291.89990234375,3288.89990234375,,1,,0,0,0,10,10
2025-05-21 21:00:00,1970,E4,supply,ob_internal,ob_internal:supply:1924,3352.699951171875,3324.699951171875,,46,,0,0,0,9,10
2025-05-22 13:00:00,1974,E5,demand,fvg,fvg:demand:1963,3281.199951171875,3254.10009765625,,11,,0,1,0,5,5
2025-05-22 13:00:00,1974,E5,supply,fvg,fvg:supply:1973,3321.199951171875,3315.0,,1,,0,0,1,4,5
2025-05-23 05:00:00,1978,E1,supply,sd,sd:supply:1974,3392.818942871094,3321.199951171875,-169034.0,4,12.9,0,0,0,1,10
2025-05-25 21:00:00,1982,E5,demand,fvg,fvg:demand:1980,3336.199951171875,3334.39990234375,,2,,0,0,1,8,8
2025-05-27 01:00:00,1989,E5,demand,fvg,fvg:demand:1987,3340.39990234375,3335.800048828125,,2,,0,0,1,1,1
2025-05-27 05:00:00,1990,E2,demand,sd,sd:demand:1979,3301.10009765625,3232.7001025390623,127673.0,11,10.5,0,0,0,9,10
2025-05-27 05:00:00,1990,E4,demand,ob_internal,ob_internal:demand:1979,3316.0,3277.800048828125,,11,,0,0,1,9,10
2025-05-27 05:00:00,1990,E5,demand,fvg,fvg:demand:1978,3311.89990234375,3309.5,,12,,0,0,1,9,1
2025-05-27 05:00:00,1990,E5,demand,fvg,fvg:demand:1979,3322.699951171875,3316.0,,11,,0,0,1,9,1
2025-05-27 21:00:00,1994,E5,supply,fvg,fvg:supply:1991,3330.0,3308.699951171875,,3,,0,1,0,6,6
2025-05-28 05:00:00,1996,E1,supply,sd,sd:supply:1974,3392.818942871094,3321.199951171875,-169034.0,22,12.6,1,1,0,3,3
2025-05-29 05:00:00,2002,E4,supply,ob_internal,ob_internal:supply:2000,3324.5,3304.39990234375,,2,,0,0,1,1,2
2025-05-29 05:00:00,2002,E5,supply,fvg,fvg:supply:1999,3304.39990234375,3301.0,,3,,0,0,1,1,1
2025-05-29 09:00:00,2003,E1,supply,sd,sd:supply:1991,3407.2710034179686,3342.0,-117472.0,12,8.8,0,0,0,10,10
2025-05-29 09:00:00,2003,E2,demand,sd,sd:demand:1979,3301.10009765625,3232.7001025390623,127673.0,24,9.5,1,0,0,1,10
2025-05-29 09:00:00,2003,E5,supply,fvg,fvg:supply:1990,3342.0,3332.10009765625,,13,,0,0,0,10,10
2025-05-29 13:00:00,2004,E4,supply,ob_internal,ob_internal:supply:1990,3349.699951171875,3342.0,,14,,0,0,1,10,10
2025-05-29 13:00:00,2004,E5,supply,fvg,fvg:supply:1983,3355.89990234375,3355.300048828125,,21,,0,0,0,10,10
2025-05-30 05:00:00,2008,E1,supply,sd,sd:supply:1974,3392.818942871094,3321.199951171875,-169034.0,34,13.2,2,0,0,6,10
2025-05-30 09:00:00,2009,E5,supply,fvg,fvg:supply:2008,3332.800048828125,3328.39990234375,,1,,0,0,1,5,5
2025-06-02 05:00:00,2014,E1,supply,sd,sd:supply:1991,3407.2710034179686,3342.0,-117472.0,23,9.2,1,0,0,2,10
2025-06-02 13:00:00,2016,E4,supply,ob_internal,ob_internal:supply:1912,3422.0,3385.5,,104,,0,0,0,10,10
2025-06-03 01:00:00,2019,E5,demand,fvg,fvg:demand:2017,3395.800048828125,3388.89990234375,,2,,0,0,1,3,3
2025-06-03 13:00:00,2022,E5,demand,fvg,fvg:demand:2015,3368.800048828125,3341.89990234375,,7,,0,0,0,10,10
2025-06-04 01:00:00,2025,E5,supply,fvg,fvg:supply:2020,3398.5,3392.800048828125,,5,,0,0,1,3,8
2025-06-04 05:00:00,2026,E4,supply,ob_internal,ob_internal:supply:1912,3422.0,3385.5,,114,,1,0,0,2,10
2025-06-05 01:00:00,2031,E5,demand,fvg,fvg:demand:2029,3394.39990234375,3389.0,,2,,0,0,1,3,3
2025-06-05 21:00:00,2036,E5,supply,fvg,fvg:supply:2035,3397.5,3383.39990234375,,1,,0,1,0,5,5
2025-06-06 17:00:00,2041,E4,demand,ob_internal,ob_internal:demand:2014,3332.89990234375,3294.800048828125,,27,,0,0,0,10,10
2025-06-08 21:00:00,2042,E5,demand,fvg,fvg:demand:2013,3324.300048828125,3319.699951171875,,29,,0,0,0,10,10
2025-06-09 05:00:00,2044,E1,supply,sd,sd:supply:1991,3407.2710034179686,3342.0,-117472.0,53,9.4,2,0,0,7,10
2025-06-09 05:00:00,2044,E5,supply,fvg,fvg:supply:2041,3365.60009765625,3349.10009765625,,3,,0,0,0,7,10
2025-06-09 21:00:00,2048,E5,demand,fvg,fvg:demand:2047,3346.10009765625,3344.39990234375,,1,,0,1,1,9,1
2025-06-10 05:00:00,2050,E5,supply,fvg,fvg:supply:2049,3346.10009765625,3339.699951171875,,1,,0,0,1,7,2
2025-06-10 13:00:00,2052,E5,demand,fvg,fvg:demand:2051,3347.89990234375,3339.699951171875,,1,,0,1,0,8,8
2025-06-11 09:00:00,2057,E1,supply,sd,sd:supply:2040,3436.662912597656,3377.89990234375,-132268.0,17,10.6,0,0,1,3,10
2025-06-12 05:00:00,2062,E5,demand,fvg,fvg:demand:2060,3376.300048828125,3365.60009765625,,2,,0,1,0,4,4
2025-06-12 05:00:00,2062,E5,demand,fvg,fvg:demand:2061,3382.699951171875,3376.60009765625,,1,,0,1,0,4,4
2025-06-12 09:00:00,2063,E4,supply,ob_swing,ob_swing:supply:2040,3427.699951171875,3397.5,,23,,0,0,1,3,4
2025-06-12 09:00:00,2063,E4,supply,ob_internal,ob_internal:supply:2040,3427.699951171875,3397.5,,23,,0,0,1,3,4
2025-06-12 21:00:00,2066,E1,supply,sd,sd:supply:1842,3491.4890087890626,3431.800048828125,-266150.0,224,23.6,1,0,0,1,10
2025-06-13 05:00:00,2068,E5,demand,fvg,fvg:demand:2067,3435.10009765625,3409.699951171875,,1,,0,0,0,8,10
2025-06-16 13:00:00,2076,E2,demand,sd,sd:demand:2067,3419.800048828125,3365.555041503906,103393.0,9,10.8,0,0,0,3,10
2025-06-16 21:00:00,2078,E5,supply,fvg,fvg:supply:2077,3430.10009765625,3419.39990234375,,1,,0,0,0,10,10
2025-06-17 01:00:00,2079,E5,demand,fvg,fvg:demand:2064,3398.10009765625,3396.5,,15,,0,0,0,3,10
2025-06-19 13:00:00,2094,E1,supply,sd,sd:supply:2093,3439.6979516601564,3386.699951171875,-82224.0,1,7.9,0,0,0,8,10
2025-06-20 09:00:00,2099,E5,supply,fvg,fvg:supply:2098,3378.300048828125,3371.60009765625,,1,,0,0,1,1,3
2025-06-20 13:00:00,2100,E4,supply,ob_internal,ob_internal:supply:2099,3396.89990234375,3379.800048828125,,1,,0,0,0,2,10
2025-06-22 21:00:00,2102,E5,demand,fvg,fvg:demand:2101,3380.199951171875,3375.60009765625,,1,,0,0,1,6,6
2025-06-23 09:00:00,2105,E1,supply,sd,sd:supply:2093,3439.6979516601564,3386.699951171875,-82224.0,12,7.6,1,0,0,1,5
2025-06-24 05:00:00,2110,E4,demand,ob_internal,ob_internal:demand:2059,3356.39990234375,3335.39990234375,,51,,0,0,1,1,2
2025-06-24 09:00:00,2111,E4,demand,ob_internal,ob_internal:demand:2014,3332.89990234375,3294.800048828125,,97,,1,0,0,10,10
2025-06-24 09:00:00,2111,E4,demand,ob_swing,ob_swing:demand:2066,3333.39990234375,3313.10009765625,,45,,0,0,0,10,10
2025-06-24 21:00:00,2114,E5,supply,fvg,fvg:supply:2111,3356.5,3343.199951171875,,3,,0,0,0,8,10
2025-06-25 09:00:00,2117,E5,demand,fvg,fvg:demand:2114,3334.60009765625,3334.5,,3,,0,0,1,10,10
2025-06-25 09:00:00,2117,E5,demand,fvg,fvg:demand:2115,3339.300048828125,3339.199951171875,,2,,0,0,1,10,10
2025-06-26 21:00:00,2126,E4,demand,ob_internal,ob_internal:demand:2014,3332.89990234375,3294.800048828125,,112,,2,0,1,1,4
2025-06-27 05:00:00,2128,E2,demand,sd,sd:demand:1979,3301.10009765625,3232.7001025390623,127673.0,149,10.3,2,0,0,1,10
2025-06-27 09:00:00,2129,E2,demand,sd,sd:demand:2003,3290.300048828125,3227.6810400390623,135248.0,126,10.9,0,0,0,3,8
2025-06-27 17:00:00,2131,E5,supply,fvg,fvg:supply:2130,3293.39990234375,3290.39990234375,,1,,0,0,1,3,6
2025-06-29 21:00:00,2132,E4,demand,ob_internal,ob_internal:demand:2003,3276.60009765625,3242.39990234375,,129,,0,1,0,5,5
2025-06-29 21:00:00,2132,E4,demand,ob_swing,ob_swing:demand:2014,3276.60009765625,3242.39990234375,,118,,0,1,0,5,5
2025-06-30 05:00:00,2134,E5,supply,fvg,fvg:supply:2129,3303.800048828125,3303.300048828125,,5,,0,0,1,4,4
2025-06-30 09:00:00,2135,E5,demand,fvg,fvg:demand:2134,3295.800048828125,3293.89990234375,,1,,0,1,0,4,4
2025-06-30 17:00:00,2137,E5,supply,fvg,fvg:supply:2128,3326.0,3313.10009765625,,9,,0,0,1,2,3
2025-06-30 21:00:00,2138,E1,supply,sd,sd:supply:2129,3370.2640014648437,3322.5,-133802.0,9,9.7,0,0,0,2,10
2025-07-01 01:00:00,2139,E5,supply,fvg,fvg:supply:2127,3341.199951171875,3335.10009765625,,12,,0,0,1,1,2
2025-07-01 05:00:00,2140,E4,supply,ob_swing,ob_swing:supply:2127,3363.89990234375,3344.800048828125,,13,,0,0,0,9,10
2025-07-01 05:00:00,2140,E4,supply,ob_internal,ob_internal:supply:2127,3363.89990234375,3344.800048828125,,13,,0,0,0,9,10
2025-07-01 13:00:00,2142,E5,demand,fvg,fvg:demand:2141,3350.10009765625,3335.5,,1,,0,0,0,10,10
2025-07-02 21:00:00,2150,E2,demand,sd,sd:demand:2149,3354.300048828125,3309.1960546875,85349.0,1,6.5,0,0,0,2,10
2025-07-02 21:00:00,2150,E5,supply,fvg,fvg:supply:2109,3382.89990234375,3372.89990234375,,41,,0,1,0,8,8
2025-07-03 13:00:00,2152,E5,demand,fvg,fvg:demand:2140,3335.10009765625,3326.89990234375,,12,,0,0,1,6,8
2025-07-04 01:00:00,2153,E5,supply,fvg,fvg:supply:2152,3354.10009765625,3348.5,,1,,0,1,0,5,5
2025-07-07 01:00:00,2158,E5,demand,fvg,fvg:demand:2138,3313.699951171875,3309.60009765625,,20,,0,1,0,4,4
2025-07-07 01:00:00,2158,E5,demand,fvg,fvg:demand:2139,3325.60009765625,3321.60009765625,,19,,0,1,1,4,2
2025-07-07 05:00:00,2159,E1,supply,sd,sd:supply:2129,3370.2640014648437,3322.5,-133802.0,30,10.1,1,0,0,2,10
2025-07-07 13:00:00,2161,E5,supply,fvg,fvg:supply:2158,3340.60009765625,3337.0,,3,,0,0,0,2,6
2025-07-07 13:00:00,2161,E5,supply,fvg,fvg:supply:2159,3330.5,3324.300048828125,,2,,0,0,1,2,1
2025-07-07 17:00:00,2162,E4,supply,ob_internal,ob_internal:supply:2158,3355.0,3345.800048828125,,4,,0,1,0,5,5
2025-07-08 01:00:00,2164,E5,demand,fvg,fvg:demand:2162,3337.300048828125,3322.199951171875,,2,,0,0,1,3,3
2025-07-08 01:00:00,2164,E5,demand,fvg,fvg:demand:2163,3340.800048828125,3338.0,,1,,0,0,1,3,3
2025-07-08 13:00:00,2167,E2,demand,sd,sd:demand:1979,3301.10009765625,3232.7001025390623,127673.0,188,9.7,3,0,0,4,10
2025-07-08 13:00:00,2167,E5,demand,fvg,fvg:demand:2137,3303.60009765625,3301.10009765625,,30,,0,0,0,4,10
2025-07-09 05:00:00,2171,E2,demand,sd,sd:demand:2003,3290.300048828125,3227.6810400390623,135248.0,168,9.8,1,1,0,4,4
2025-07-09 05:00:00,2171,E4,demand,ob_swing,ob_swing:demand:2141,3293.89990234375,3250.5,,30,,0,1,0,4,4
2025-07-09 05:00:00,2171,E4,demand,ob_internal,ob_internal:demand:2141,3293.89990234375,3250.5,,30,,0,1,0,4,4
2025-07-09 13:00:00,2173,E5,supply,fvg,fvg:supply:2168,3329.199951171875,3319.60009765625,,5,,0,0,1,4,8
2025-07-09 17:00:00,2174,E1,supply,sd,sd:supply:2129,3370.2640014648437,3322.5,-133802.0,45,9.7,2,0,0,4,10
2025-07-10 21:00:00,2181,E4,supply,ob_internal,ob_internal:supply:2170,3355.60009765625,3340.800048828125,,11,,0,0,1,3,4
2025-07-11 13:00:00,2185,E1,supply,sd,sd:supply:2111,3428.5959985351565,3377.5,-162359.0,74,12.1,0,0,0,3,10
2025-07-14 01:00:00,2187,E4,supply,ob_internal,ob_internal:supply:2110,3413.800048828125,3373.0,,77,,0,1,0,9,9
2025-07-14 09:00:00,2189,E5,demand,fvg,fvg:demand:2185,3361.699951171875,3355.199951171875,,4,,0,0,1,7,7
2025-07-15 01:00:00,2193,E1,supply,sd,sd:supply:2191,3408.572980957031,3367.0,-122322.0,2,9.2,0,1,0,3,3
2025-07-15 09:00:00,2195,E5,demand,fvg,fvg:demand:2194,3365.39990234375,3358.199951171875,,1,,0,0,1,1,1
2025-07-15 13:00:00,2196,E5,demand,fvg,fvg:demand:2182,3335.89990234375,3334.800048828125,,14,,0,1,0,6,6
2025-07-15 21:00:00,2198,E5,supply,fvg,fvg:supply:2197,3355.0,3338.5,,1,,0,0,1,4,4
2025-07-16 09:00:00,2201,E5,demand,fvg,fvg:demand:2200,3342.0,3339.39990234375,,1,,0,0,0,1,1
2025-07-16 13:00:00,2202,E1,supply,sd,sd:supply:2111,3428.5959985351565,3377.5,-162359.0,91,12.2,1,1,0,5,5
2025-07-16 13:00:00,2202,E4,supply,ob_internal,ob_internal:supply:2196,3375.39990234375,3355.0,,6,,0,1,0,5,5
2025-07-16 13:00:00,2202,E5,supply,fvg,fvg:supply:2196,3365.39990234375,3360.60009765625,,6,,0,1,0,5,5
2025-07-16 21:00:00,2204,E5,demand,fvg,fvg:demand:2203,3353.300048828125,3349.800048828125,,1,,0,0,1,3,2
2025-07-17 09:00:00,2207,E5,demand,fvg,fvg:demand:2174,3316.300048828125,3306.0,,33,,0,1,0,5,5
2025-07-17 13:00:00,2208,E5,supply,fvg,fvg:supply:2207,3342.5,3337.800048828125,,1,,0,0,1,5,5
2025-07-18 01:00:00,2211,E5,demand,fvg,fvg:demand:2209,3340.89990234375,3337.800048828125,,2,,0,1,0,7,7
2025-07-18 05:00:00,2212,E5,supply,fvg,fvg:supply:2205,3353.300048828125,3351.0,,7,,0,0,1,6,6
2025-07-18 09:00:00,2213,E1,supply,sd,sd:supply:2191,3408.572980957031,3367.0,-122322.0,22,9.2,1,0,0,6,10
2025-07-18 17:00:00,2215,E5,demand,fvg,fvg:demand:2214,3357.5,3356.60009765625,,1,,0,1,0,4,4
2025-07-20 21:00:00,2216,E5,demand,fvg,fvg:demand:2213,3352.89990234375,3350.300048828125,,3,,0,1,0,3,3
2025-07-21 05:00:00,2218,E1,supply,sd,sd:supply:2111,3428.5959985351565,3377.5,-162359.0,107,12.2,2,0,1,1,8
2025-07-21 05:00:00,2218,E4,supply,ob_internal,ob_internal:supply:2110,3413.800048828125,3373.0,,108,,1,0,1,1,8
2025-07-21 09:00:00,2219,E1,supply,sd,sd:supply:2093,3439.6979516601564,3386.699951171875,-82224.0,126,6.2,2,0,0,1,10
2025-07-22 01:00:00,2223,E5,demand,fvg,fvg:demand:2221,3405.699951171875,3397.10009765625,,2,,0,1,0,3,3
2025-07-22 09:00:00,2225,E5,supply,fvg,fvg:supply:2224,3406.60009765625,3405.199951171875,,1,,0,0,1,1,1
2025-07-22 13:00:00,2226,E1,supply,sd,sd:supply:1842,3491.4890087890626,3431.800048828125,-266150.0,384,22.2,2,1,0,6,6
2025-07-22 13:00:00,2226,E5,supply,fvg,fvg:supply:2075,3445.800048828125,3442.39990234375,,151,,0,1,0,6,6
2025-07-22 21:00:00,2228,E5,demand,fvg,fvg:demand:2227,3440.0,3419.800048828125,,1,,0,0,1,4,4
2025-07-23 13:00:00,2232,E4,demand,ob_internal,ob_internal:demand:2225,3416.89990234375,3392.699951171875,,7,,0,0,1,3,4
2025-07-23 13:00:00,2232,E5,demand,fvg,fvg:demand:2220,3392.699951171875,3378.300048828125,,12,,0,0,1,3,5
2025-07-23 13:00:00,2232,E5,demand,fvg,fvg:demand:2226,3415.699951171875,3405.199951171875,,6,,0,0,1,3,3
2025-07-24 05:00:00,2236,E5,demand,fvg,fvg:demand:2219,3370.300048828125,3365.199951171875,,17,,0,0,1,1,6
2025-07-24 09:00:00,2237,E2,demand,sd,sd:demand:2220,3360.199951171875,3321.8349658203124,165762.0,17,17.3,0,0,0,6,10
2025-07-24 09:00:00,2237,E4,demand,ob_internal,ob_internal:demand:2218,3360.699951171875,3351.0,,19,,0,0,1,6,7
2025-07-24 09:00:00,2237,E5,demand,fvg,fvg:demand:2218,3363.699951171875,3360.699951171875,,19,,0,0,1,6,6
2025-07-24 13:00:00,2238,E5,supply,fvg,fvg:supply:2237,3379.10009765625,3375.10009765625,,1,,0,1,0,6,6
2025-07-25 13:00:00,2244,E4,demand,ob_swing,ob_swing:demand:2219,3337.800048828125,3314.300048828125,,25,,0,0,0,6,10
2025-07-28 13:00:00,2250,E2,demand,sd,sd:demand:2174,3306.199951171875,3263.6439624023437,105084.0,76,9.4,0,1,0,10,10
2025-07-28 13:00:00,2250,E2,demand,sd,sd:demand:1979,3301.10009765625,3232.7001025390623,127673.0,271,11.4,4,1,0,10,10
2025-07-29 01:00:00,2253,E5,supply,fvg,fvg:supply:2251,3325.0,3317.89990234375,,2,,0,0,1,3,7
2025-07-29 13:00:00,2256,E5,supply,fvg,fvg:supply:2250,3331.199951171875,3330.39990234375,,6,,0,0,1,4,4
2025-07-30 05:00:00,2260,E1,supply,sd,sd:supply:2244,3404.544079589844,3367.60009765625,-165321.0,16,14.7,0,1,0,1,1
2025-07-30 05:00:00,2260,E5,supply,fvg,fvg:supply:2236,3394.89990234375,3387.699951171875,,24,,0,1,0,1,1
2025-07-30 05:00:00,2260,E5,supply,fvg,fvg:supply:2242,3367.60009765625,3364.699951171875,,18,,0,1,0,1,1
2025-07-30 05:00:00,2260,E5,supply,fvg,fvg:supply:2243,3360.10009765625,3351.39990234375,,17,,0,1,0,1,1
2025-07-31 01:00:00,2265,E5,supply,fvg,fvg:supply:2264,3342.300048828125,3338.60009765625,,1,,0,0,1,8,1
2025-07-31 13:00:00,2268,E5,demand,fvg,fvg:demand:2266,3344.300048828125,3338.60009765625,,2,,0,1,0,5,5
2025-07-31 21:00:00,2270,E1,supply,sd,sd:supply:2269,3380.4250366210936,3344.300048828125,-103641.0,1,8.4,0,0,1,3,4
2025-08-01 09:00:00,2273,E1,supply,sd,sd:supply:2244,3404.544079589844,3367.60009765625,-165321.0,29,13.4,1,0,1,2,7
2025-08-01 13:00:00,2274,E5,supply,fvg,fvg:supply:2233,3429.39990234375,3405.199951171875,,41,,0,0,0,5,10
2025-08-04 13:00:00,2280,E1,supply,sd,sd:supply:1842,3491.4890087890626,3431.800048828125,-266150.0,438,27.3,3,0,0,6,10
2025-08-05 05:00:00,2284,E5,demand,fvg,fvg:demand:2280,3419.699951171875,3415.300048828125,,4,,0,0,0,1,10
2025-08-05 13:00:00,2286,E5,supply,fvg,fvg:supply:2285,3424.800048828125,3420.89990234375,,1,,0,0,1,10,8
2025-08-05 21:00:00,2288,E4,supply,ob_internal,ob_internal:supply:2235,3451.699951171875,3438.300048828125,,53,,0,0,1,8,8
2025-08-05 21:00:00,2288,E4,supply,ob_swing,ob_swing:supply:2250,3451.699951171875,3438.300048828125,,38,,0,0,1,8,8
2025-08-06 01:00:00,2289,E5,demand,fvg,fvg:demand:2287,3432.300048828125,3420.89990234375,,2,,0,1,0,7,7
2025-08-06 05:00:00,2290,E1,supply,sd,sd:supply:1842,3491.4890087890626,3431.800048828125,-266150.0,448,27.3,4,0,1,2,10
2025-08-06 13:00:00,2292,E5,supply,fvg,fvg:supply:2291,3426.699951171875,3424.0,,1,,0,0,1,4,2
2025-08-07 13:00:00,2298,E2,demand,sd,sd:demand:2297,3438.10009765625,3403.3431030273437,132304.0,1,13.9,0,1,0,2,2
2025-08-08 09:00:00,2303,E5,demand,fvg,fvg:demand:2300,3479.5,3463.0,,3,,0,0,1,2,4
2025-08-11 05:00:00,2308,E4,demand,ob_internal,ob_internal:demand:2295,3424.0,3411.699951171875,,13,,0,0,1,3,7
2025-08-11 05:00:00,2308,E5,demand,fvg,fvg:demand:2293,3429.699951171875,3424.0,,15,,0,0,1,3,1
2025-08-12 05:00:00,2314,E5,demand,fvg,fvg:demand:2274,3392.0,3352.0,,40,,0,0,0,10,10
2025-08-13 13:00:00,2322,E5,supply,fvg,fvg:supply:2309,3431.0,3420.300048828125,,13,,0,0,0,10,10
2025-08-13 13:00:00,2322,E5,demand,fvg,fvg:demand:2321,3406.10009765625,3405.0,,1,,0,0,1,6,6
2025-08-15 01:00:00,2331,E5,supply,fvg,fvg:supply:2329,3390.5,3388.0,,2,,0,0,0,10,10
2025-08-15 09:00:00,2333,E5,demand,fvg,fvg:demand:2332,3384.5,3384.39990234375,,1,,0,0,0,3,10
2025-08-18 09:00:00,2339,E5,demand,fvg,fvg:demand:2338,3389.5,3387.699951171875,,1,,0,0,1,3,3
2025-08-18 13:00:00,2340,E4,demand,ob_internal,ob_internal:demand:2337,3387.699951171875,3368.0,,3,,0,0,0,6,10
2025-08-18 21:00:00,2342,E5,supply,fvg,fvg:supply:2341,3388.300048828125,3380.699951171875,,1,,0,0,0,10,10
2025-08-19 01:00:00,2343,E1,supply,sd,sd:supply:2341,3419.4720434570313,3384.800048828125,-88069.0,2,9.5,0,0,0,10,10
2025-08-20 01:00:00,2349,E5,supply,fvg,fvg:supply:2348,3360.699951171875,3360.5,,1,,0,0,1,2,2
2025-08-20 05:00:00,2350,E5,supply,fvg,fvg:supply:2347,3379.0,3364.10009765625,,3,,0,0,1,1,2
2025-08-20 17:00:00,2353,E4,supply,ob_internal,ob_internal:supply:2346,3403.60009765625,3389.5,,7,,0,1,0,10,10
2025-08-21 01:00:00,2355,E5,demand,fvg,fvg:demand:2352,3382.300048828125,3370.10009765625,,3,,0,0,0,2,9
2025-08-21 09:00:00,2357,E1,supply,sd,sd:supply:2341,3419.4720434570313,3384.800048828125,-88069.0,16,10.0,1,0,0,7,10
2025-08-21 09:00:00,2357,E5,supply,fvg,fvg:supply:2356,3384.300048828125,3383.89990234375,,1,,0,0,1,7,7
2025-08-22 09:00:00,2363,E5,demand,fvg,fvg:demand:2351,3366.5,3363.5,,12,,0,1,0,1,1
2025-08-22 13:00:00,2364,E4,supply,ob_swing,ob_swing:supply:2340,3423.800048828125,3406.10009765625,,24,,0,0,0,8,10
2025-08-22 13:00:00,2364,E5,supply,fvg,fvg:supply:2362,3379.300048828125,3377.800048828125,,2,,0,0,1,8,1
2025-08-24 21:00:00,2366,E5,demand,fvg,fvg:demand:2365,3414.5,3373.800048828125,,1,,0,0,0,6,10
2025-08-25 05:00:00,2368,E5,supply,fvg,fvg:supply:2367,3414.5,3413.199951171875,,1,,0,0,1,4,4
2025-08-26 17:00:00,2377,E5,supply,fvg,fvg:supply:2308,3443.10009765625,3442.699951171875,,69,,0,0,1,10,10
2025-08-27 01:00:00,2379,E5,demand,fvg,fvg:demand:2377,3428.5,3428.300048828125,,2,,0,1,0,7,7
2025-08-27 01:00:00,2379,E5,demand,fvg,fvg:demand:2378,3438.199951171875,3437.5,,1,,0,1,1,7,1
2025-08-27 09:00:00,2381,E5,supply,fvg,fvg:supply:2380,3438.199951171875,3433.60009765625,,1,,0,0,1,1,2
2025-08-28 01:00:00,2385,E5,demand,fvg,fvg:demand:2383,3445.0,3433.89990234375,,2,,0,1,0,3,3
2025-08-28 21:00:00,2390,E1,supply,sd,sd:supply:2303,3515.0229931640624,3479.5,-133037.0,87,16.7,0,0,1,4,6
2025-08-29 01:00:00,2391,E5,demand,fvg,fvg:demand:2389,3472.89990234375,3467.300048828125,,2,,0,1,0,3,3
2025-08-29 09:00:00,2393,E5,supply,fvg,fvg:supply:2392,3473.199951171875,3472.60009765625,,1,,0,0,1,1,1
2025-09-02 05:00:00,2397,E5,demand,fvg,fvg:demand:2396,3562.0,3518.0,,1,,0,1,0,2,2
2025-09-03 21:00:00,2407,E5,demand,fvg,fvg:demand:2405,3613.300048828125,3608.199951171875,,2,,0,0,1,1,1
2025-09-04 01:00:00,2408,E5,demand,fvg,fvg:demand:2400,3588.199951171875,3564.10009765625,,8,,0,1,0,8,8
2025-09-07 21:00:00,2419,E5,demand,fvg,fvg:demand:2417,3629.5,3619.199951171875,,2,,0,1,0,4,4
2025-09-08 05:00:00,2421,E5,supply,fvg,fvg:supply:2420,3639.0,3637.89990234375,,1,,0,0,1,2,1
2025-09-08 21:00:00,2425,E5,demand,fvg,fvg:demand:2424,3673.199951171875,3664.89990234375,,1,,0,0,0,6,10
2025-09-09 21:00:00,2431,E1,supply,sd,sd:supply:2430,3713.208947753906,3676.699951171875,-214492.0,1,23.4,0,0,0,2,10
2025-09-09 21:00:00,2431,E5,demand,fvg,fvg:demand:2423,3659.800048828125,3657.5,,8,,0,0,0,10,10
2025-09-11 09:00:00,2440,E5,supply,fvg,fvg:supply:2439,3676.60009765625,3675.5,,1,,0,0,0,4,10
2025-09-11 13:00:00,2441,E1,supply,sd,sd:supply:2430,3713.208947753906,3676.699951171875,-214492.0,11,23.4,1,0,0,4,10
2025-09-12 09:00:00,2446,E5,demand,fvg,fvg:demand:2445,3677.300048828125,3676.60009765625,,1,,0,0,0,4,7
2025-09-16 01:00:00,2456,E5,demand,fvg,fvg:demand:2454,3715.0,3688.39990234375,,2,,0,0,0,7,10
2025-09-17 13:00:00,2465,E5,supply,fvg,fvg:supply:2463,3726.39990234375,3722.699951171875,,2,,0,0,0,1,1
2025-09-17 17:00:00,2466,E2,demand,sd,sd:demand:2454,3683.699951171875,3646.899958496094,134672.0,12,19.2,0,0,0,3,10
2025-09-17 17:00:00,2466,E5,demand,fvg,fvg:demand:2453,3684.0,3683.699951171875,,13,,0,0,1,3,5
2025-09-18 09:00:00,2470,E5,supply,fvg,fvg:supply:2467,3707.60009765625,3705.60009765625,,3,,0,0,1,8,10
2025-09-18 13:00:00,2471,E4,demand,ob_swing,ob_swing:demand:2453,3682.0,3651.0,,18,,0,1,0,8,8
2025-09-18 13:00:00,2471,E4,demand,ob_internal,ob_internal:demand:2453,3684.300048828125,3662.800048828125,,18,,0,1,0,8,8
2025-09-19 01:00:00,2474,E5,supply,fvg,fvg:supply:2472,3696.39990234375,3680.39990234375,,2,,0,0,1,4,4
2025-09-19 09:00:00,2476,E2,demand,sd,sd:demand:2454,3683.699951171875,3646.899958496094,134672.0,22,16.1,1,1,0,3,3
2025-09-23 13:00:00,2489,E5,demand,fvg,fvg:demand:2488,3808.300048828125,3795.10009765625,,1,,0,0,1,1,6
2025-09-24 13:00:00,2495,E5,demand,fvg,fvg:demand:2484,3771.199951171875,3763.10009765625,,11,,0,0,0,10,10
2025-09-24 21:00:00,2497,E5,supply,fvg,fvg:supply:2496,3792.39990234375,3772.39990234375,,1,,0,0,1,10,10
2025-09-30 05:00:00,2517,E5,demand,fvg,fvg:demand:2516,3866.199951171875,3863.699951171875,,1,,0,1,1,5,1
2025-09-30 09:00:00,2518,E5,demand,fvg,fvg:demand:2511,3830.39990234375,3816.39990234375,,7,,0,1,0,4,4
2025-09-30 13:00:00,2519,E5,supply,fvg,fvg:supply:2518,3866.199951171875,3850.0,,1,,0,0,1,3,3
2025-10-01 05:00:00,2523,E5,demand,fvg,fvg:demand:2521,3882.39990234375,3882.300048828125,,2,,0,0,1,1,8
2025-10-02 13:00:00,2531,E5,demand,fvg,fvg:demand:2520,3867.199951171875,3850.0,,11,,0,1,0,8,8
2025-10-02 13:00:00,2531,E5,demand,fvg,fvg:demand:2530,3898.10009765625,3895.199951171875,,1,,0,1,1,8,1
2025-10-02 21:00:00,2533,E5,supply,fvg,fvg:supply:2532,3898.10009765625,3884.5,,1,,0,0,1,4,6
2025-10-07 05:00:00,2545,E5,demand,fvg,fvg:demand:2544,3975.199951171875,3971.10009765625,,1,,0,1,0,5,5
2025-10-08 13:00:00,2553,E5,demand,fvg,fvg:demand:2552,4052.5,4049.89990234375,,1,,0,0,1,2,2
2025-10-08 21:00:00,2555,E5,demand,fvg,fvg:demand:2551,4043.5,4020.89990234375,,4,,0,0,1,4,4
2025-10-09 13:00:00,2559,E2,demand,sd,sd:demand:2551,4014.60009765625,3973.1901000976563,151184.0,8,20.4,0,1,0,8,8
2025-10-09 13:00:00,2559,E5,demand,fvg,fvg:demand:2547,3983.39990234375,3979.39990234375,,12,,0,1,0,8,8
2025-10-09 21:00:00,2561,E5,supply,fvg,fvg:supply:2560,4052.800048828125,3996.5,,1,,0,0,1,4,8
2025-10-14 05:00:00,2575,E5,demand,fvg,fvg:demand:2572,4110.2998046875,4105.60009765625,,3,,0,0,0,1,6
2025-10-14 05:00:00,2575,E5,demand,fvg,fvg:demand:2574,4140.7001953125,4135.89990234375,,1,,0,0,0,1,6
2025-10-15 09:00:00,2582,E5,demand,fvg,fvg:demand:2580,4180.0,4169.0,,2,,0,1,0,7,7
2025-10-15 09:00:00,2582,E5,demand,fvg,fvg:demand:2581,4195.60009765625,4187.7998046875,,1,,0,1,0,7,7
2025-10-17 01:00:00,2592,E5,demand,fvg,fvg:demand:2591,4341.5,4308.2001953125,,1,,0,0,1,1,3
2025-10-17 13:00:00,2595,E2,demand,sd,sd:demand:2588,4241.5,4191.102993164062,150577.0,7,21.0,0,1,0,5,5
2025-10-17 13:00:00,2595,E5,demand,fvg,fvg:demand:2590,4287.2001953125,4266.7998046875,,5,,0,1,1,5,1
2025-10-19 21:00:00,2597,E5,supply,fvg,fvg:supply:2596,4294.5,4268.0,,1,,0,0,1,3,4
2025-10-20 09:00:00,2600,E1,supply,sd,sd:supply:2595,4345.99380859375,4291.2998046875,-341085.0,5,32.2,0,0,0,2,6
2025-10-21 01:00:00,2604,E5,demand,fvg,fvg:demand:2602,4354.39990234375,4344.7001953125,,2,,0,0,1,1,1
2025-10-21 05:00:00,2605,E2,demand,sd,sd:demand:2602,4280.7001953125,4223.815185546875,225458.0,3,28.0,0,0,1,1,2
2025-10-21 05:00:00,2605,E5,demand,fvg,fvg:demand:2601,4308.2998046875,4280.7001953125,,4,,0,0,1,1,1
2025-10-21 09:00:00,2606,E2,demand,sd,sd:demand:2588,4241.5,4191.102993164062,150577.0,18,18.7,1,0,1,1,1
2025-10-21 21:00:00,2609,E2,demand,sd,sd:demand:2568,4038.60009765625,3992.3540893554687,127939.0,41,18.2,0,0,0,10,10
2025-10-21 21:00:00,2609,E5,demand,fvg,fvg:demand:2568,4053.39990234375,4038.5,,41,,0,0,0,10,10
2025-10-21 21:00:00,2609,E5,demand,fvg,fvg:demand:2570,4090.5,4076.39990234375,,39,,0,0,0,10,10
2025-10-21 21:00:00,2609,E5,supply,fvg,fvg:supply:2608,4217.2001953125,4145.5,,1,,0,0,0,1,10
2025-10-23 17:00:00,2620,E2,demand,sd,sd:demand:2618,4133.60009765625,4068.910100097656,115888.0,2,17.0,0,0,0,3,10
2025-10-24 13:00:00,2625,E5,supply,fvg,fvg:supply:2624,4115.5,4110.10009765625,,1,,0,1,0,5,5
2025-10-26 21:00:00,2627,E5,demand,fvg,fvg:demand:2626,4111.0,4110.10009765625,,1,,0,0,1,2,2
2025-10-27 05:00:00,2629,E2,demand,sd,sd:demand:2568,4038.60009765625,3992.3540893554687,127939.0,61,18.7,1,0,1,2,6
2025-10-27 13:00:00,2631,E2,demand,sd,sd:demand:2551,4014.60009765625,3973.1901000976563,151184.0,80,17.9,1,0,1,4,4
2025-10-27 13:00:00,2631,E5,supply,fvg,fvg:supply:2630,4065.800048828125,4063.60009765625,,1,,0,0,0,10,10
2025-10-28 01:00:00,2634,E4,demand,ob_swing,ob_swing:demand:2569,3996.5,3957.89990234375,,65,,0,0,1,1,2
2025-10-28 01:00:00,2634,E4,demand,ob_internal,ob_internal:demand:2569,3996.5,3957.89990234375,,65,,0,0,1,1,2
2025-10-28 01:00:00,2634,E5,supply,fvg,fvg:supply:2632,4028.0,4025.800048828125,,2,,0,0,0,8,10
2025-10-28 05:00:00,2635,E5,demand,fvg,fvg:demand:2540,3925.5,3914.800048828125,,95,,0,1,0,6,6
2025-10-28 05:00:00,2635,E5,demand,fvg,fvg:demand:2541,3947.39990234375,3945.199951171875,,94,,0,1,0,6,6
2025-10-28 09:00:00,2636,E5,demand,fvg,fvg:demand:2538,3901.699951171875,3899.5,,98,,0,1,0,6,6
2025-10-28 13:00:00,2637,E5,supply,fvg,fvg:supply:2636,3978.0,3947.0,,1,,0,0,1,4,5
2025-10-28 21:00:00,2639,E5,demand,fvg,fvg:demand:2638,3959.10009765625,3947.0,,1,,0,0,0,6,10
2025-10-29 13:00:00,2643,E5,demand,fvg,fvg:demand:2642,4026.0,3993.699951171875,,1,,0,0,1,1,1
2025-10-30 01:00:00,2646,E5,supply,fvg,fvg:supply:2645,4003.39990234375,3976.60009765625,,1,,0,0,1,4,5
2025-10-30 09:00:00,2648,E5,supply,fvg,fvg:supply:2644,4026.0,4021.699951171875,,4,,0,0,0,1,10
2025-10-31 01:00:00,2652,E2,demand,sd,sd:demand:2647,4021.699951171875,3948.159948730469,86446.0,5,10.6,0,0,0,10,10
2025-10-31 01:00:00,2652,E5,demand,fvg,fvg:demand:2651,4029.300048828125,4028.300048828125,,1,,0,0,1,10,5
2025-11-03 21:00:00,2663,E2,demand,sd,sd:demand:2647,4021.699951171875,3948.159948730469,86446.0,16,10.6,1,0,0,4,10
2025-11-05 01:00:00,2670,E1,supply,sd,sd:supply:2668,4052.877001953125,3975.0,-166316.0,2,16.5,0,0,0,7,10
2025-11-05 01:00:00,2670,E5,supply,fvg,fvg:supply:2668,3992.89990234375,3981.199951171875,,2,,0,0,0,7,10
2025-11-05 09:00:00,2672,E5,demand,fvg,fvg:demand:2671,3970.300048828125,3951.5,,1,,0,0,0,10,10
2025-11-06 05:00:00,2677,E4,supply,ob_internal,ob_internal:supply:2668,4043.10009765625,4006.0,,9,,0,0,0,10,10
2025-11-06 13:00:00,2679,E5,demand,fvg,fvg:demand:2678,4012.0,3998.699951171875,,1,,0,1,0,10,10
2025-11-07 01:00:00,2682,E5,supply,fvg,fvg:supply:2680,4012.0,4003.699951171875,,2,,0,0,1,7,7
2025-11-10 05:00:00,2690,E1,supply,sd,sd:supply:2629,4160.8299487304685,4093.199951171875,-141958.0,61,16.9,0,0,0,3,10
2025-11-10 09:00:00,2691,E4,supply,ob_internal,ob_internal:supply:2629,4156.0,4093.199951171875,,62,,0,0,0,3,10
2025-11-11 01:00:00,2695,E4,supply,ob_swing,ob_swing:supply:2631,4171.5,4141.10009765625,,64,,0,0,1,9,9
2025-11-11 05:00:00,2696,E5,demand,fvg,fvg:demand:2695,4133.89990234375,4123.89990234375,,1,,0,0,0,2,8
2025-11-11 13:00:00,2698,E5,demand,fvg,fvg:demand:2694,4117.60009765625,4115.0,,4,,0,1,0,6,6
2025-11-11 21:00:00,2700,E5,supply,fvg,fvg:supply:2699,4139.39990234375,4138.5,,1,,0,0,1,4,4
2025-11-12 21:00:00,2706,E5,demand,fvg,fvg:demand:2705,4196.0,4145.89990234375,,1,,0,0,1,5,9
2025-11-13 05:00:00,2708,E5,supply,fvg,fvg:supply:2607,4257.7001953125,4238.89990234375,,101,,0,1,0,3,3
2025-11-13 13:00:00,2710,E2,demand,sd,sd:demand:2708,4218.5,4138.085998535156,87884.0,2,14.8,0,0,1,1,6
2025-11-13 13:00:00,2710,E5,demand,fvg,fvg:demand:2709,4224.0,4223.89990234375,,1,,0,0,1,1,1
2025-11-14 01:00:00,2713,E5,supply,fvg,fvg:supply:2711,4224.0,4212.7998046875,,2,,0,1,0,2,2
2025-11-14 09:00:00,2715,E4,demand,ob_internal,ob_internal:demand:2704,4153.39990234375,4102.7998046875,,11,,0,0,1,1,1
2025-11-14 13:00:00,2716,E5,demand,fvg,fvg:demand:2690,4058.699951171875,4032.10009765625,,26,,0,0,0,5,10
2025-11-14 13:00:00,2716,E5,demand,fvg,fvg:demand:2691,4079.5,4065.89990234375,,25,,0,0,1,5,8
2025-11-17 17:00:00,2724,E2,demand,sd,sd:demand:2690,4013.10009765625,3934.2481005859377,81425.0,34,8.9,0,0,0,3,10
2025-11-17 17:00:00,2724,E5,demand,fvg,fvg:demand:2689,4026.800048828125,4013.10009765625,,35,,0,0,0,3,10
2025-11-19 01:00:00,2732,E5,demand,fvg,fvg:demand:2730,4059.300048828125,4050.199951171875,,2,,0,0,0,6,10
2025-11-19 13:00:00,2735,E5,supply,fvg,fvg:supply:2716,4162.10009765625,4121.2998046875,,19,,0,0,0,10,10
2025-11-21 09:00:00,2746,E5,supply,fvg,fvg:supply:2745,4071.0,4063.39990234375,,1,,0,0,1,9,9
2025-11-25 01:00:00,2757,E5,demand,fvg,fvg:demand:2756,4124.0,4097.39990234375,,1,,0,0,0,10,10
2025-11-25 13:00:00,2760,E1,supply,sd,sd:supply:2716,4258.977189941406,4176.2001953125,-244232.0,44,26.3,0,0,0,1,10
2025-11-28 13:00:00,2770,E4,supply,ob_internal,ob_internal:supply:2717,4250.0,4224.0,,53,,0,0,0,5,10
2025-12-01 01:00:00,2773,E5,supply,fvg,fvg:supply:2606,4348.39990234375,4291.39990234375,,167,,0,1,0,9,9
2025-12-02 01:00:00,2779,E5,demand,fvg,fvg:demand:2771,4205.0,4198.2001953125,,8,,0,0,0,2,10
2025-12-04 09:00:00,2793,E5,supply,fvg,fvg:supply:2792,4232.2998046875,4227.60009765625,,1,,0,0,1,7,7
2025-12-05 13:00:00,2800,E5,demand,fvg,fvg:demand:2798,4243.60009765625,4240.89990234375,,2,,0,0,0,2,10
2025-12-10 13:00:00,2819,E5,supply,fvg,fvg:supply:2818,4232.5,4230.2998046875,,1,,0,0,1,1,1
2025-12-11 01:00:00,2822,E5,demand,fvg,fvg:demand:2821,4251.0,4235.2998046875,,1,,0,1,0,3,3
2025-12-11 09:00:00,2824,E5,supply,fvg,fvg:supply:2823,4251.0,4247.39990234375,,1,,0,0,1,1,1
2025-12-12 09:00:00,2830,E4,supply,ob_swing,ob_swing:supply:2607,4398.0,4354.39990234375,,223,,0,1,0,1,1
2025-12-12 09:00:00,2830,E4,supply,ob_internal,ob_internal:supply:2607,4398.0,4354.39990234375,,223,,0,1,0,1,1
2025-12-12 09:00:00,2830,E5,supply,fvg,fvg:supply:2605,4370.2001953125,4360.7001953125,,225,,0,1,0,1,1
2025-12-12 13:00:00,2831,E5,demand,fvg,fvg:demand:2826,4292.60009765625,4253.89990234375,,5,,0,0,0,10,10
2025-12-12 13:00:00,2831,E5,demand,fvg,fvg:demand:2830,4338.0,4307.60009765625,,1,,0,0,0,10,10
2025-12-14 21:00:00,2834,E5,supply,fvg,fvg:supply:2832,4338.0,4336.10009765625,,2,,0,0,1,2,2
2025-12-15 13:00:00,2838,E5,demand,fvg,fvg:demand:2835,4337.7001953125,4335.0,,3,,0,0,1,10,4
2025-12-15 13:00:00,2838,E5,demand,fvg,fvg:demand:2836,4357.7998046875,4339.7001953125,,2,,0,0,1,10,3
2025-12-15 13:00:00,2838,E5,demand,fvg,fvg:demand:2837,4369.39990234375,4363.10009765625,,1,,0,0,1,10,1
2025-12-16 09:00:00,2843,E5,supply,fvg,fvg:supply:2842,4329.7001953125,4318.89990234375,,1,,0,0,1,1,1
2025-12-16 13:00:00,2844,E5,supply,fvg,fvg:supply:2839,4369.39990234375,4347.0,,5,,0,0,0,4,10
2025-12-17 01:00:00,2847,E4,supply,ob_swing,ob_swing:supply:2607,4398.0,4354.39990234375,,240,,1,0,0,9,10
2025-12-17 01:00:00,2847,E4,supply,ob_internal,ob_internal:supply:2607,4398.0,4354.39990234375,,240,,1,0,0,9,10
2025-12-18 01:00:00,2853,E5,demand,fvg,fvg:demand:2851,4360.2001953125,4353.7001953125,,2,,0,0,0,10,10
2025-12-19 21:00:00,2864,E5,demand,fvg,fvg:demand:2863,4368.0,4362.39990234375,,1,,0,1,0,3,3
2025-12-23 13:00:00,2875,E2,demand,sd,sd:demand:2873,4477.2998046875,4404.777814941406,67435.0,2,11.0,0,1,0,8,8
2025-12-23 13:00:00,2875,E5,demand,fvg,fvg:demand:2870,4464.10009765625,4449.89990234375,,5,,0,1,0,8,8
2025-12-23 13:00:00,2875,E5,demand,fvg,fvg:demand:2872,4502.2001953125,4477.2998046875,,3,,0,1,0,8,8
2025-12-24 01:00:00,2878,E4,demand,ob_internal,ob_internal:demand:2877,4529.2998046875,4457.7001953125,,1,,0,0,0,1,10
2025-12-26 09:00:00,2882,E5,demand,fvg,fvg:demand:2881,4535.7001953125,4518.2001953125,,1,,0,0,1,4,6
2025-12-28 21:00:00,2886,E4,demand,ob_internal,ob_internal:demand:2883,4518.2001953125,4474.2998046875,,3,,0,0,1,2,4
2025-12-28 21:00:00,2886,E5,demand,fvg,fvg:demand:2882,4531.2001953125,4513.39990234375,,4,,0,0,1,2,2
2025-12-29 05:00:00,2888,E2,demand,sd,sd:demand:2873,4477.2998046875,4404.777814941406,67435.0,15,11.0,1,0,1,2,2
2025-12-29 05:00:00,2888,E4,demand,ob_internal,ob_internal:demand:2877,4529.2998046875,4457.7001953125,,11,,1,0,1,2,2
2025-12-29 13:00:00,2890,E2,demand,sd,sd:demand:2845,4318.89990234375,4242.564921875,151588.0,45,24.7,0,0,0,10,10
2025-12-29 13:00:00,2890,E5,demand,fvg,fvg:demand:2844,4319.2001953125,4318.89990234375,,46,,0,0,0,10,10
2025-12-29 13:00:00,2890,E5,demand,fvg,fvg:demand:2845,4326.2998046875,4323.39990234375,,45,,0,0,0,10,10
2025-12-29 13:00:00,2890,E5,demand,fvg,fvg:demand:2866,4391.7001953125,4387.2998046875,,24,,0,0,1,10,1
2025-12-29 13:00:00,2890,E5,demand,fvg,fvg:demand:2867,4429.60009765625,4397.10009765625,,23,,0,0,1,10,1
2025-12-29 13:00:00,2890,E5,demand,fvg,fvg:demand:2868,4439.5,4433.7001953125,,22,,0,0,1,10,1
2025-12-29 21:00:00,2892,E5,supply,fvg,fvg:supply:2891,4454.39990234375,4362.5,,1,,0,0,0,3,10
2025-12-30 17:00:00,2897,E5,demand,fvg,fvg:demand:2894,4366.60009765625,4366.0,,3,,0,0,1,3,3
2025-12-31 01:00:00,2899,E1,supply,sd,sd:supply:2898,4457.247788085938,4379.7998046875,-106149.0,1,13.2,0,0,0,6,10
2025-12-31 01:00:00,2899,E5,supply,fvg,fvg:supply:2898,4370.5,4366.10009765625,,1,,0,0,1,6,8
2025-12-31 05:00:00,2900,E2,demand,sd,sd:demand:2845,4318.89990234375,4242.564921875,151588.0,55,18.9,1,1,0,5,5
2026-01-02 05:00:00,2905,E4,supply,ob_internal,ob_internal:supply:2900,4420.5,4370.5,,5,,0,0,1,7,9
2026-01-02 13:00:00,2907,E5,demand,fvg,fvg:demand:2905,4383.5,4345.7001953125,,2,,0,1,0,4,4
2026-01-02 13:00:00,2907,E5,demand,fvg,fvg:demand:2906,4395.60009765625,4333.2001953125,,1,,0,1,0,4,4
2026-01-04 21:00:00,2910,E1,supply,sd,sd:supply:2898,4457.247788085938,4379.7998046875,-106149.0,12,13.2,1,0,1,3,10
2026-01-04 21:00:00,2910,E5,supply,fvg,fvg:supply:2908,4395.60009765625,4344.5,,2,,0,0,1,3,2
2026-01-05 13:00:00,2914,E5,demand,fvg,fvg:demand:2912,4410.0,4406.39990234375,,2,,0,0,0,10,10
2026-01-06 13:00:00,2920,E5,supply,fvg,fvg:supply:2889,4511.60009765625,4496.60009765625,,31,,0,0,0,10,10
2026-01-07 01:00:00,2923,E5,demand,fvg,fvg:demand:2921,4488.0,4479.2001953125,,2,,0,0,1,3,3
2026-01-08 13:00:00,2932,E5,supply,fvg,fvg:supply:2930,4455.10009765625,4448.39990234375,,2,,0,0,1,6,2
2026-01-08 17:00:00,2933,E5,supply,fvg,fvg:supply:2924,4493.2001953125,4485.0,,9,,0,0,1,5,8
2026-01-11 21:00:00,2941,E5,supply,fvg,fvg:supply:2887,4552.7001953125,4545.0,,54,,0,0,1,4,1
2026-01-14 13:00:00,2957,E2,demand,sd,sd:demand:2956,4624.89990234375,4549.700927734375,100414.0,1,15.5,0,0,0,3,10
2026-01-14 13:00:00,2957,E4,demand,ob_internal,ob_internal:demand:2955,4624.89990234375,4576.7001953125,,2,,0,0,0,3,10
2026-01-14 13:00:00,2957,E5,demand,fvg,fvg:demand:2955,4624.7001953125,4618.39990234375,,2,,0,0,1,3,3
2026-01-16 01:00:00,2966,E1,supply,sd,sd:supply:2965,4677.366059570312,4604.60009765625,-120915.0,1,15.8,0,1,0,3,3
2026-01-16 13:00:00,2969,E5,demand,fvg,fvg:demand:2942,4573.10009765625,4520.2998046875,,27,,0,1,0,3,3
2026-01-20 13:00:00,2975,E5,demand,fvg,fvg:demand:2974,4727.2001953125,4672.2998046875,,1,,0,1,0,3,3
2026-01-21 13:00:00,2981,E5,demand,fvg,fvg:demand:2979,4835.2001953125,4792.89990234375,,2,,0,0,0,1,7
2026-01-21 17:00:00,2982,E5,demand,fvg,fvg:demand:2978,4788.5,4771.5,,4,,0,0,0,1,6
2026-01-22 13:00:00,2987,E1,supply,sd,sd:supply:2983,4924.876953125,4854.5,-232439.0,4,24.3,0,0,1,1,6
2026-01-22 13:00:00,2987,E5,demand,fvg,fvg:demand:2986,4815.2998046875,4810.60009765625,,1,,0,1,0,6,6
2026-01-23 05:00:00,2991,E5,demand,fvg,fvg:demand:2989,4918.2998046875,4888.10009765625,,2,,0,1,0,5,5
2026-01-23 05:00:00,2991,E5,demand,fvg,fvg:demand:2990,4938.0,4932.2001953125,,1,,0,1,0,5,5
2026-01-26 17:00:00,3001,E5,demand,fvg,fvg:demand:2996,5010.89990234375,4991.39990234375,,5,,0,0,0,1,6
2026-01-26 17:00:00,3001,E5,demand,fvg,fvg:demand:2997,5028.0,4990.2001953125,,4,,0,0,0,1,6
2026-01-26 21:00:00,3002,E2,demand,sd,sd:demand:2998,4991.39990234375,4920.095942382813,124966.0,4,18.7,0,1,0,5,5
2026-01-28 13:00:00,3012,E5,demand,fvg,fvg:demand:3011,5271.0,5244.0,,1,,0,1,0,2,2
2026-01-29 13:00:00,3018,E2,demand,sd,sd:demand:3014,5331.2001953125,5252.327250976563,263897.0,4,32.9,0,0,1,3,4
2026-01-29 13:00:00,3018,E5,demand,fvg,fvg:demand:3008,5154.7998046875,5100.2998046875,,10,,0,0,1,3,5
2026-01-29 13:00:00,3018,E5,demand,fvg,fvg:demand:3010,5237.10009765625,5190.7998046875,,8,,0,0,1,3,4
2026-01-29 13:00:00,3018,E5,demand,fvg,fvg:demand:3014,5409.39990234375,5334.5,,4,,0,0,1,3,3
2026-01-29 13:00:00,3018,E5,demand,fvg,fvg:demand:3015,5472.39990234375,5425.10009765625,,3,,0,0,1,3,1
2026-01-29 21:00:00,3020,E5,supply,fvg,fvg:supply:3019,5501.0,5438.60009765625,,1,,0,1,0,1,1
2026-01-30 09:00:00,3023,E2,demand,sd,sd:demand:2998,4991.39990234375,4920.095942382813,124966.0,25,18.7,1,0,1,2,2
2026-02-02 17:00:00,3025,E2,demand,sd,sd:demand:2977,4742.89990234375,4672.858950195313,160448.0,48,18.6,0,1,0,5,5
2026-02-02 17:00:00,3025,E5,demand,fvg,fvg:demand:2973,4700.0,4602.10009765625,,52,,0,1,0,5,5
2026-02-02 17:00:00,3025,E5,demand,fvg,fvg:demand:2976,4750.2998046875,4742.89990234375,,49,,0,1,0,5,5
2026-02-02 17:00:00,3025,E5,demand,fvg,fvg:demand:2988,4871.0,4839.5,,37,,0,1,1,5,1
2026-02-02 17:00:00,3025,E5,demand,fvg,fvg:demand:2994,4959.5,4943.39990234375,,31,,0,1,1,5,1
2026-02-02 21:00:00,3026,E5,supply,fvg,fvg:supply:3025,4962.7001953125,4736.0,,1,,0,0,0,2,10
2026-02-03 01:00:00,3027,E5,supply,fvg,fvg:supply:3026,5006.2998046875,4853.7001953125,,1,,0,0,0,3,10
2026-02-03 17:00:00,3031,E5,demand,fvg,fvg:demand:3029,4905.2001953125,4882.0,,2,,0,0,0,8,10
2026-02-04 09:00:00,3035,E5,demand,fvg,fvg:demand:3034,5071.0,5039.7001953125,,1,,0,0,1,1,1
2026-02-04 13:00:00,3036,E5,demand,fvg,fvg:demand:3033,5006.39990234375,4992.7001953125,,3,,0,0,1,8,3
2026-02-04 21:00:00,3038,E5,supply,fvg,fvg:supply:3037,5036.0,4979.39990234375,,1,,0,1,0,6,6
2026-02-05 21:00:00,3044,E2,demand,sd,sd:demand:3029,4736.0,4633.725043945313,108916.0,15,12.8,0,1,0,7,7
2026-02-05 21:00:00,3044,E2,demand,sd,sd:demand:2977,4742.89990234375,4672.858950195313,160448.0,67,18.9,1,1,0,7,7
2026-02-05 21:00:00,3044,E5,demand,fvg,fvg:demand:3027,4768.5,4736.0,,17,,0,1,0,7,7
2026-02-09 21:00:00,3057,E5,demand,fvg,fvg:demand:3056,5064.39990234375,5062.60009765625,,1,,0,0,0,10,10
2026-02-11 21:00:00,3069,E4,demand,ob_internal,ob_internal:demand:3068,5107.10009765625,5011.0,,1,,0,0,1,4,4
2026-02-12 13:00:00,3073,E5,demand,fvg,fvg:demand:3049,4960.39990234375,4926.0,,24,,0,0,0,10,10
2026-02-13 01:00:00,3076,E5,supply,fvg,fvg:supply:3074,5070.60009765625,5004.39990234375,,2,,0,0,0,4,10
2026-02-13 17:00:00,3080,E1,supply,sd,sd:supply:3074,5191.651967773438,5065.0,-118372.0,6,12.1,0,1,0,4,4
2026-02-15 21:00:00,3082,E5,demand,fvg,fvg:demand:3080,5027.7998046875,5002.7998046875,,2,,0,0,1,2,2
2026-02-18 09:00:00,3091,E5,supply,fvg,fvg:supply:3085,4986.0,4964.0,,6,,0,0,0,1,10
2026-02-18 09:00:00,3091,E5,demand,fvg,fvg:demand:3090,4936.2998046875,4905.2001953125,,1,,0,0,0,10,10
2026-02-18 13:00:00,3092,E5,supply,fvg,fvg:supply:3084,5018.2001953125,4972.2998046875,,8,,0,0,0,10,10
2026-02-18 21:00:00,3094,E5,demand,fvg,fvg:demand:3093,4993.7001953125,4967.5,,1,,0,0,0,10,10
2026-02-19 05:00:00,3096,E4,supply,ob_internal,ob_internal:supply:3086,5069.10009765625,5027.7998046875,,10,,0,0,1,8,10
2026-02-20 13:00:00,3104,E1,supply,sd,sd:supply:3074,5191.651967773438,5065.0,-118372.0,30,12.1,1,0,1,3,8
2026-02-20 17:00:00,3105,E4,supply,ob_internal,ob_internal:supply:3073,5123.39990234375,5090.10009765625,,32,,0,0,1,2,2
2026-02-23 05:00:00,3109,E5,demand,fvg,fvg:demand:3107,5151.0,5120.7001953125,,2,,0,1,0,4,4
2026-02-23 05:00:00,3109,E5,demand,fvg,fvg:demand:3108,5161.60009765625,5131.0,,1,,0,1,0,4,4
2026-02-23 21:00:00,3113,E5,supply,fvg,fvg:supply:3022,5400.0,5269.2001953125,,91,,0,1,0,4,4
2026-02-24 01:00:00,3114,E2,demand,sd,sd:demand:3112,5183.2998046875,5054.415834960938,88456.0,2,11.1,0,0,0,3,10
2026-02-24 01:00:00,3114,E5,demand,fvg,fvg:demand:3112,5211.2001953125,5186.39990234375,,2,,0,0,1,3,3
2026-02-25 01:00:00,3120,E5,supply,fvg,fvg:supply:3115,5236.7998046875,5205.60009765625,,5,,0,0,0,10,10
2026-02-25 09:00:00,3122,E5,demand,fvg,fvg:demand:3121,5199.5,5183.89990234375,,1,,0,0,0,7,10
2026-02-25 17:00:00,3124,E2,demand,sd,sd:demand:3112,5183.2998046875,5054.415834960938,88456.0,12,11.1,1,0,0,10,10
2026-02-27 09:00:00,3134,E2,demand,sd,sd:demand:3112,5183.2998046875,5054.415834960938,88456.0,22,11.1,2,1,0,3,3
2026-03-01 21:00:00,3138,E1,supply,sd,sd:supply:3023,5493.698950195312,5400.0,-195668.0,115,24.3,0,0,0,2,9
2026-03-02 01:00:00,3139,E5,demand,fvg,fvg:demand:3138,5353.89990234375,5283.7998046875,,1,,0,0,1,3,8
2026-03-02 13:00:00,3142,E5,demand,fvg,fvg:demand:3139,5315.2998046875,5299.0,,3,,0,0,1,5,5
2026-03-02 13:00:00,3142,E5,demand,fvg,fvg:demand:3141,5386.0,5380.0,,1,,0,0,1,5,1
2026-03-02 21:00:00,3144,E5,supply,fvg,fvg:supply:3143,5386.0,5360.89990234375,,1,,0,1,0,3,3
2026-03-03 09:00:00,3147,E2,demand,sd,sd:demand:3136,5217.5,5085.303017578125,110950.0,11,13.8,0,0,1,1,1
2026-03-03 09:00:00,3147,E2,demand,sd,sd:demand:3112,5183.2998046875,5054.415834960938,88456.0,35,11.0,3,0,0,1,10
2026-03-03 09:00:00,3147,E5,demand,fvg,fvg:demand:3136,5237.39990234375,5207.0,,11,,0,0,1,1,1
2026-03-03 13:00:00,3148,E5,demand,fvg,fvg:demand:3105,5075.10009765625,5063.0,,43,,0,0,0,10,10
2026-03-04 21:00:00,3156,E5,supply,fvg,fvg:supply:3155,5167.89990234375,5165.0,,1,,0,0,0,10,10
2026-03-05 01:00:00,3157,E2,demand,sd,sd:demand:3112,5183.2998046875,5054.415834960938,88456.0,45,8.8,4,0,0,3,10
2026-03-05 05:00:00,3158,E5,demand,fvg,fvg:demand:3157,5175.2001953125,5165.0,,1,,0,0,1,2,2
2026-03-05 21:00:00,3162,E5,supply,fvg,fvg:supply:3161,5156.89990234375,5104.39990234375,,1,,0,0,0,4,10
2026-03-08 21:00:00,3169,E5,demand,fvg,fvg:demand:3167,5138.7001953125,5117.7998046875,,2,,0,1,1,7,1
2026-03-09 05:00:00,3171,E5,supply,fvg,fvg:supply:3170,5158.7001953125,5109.10009765625,,1,,0,0,1,5,8
2026-03-10 01:00:00,3176,E4,supply,ob_swing,ob_swing:supply:3169,5218.2998046875,5167.89990234375,,7,,0,0,0,3,10
2026-03-10 01:00:00,3176,E4,supply,ob_internal,ob_internal:supply:3169,5185.0,5158.7001953125,,7,,0,0,0,3,10
2026-03-10 05:00:00,3177,E4,supply,ob_internal,ob_internal:supply:3160,5204.2998046875,5175.2001953125,,17,,0,0,0,10,10
2026-03-10 09:00:00,3178,E2,demand,sd,sd:demand:3112,5183.2998046875,5054.415834960938,88456.0,66,8.9,5,0,0,9,10
2026-03-10 09:00:00,3178,E5,demand,fvg,fvg:demand:3177,5167.2998046875,5165.60009765625,,1,,0,0,0,9,10
2026-03-10 13:00:00,3179,E5,supply,fvg,fvg:supply:3148,5292.10009765625,5234.60009765625,,31,,0,0,0,10,10
2026-03-12 09:00:00,3190,E2,demand,sd,sd:demand:3112,5183.2998046875,5054.415834960938,88456.0,78,8.9,6,0,1,1,9
2026-03-12 13:00:00,3191,E5,demand,fvg,fvg:demand:3175,5127.10009765625,5124.7001953125,,16,,0,0,1,1,1
2026-03-12 17:00:00,3192,E4,demand,ob_internal,ob_internal:demand:3177,5109.10009765625,5021.2001953125,,15,,0,0,0,5,10
2026-03-12 17:00:00,3192,E4,demand,ob_swing,ob_swing:demand:3179,5109.10009765625,5021.2001953125,,13,,0,0,0,5,10
2026-03-18 09:00:00,3214,E4,demand,ob_internal,ob_internal:demand:3104,4953.0,4854.2001953125,,110,,0,0,1,2,5
2026-03-18 09:00:00,3214,E4,demand,ob_swing,ob_swing:demand:3107,4953.0,4854.2001953125,,107,,0,0,1,2,5
2026-03-18 09:00:00,3214,E5,demand,fvg,fvg:demand:3092,4962.89990234375,4962.2001953125,,122,,0,0,1,2,1
2026-03-18 13:00:00,3215,E2,demand,sd,sd:demand:3049,4848.5,4730.549038085937,141098.0,166,13.3,0,0,1,1,5
2026-03-18 17:00:00,3216,E5,supply,fvg,fvg:supply:3215,4981.10009765625,4899.0,,1,,0,1,0,3,3
2026-03-19 05:00:00,3219,E2,demand,sd,sd:demand:3029,4736.0,4633.725043945313,108916.0,190,10.3,1,0,1,1,1
2026-03-19 05:00:00,3219,E2,demand,sd,sd:demand:2977,4742.89990234375,4672.858950195313,160448.0,242,15.1,2,0,1,1,1
2026-03-19 09:00:00,3220,E2,demand,sd,sd:demand:2956,4624.89990234375,4549.700927734375,100414.0,264,9.6,1,0,0,1,4
2026-03-19 13:00:00,3221,E5,demand,fvg,fvg:demand:2941,4531.39990234375,4521.5,,280,,0,0,1,7,8
2026-03-19 17:00:00,3222,E5,supply,fvg,fvg:supply:3221,4688.0,4651.7998046875,,1,,0,0,0,2,6
2026-03-20 01:00:00,3224,E5,supply,fvg,fvg:supply:3220,4833.7001953125,4728.10009765625,,4,,0,1,0,3,3
2026-03-20 17:00:00,3228,E5,demand,fvg,fvg:demand:2939,4491.39990234375,4489.60009765625,,289,,0,0,1,1,1
2026-03-22 21:00:00,3229,E5,demand,fvg,fvg:demand:2910,4363.2998046875,4344.5,,319,,0,0,1,2,2
2026-03-22 21:00:00,3229,E5,demand,fvg,fvg:demand:2911,4397.10009765625,4342.7001953125,,318,,0,0,1,2,2
2026-03-22 21:00:00,3229,E5,demand,fvg,fvg:demand:2933,4453.7001953125,4443.2998046875,,296,,0,0,1,2,1
2026-03-23 05:00:00,3231,E2,demand,sd,sd:demand:2845,4318.89990234375,4242.564921875,151588.0,386,12.2,2,1,0,1,1
2026-03-23 05:00:00,3231,E2,demand,sd,sd:demand:2821,4230.2998046875,4148.957810058594,131289.0,410,10.6,0,1,0,1,1
2026-03-23 05:00:00,3231,E4,demand,ob_internal,ob_internal:demand:2820,4268.7998046875,4207.7998046875,,411,,0,1,0,1,1
2026-03-23 09:00:00,3232,E5,supply,fvg,fvg:supply:3230,4478.39990234375,4455.0,,2,,0,0,1,10,10
2026-03-24 21:00:00,3241,E5,supply,fvg,fvg:supply:3229,4542.10009765625,4537.10009765625,,12,,0,0,0,10,10
2026-03-25 05:00:00,3243,E5,demand,fvg,fvg:demand:3242,4553.2998046875,4485.60009765625,,1,,0,0,1,6,8
2026-03-26 05:00:00,3249,E2,demand,sd,sd:demand:3241,4443.2001953125,4309.835205078125,117802.0,8,9.8,0,0,0,10,10
2026-03-26 05:00:00,3249,E5,demand,fvg,fvg:demand:3241,4458.2001953125,4435.0,,8,,0,0,0,10,10
2026-03-26 13:00:00,3251,E5,supply,fvg,fvg:supply:3250,4495.7998046875,4453.10009765625,,1,,0,0,0,4,10
2026-03-26 17:00:00,3252,E4,demand,ob_internal,ob_internal:demand:3241,4380.10009765625,4306.2998046875,,11,,0,1,0,5,5
2026-03-27 09:00:00,3256,E5,demand,fvg,fvg:demand:3255,4434.7001953125,4409.60009765625,,1,,0,1,0,10,10
2026-03-29 21:00:00,3259,E5,demand,fvg,fvg:demand:3258,4515.0,4472.39990234375,,1,,0,1,0,7,7
2026-03-30 09:00:00,3262,E5,supply,fvg,fvg:supply:3228,4638.2001953125,4602.5,,34,,0,0,1,7,8
2026-03-30 13:00:00,3263,E5,demand,fvg,fvg:demand:3262,4551.2998046875,4548.0,,1,,0,1,0,8,8
2026-03-31 01:00:00,3266,E1,supply,sd,sd:supply:3227,4769.543994140625,4640.5,-146214.0,39,12.1,0,0,0,3,10
2026-03-31 13:00:00,3269,E4,supply,ob_internal,ob_internal:supply:3228,4738.2001953125,4640.5,,41,,0,0,1,2,6
2026-04-02 01:00:00,3278,E5,demand,fvg,fvg:demand:3271,4690.0,4682.7001953125,,7,,0,0,1,1,1
2026-04-02 05:00:00,3279,E5,demand,fvg,fvg:demand:3270,4667.0,4628.0,,9,,0,0,0,10,10
2026-04-02 13:00:00,3281,E5,supply,fvg,fvg:supply:3279,4776.60009765625,4706.60009765625,,2,,0,0,0,10,10
2026-04-02 13:00:00,3281,E5,supply,fvg,fvg:supply:3280,4675.7001953125,4661.10009765625,,1,,0,0,0,10,10
2026-04-05 21:00:00,3283,E5,demand,fvg,fvg:demand:3282,4672.7001953125,4661.10009765625,,1,,0,0,0,10,10
2026-04-07 21:00:00,3295,E1,supply,sd,sd:supply:3280,4910.03111328125,4776.60009765625,-107017.0,15,9.1,0,0,0,10,10
2026-04-08 09:00:00,3298,E5,demand,fvg,fvg:demand:3296,4817.2001953125,4745.7001953125,,2,,0,0,0,1,10
2026-04-08 17:00:00,3300,E5,demand,fvg,fvg:demand:3295,4740.5,4694.60009765625,,5,,0,0,0,10,10
2026-04-09 13:00:00,3305,E1,supply,sd,sd:supply:3280,4910.03111328125,4776.60009765625,-107017.0,25,9.1,1,1,0,8,8
2026-04-09 13:00:00,3305,E5,supply,fvg,fvg:supply:3300,4793.7001953125,4789.89990234375,,5,,0,1,0,8,8
2026-04-10 01:00:00,3308,E5,demand,fvg,fvg:demand:3305,4763.89990234375,4758.60009765625,,3,,0,0,1,5,5
2026-04-13 01:00:00,3314,E5,supply,fvg,fvg:supply:3313,4768.39990234375,4721.0,,1,,0,0,1,5,9
2026-04-13 05:00:00,3315,E5,supply,fvg,fvg:supply:3314,4764.0,4749.5,,1,,0,0,1,4,6
2026-04-13 09:00:00,3316,E5,demand,fvg,fvg:demand:3315,4737.89990234375,4721.0,,1,,0,1,0,8,8
2026-04-13 21:00:00,3319,E1,supply,sd,sd:supply:3280,4910.03111328125,4776.60009765625,-107017.0,39,9.1,2,0,0,4,10
2026-04-13 21:00:00,3319,E4,supply,ob_swing,ob_swing:supply:3313,4826.0,4784.60009765625,,6,,0,0,1,4,6
2026-04-13 21:00:00,3319,E4,supply,ob_internal,ob_internal:supply:3313,4826.0,4784.60009765625,,6,,0,0,1,4,6
2026-04-14 05:00:00,3321,E5,demand,fvg,fvg:demand:3320,4784.10009765625,4774.39990234375,,1,,0,0,0,10,10
2026-04-15 01:00:00,3326,E5,demand,fvg,fvg:demand:3325,4851.60009765625,4844.0,,1,,0,0,1,9,9
2026-04-15 05:00:00,3327,E5,demand,fvg,fvg:demand:3324,4832.89990234375,4813.0,,3,,0,0,0,8,10
2026-04-16 05:00:00,3333,E5,demand,fvg,fvg:demand:3332,4832.89990234375,4830.7998046875,,1,,0,0,1,2,5
2026-04-16 21:00:00,3337,E5,supply,fvg,fvg:supply:3336,4825.60009765625,4819.7001953125,,1,,0,0,1,3,3
2026-04-17 17:00:00,3342,E5,demand,fvg,fvg:demand:3341,4856.89990234375,4827.2001953125,,1,,0,0,1,1,1
2026-04-19 21:00:00,3343,E4,demand,ob_internal,ob_internal:demand:3340,4825.60009765625,4785.89990234375,,3,,0,0,1,9,9
2026-04-20 01:00:00,3344,E5,supply,fvg,fvg:supply:3343,4856.89990234375,4815.0,,1,,0,0,0,1,9
2026-04-20 09:00:00,3345,E5,supply,fvg,fvg:supply:3344,4848.0,4834.5,,1,,0,1,0,7,7
2026-04-21 21:00:00,3354,E5,supply,fvg,fvg:supply:3353,4781.60009765625,4742.0,,1,,0,0,0,10,10
2026-04-22 01:00:00,3355,E1,supply,sd,sd:supply:3280,4910.03111328125,4776.60009765625,-107017.0,75,9.1,3,1,0,10,10
2026-04-22 09:00:00,3357,E5,demand,fvg,fvg:demand:3356,4769.89990234375,4766.0,,1,,0,0,1,3,3
2026-04-22 13:00:00,3358,E5,demand,fvg,fvg:demand:3355,4753.5,4742.0,,3,,0,0,1,4,5
2026-04-23 01:00:00,3361,E4,demand,ob_swing,ob_swing:demand:3323,4721.0,4664.60009765625,,38,,0,0,0,6,10
2026-04-23 01:00:00,3361,E4,demand,ob_internal,ob_internal:demand:3323,4721.0,4664.60009765625,,38,,0,0,0,6,10
2026-04-24 01:00:00,3367,E4,demand,ob_internal,ob_internal:demand:3294,4694.60009765625,4631.89990234375,,73,,0,0,0,10,10
2026-04-24 01:00:00,3367,E4,demand,ob_swing,ob_swing:demand:3295,4706.60009765625,4580.39990234375,,72,,0,0,0,10,10
2026-04-24 01:00:00,3367,E5,supply,fvg,fvg:supply:3366,4732.5,4723.10009765625,,1,,0,0,0,2,10
2026-04-26 21:00:00,3372,E4,demand,ob_swing,ob_swing:demand:3323,4721.0,4664.60009765625,,49,,1,0,1,8,9
2026-04-26 21:00:00,3372,E4,demand,ob_internal,ob_internal:demand:3323,4721.0,4664.60009765625,,49,,1,0,1,8,9
2026-04-27 09:00:00,3375,E5,demand,fvg,fvg:demand:3374,4720.2001953125,4713.10009765625,,1,,0,0,1,5,5
2026-04-27 21:00:00,3378,E5,supply,fvg,fvg:supply:3377,4712.0,4700.89990234375,,1,,0,1,0,2,2
2026-04-28 01:00:00,3379,E4,demand,ob_internal,ob_internal:demand:3294,4694.60009765625,4631.89990234375,,85,,1,0,1,1,2
2026-04-28 17:00:00,3383,E5,supply,fvg,fvg:supply:3382,4628.2998046875,4608.7998046875,,1,,0,1,0,5,5
2026-04-30 09:00:00,3393,E5,supply,fvg,fvg:supply:3381,4679.7001953125,4644.0,,12,,0,0,0,10,10
2026-04-30 13:00:00,3394,E5,demand,fvg,fvg:demand:3393,4626.2998046875,4594.10009765625,,1,,0,0,0,4,10
2026-05-01 13:00:00,3400,E5,supply,fvg,fvg:supply:3398,4630.5,4628.2001953125,,2,,0,1,0,5,5
2026-05-01 13:00:00,3400,E5,supply,fvg,fvg:supply:3399,4620.2998046875,4619.2998046875,,1,,0,1,0,5,5
2026-05-04 13:00:00,3406,E4,demand,ob_internal,ob_internal:demand:3262,4538.89990234375,4444.7001953125,,144,,0,1,0,8,8
2026-05-05 13:00:00,3412,E5,supply,fvg,fvg:supply:3405,4602.0,4595.2998046875,,7,,0,0,1,2,3
2026-05-05 21:00:00,3414,E4,supply,ob_swing,ob_swing:supply:3406,4673.0,4596.89990234375,,8,,0,0,1,2,2
2026-05-05 21:00:00,3414,E4,supply,ob_internal,ob_internal:supply:3406,4673.0,4596.89990234375,,8,,0,0,1,2,2
2026-05-06 05:00:00,3416,E1,supply,sd,sd:supply:3382,4817.074013671875,4697.0,-121245.0,34,9.4,0,0,0,6,10
2026-05-06 05:00:00,3416,E4,supply,ob_swing,ob_swing:supply:3380,4757.10009765625,4705.39990234375,,36,,0,0,0,6,10
2026-05-06 05:00:00,3416,E4,supply,ob_internal,ob_internal:supply:3380,4757.10009765625,4705.39990234375,,36,,0,0,0,6,10
2026-05-06 05:00:00,3416,E5,supply,fvg,fvg:supply:3380,4697.0,4681.5,,36,,0,0,1,6,6
2026-05-06 09:00:00,3417,E5,supply,fvg,fvg:supply:3376,4720.2001953125,4718.89990234375,,41,,0,0,1,5,5
2026-05-07 13:00:00,3424,E4,demand,ob_internal,ob_internal:demand:3422,4734.60009765625,4671.0,,2,,0,0,0,2,10
2026-05-07 13:00:00,3424,E5,demand,fvg,fvg:demand:3423,4732.0,4730.5,,1,,0,0,1,2,2
2026-05-07 21:00:00,3426,E1,supply,sd,sd:supply:3382,4817.074013671875,4697.0,-121245.0,44,9.4,1,0,0,4,10
2026-05-07 21:00:00,3426,E5,demand,fvg,fvg:demand:3417,4671.0,4664.39990234375,,9,,0,0,0,8,10
2026-05-08 01:00:00,3427,E5,supply,fvg,fvg:supply:3425,4732.0,4729.5,,2,,0,0,0,10,10
2026-05-11 01:00:00,3433,E5,supply,fvg,fvg:supply:3432,4711.5,4707.5,,1,,0,0,1,3,3
2026-05-11 05:00:00,3434,E5,demand,fvg,fvg:demand:3416,4655.60009765625,4631.2001953125,,18,,0,1,0,2,2
2026-05-11 13:00:00,3436,E5,supply,fvg,fvg:supply:3433,4721.7001953125,4714.10009765625,,3,,0,0,1,2,2
2026-05-11 21:00:00,3438,E1,supply,sd,sd:supply:3280,4910.03111328125,4776.60009765625,-107017.0,158,8.9,4,1,0,4,4
2026-05-12 01:00:00,3439,E5,demand,fvg,fvg:demand:3437,4725.39990234375,4710.2001953125,,2,,0,0,1,3,3
2026-05-12 05:00:00,3440,E5,demand,fvg,fvg:demand:3436,4707.2998046875,4688.7998046875,,4,,0,0,1,2,2
2026-05-12 13:00:00,3442,E2,demand,sd,sd:demand:3437,4688.7998046875,4590.686796875,89734.0,5,7.5,0,0,0,10,10
2026-05-12 17:00:00,3443,E1,supply,sd,sd:supply:3382,4817.074013671875,4697.0,-121245.0,61,10.1,2,0,0,10,10
2026-05-12 17:00:00,3443,E5,supply,fvg,fvg:supply:3441,4720.10009765625,4719.7998046875,,2,,0,0,0,10,10
2026-05-12 21:00:00,3444,E5,supply,fvg,fvg:supply:3440,4745.2001953125,4731.0,,4,,0,0,0,10,10
2026-05-13 01:00:00,3445,E5,demand,fvg,fvg:demand:3444,4720.2998046875,4717.10009765625,,1,,0,0,1,10,3
2026-05-14 13:00:00,3454,E2,demand,sd,sd:demand:3437,4688.7998046875,4590.686796875,89734.0,17,7.5,1,0,1,2,4
2026-05-14 21:00:00,3456,E5,demand,fvg,fvg:demand:3415,4620.39990234375,4576.5,,41,,0,0,1,2,3
2026-05-15 05:00:00,3458,E4,demand,ob_swing,ob_swing:demand:3416,4594.7001953125,4510.10009765625,,42,,0,0,0,2,10
2026-05-15 05:00:00,3458,E4,demand,ob_internal,ob_internal:demand:3416,4594.7001953125,4510.10009765625,,42,,0,0,0,2,10
2026-05-15 09:00:00,3459,E5,demand,fvg,fvg:demand:3410,4540.39990234375,4540.10009765625,,49,,0,0,1,3,3
2026-05-17 21:00:00,3462,E4,demand,ob_internal,ob_internal:demand:3262,4538.89990234375,4444.7001953125,,200,,1,0,0,10,10
2026-05-18 09:00:00,3465,E5,supply,fvg,fvg:supply:3459,4608.2001953125,4577.0,,6,,0,1,0,7,7
2026-05-19 13:00:00,3472,E4,demand,ob_internal,ob_internal:demand:3262,4538.89990234375,4444.7001953125,,210,,2,0,0,3,10
2026-05-20 13:00:00,3478,E1,supply,sd,sd:supply:3473,4621.259907226562,4533.89990234375,-94408.0,5,6.8,0,0,0,10,10
2026-05-20 13:00:00,3478,E5,supply,fvg,fvg:supply:3473,4528.60009765625,4514.60009765625,,5,,0,0,1,10,3
2026-05-21 01:00:00,3481,E5,supply,fvg,fvg:supply:3470,4564.7001953125,4562.7001953125,,11,,0,0,0,10,10
2026-05-21 01:00:00,3481,E5,demand,fvg,fvg:demand:3479,4532.2998046875,4508.10009765625,,2,,0,0,0,3,10
2026-05-21 05:00:00,3482,E4,demand,ob_internal,ob_internal:demand:3262,4538.89990234375,4444.7001953125,,220,,3,0,0,2,10
2026-05-21 09:00:00,3483,E2,demand,sd,sd:demand:3479,4509.2998046875,4424.277802734375,122852.0,4,9.3,0,0,0,10,10
2026-05-22 01:00:00,3487,E5,demand,fvg,fvg:demand:3486,4526.5,4522.39990234375,,1,,0,0,1,3,9
2026-05-22 05:00:00,3488,E1,supply,sd,sd:supply:3473,4621.259907226562,4533.89990234375,-94408.0,15,7.1,1,0,0,10,10
2026-05-26 09:00:00,3494,E2,demand,sd,sd:demand:3479,4509.2998046875,4424.277802734375,122852.0,15,9.3,1,0,0,2,10
2026-05-26 17:00:00,3496,E1,supply,sd,sd:supply:3495,4585.450883789063,4505.39990234375,-134086.0,1,10.6,0,1,0,5,5
2026-05-27 13:00:00,3501,E2,demand,sd,sd:demand:3241,4443.2001953125,4309.835205078125,117802.0,260,9.3,1,0,0,3,10
2026-05-28 01:00:00,3504,E2,demand,sd,sd:demand:3256,4416.7998046875,4286.558798828125,82802.0,248,6.5,0,1,0,3,3
2026-05-28 01:00:00,3504,E4,demand,ob_swing,ob_swing:demand:3268,4416.7998046875,4348.2001953125,,236,,0,1,0,3,3
2026-05-28 09:00:00,3506,E5,supply,fvg,fvg:supply:3505,4473.2001953125,4426.0,,1,,0,0,1,1,1
2026-05-28 13:00:00,3507,E1,supply,sd,sd:supply:3495,4585.450883789063,4505.39990234375,-134086.0,12,10.1,1,0,0,6,10
2026-05-28 13:00:00,3507,E1,supply,sd,sd:supply:3473,4621.259907226562,4533.89990234375,-94408.0,34,7.1,2,0,0,6,10
2026-05-28 13:00:00,3507,E4,supply,ob_internal,ob_internal:supply:3500,4543.60009765625,4523.89990234375,,7,,0,0,1,6,6
2026-05-28 13:00:00,3507,E4,supply,ob_swing,ob_swing:supply:3504,4572.39990234375,4528.2998046875,,3,,0,0,1,6,6
2026-05-28 21:00:00,3509,E5,demand,fvg,fvg:demand:3508,4525.60009765625,4464.0,,1,,0,1,0,4,4
2026-05-29 13:00:00,3513,E5,supply,fvg,fvg:supply:3458,4618.2998046875,4610.60009765625,,55,,0,1,0,6,6
2026-06-01 05:00:00,3517,E5,demand,fvg,fvg:demand:3511,4533.0,4531.5,,6,,0,0,1,2,2
2026-06-01 09:00:00,3518,E1,supply,sd,sd:supply:3473,4621.259907226562,4533.89990234375,-94408.0,45,6.8,3,0,0,5,10
2026-06-02 09:00:00,3524,E5,demand,fvg,fvg:demand:3523,4545.7001953125,4526.7998046875,,1,,0,0,1,3,5
2026-06-02 21:00:00,3527,E5,supply,fvg,fvg:supply:3526,4542.7998046875,4522.7001953125,,1,,0,0,0,10,10
2026-06-04 09:00:00,3536,E1,supply,sd,sd:supply:3473,4621.259907226562,4533.89990234375,-94408.0,63,6.8,4,1,0,5,5
2026-06-05 09:00:00,3542,E2,demand,sd,sd:demand:3241,4443.2001953125,4309.835205078125,117802.0,301,8.5,2,0,0,1,10
2026-06-05 09:00:00,3542,E5,demand,fvg,fvg:demand:3507,4448.0,4426.0,,35,,0,0,1,1,1
2026-06-05 09:00:00,3542,E5,supply,fvg,fvg:supply:3540,4500.0,4497.0,,2,,0,1,0,1,1
2026-06-05 13:00:00,3543,E2,demand,sd,sd:demand:3256,4416.7998046875,4286.558798828125,82802.0,287,6.0,1,0,0,3,10
2026-06-05 13:00:00,3543,E4,demand,ob_internal,ob_internal:demand:3241,4380.10009765625,4306.2998046875,,302,,1,0,0,3,10
2026-06-05 13:00:00,3543,E4,demand,ob_swing,ob_swing:demand:3268,4416.7998046875,4348.2001953125,,275,,1,0,1,3,4
2026-06-07 21:00:00,3545,E5,supply,fvg,fvg:supply:3544,4430.10009765625,4372.0,,1,,0,1,0,10,10
2026-06-08 05:00:00,3547,E2,demand,sd,sd:demand:2845,4318.89990234375,4242.564921875,151588.0,702,11.4,3,0,0,8,10
2026-06-09 21:00:00,3557,E2,demand,sd,sd:demand:2821,4230.2998046875,4148.957810058594,131289.0,736,9.7,1,0,1,1,5
2026-06-10 05:00:00,3559,E5,supply,fvg,fvg:supply:3558,4274.0,4242.5,,1,,0,1,0,3,3
2026-06-10 21:00:00,3563,E2,demand,sd,sd:demand:2755,4070.60009765625,3983.868107910156,181978.0,808,13.9,0,1,0,5,5
2026-06-10 21:00:00,3563,E5,demand,fvg,fvg:demand:2754,4066.0,4064.5,,809,,0,1,0,5,5
2026-06-10 21:00:00,3563,E5,demand,fvg,fvg:demand:2755,4086.5,4081.60009765625,,808,,0,1,0,5,5
2026-06-11 01:00:00,3564,E5,supply,fvg,fvg:supply:3563,4129.60009765625,4100.0,,1,,0,0,1,4,4
2026-06-12 01:00:00,3570,E5,demand,fvg,fvg:demand:3569,4221.39990234375,4129.0,,1,,0,1,0,5,5
2026-06-14 21:00:00,3575,E1,supply,sd,sd:supply:3561,4354.038974609375,4274.0,-164236.0,14,12.5,0,0,0,3,10
2026-06-14 21:00:00,3575,E5,supply,fvg,fvg:supply:3556,4347.89990234375,4298.7998046875,,19,,0,0,0,3,10
2026-06-16 01:00:00,3582,E5,supply,fvg,fvg:supply:3581,4355.89990234375,4341.60009765625,,1,,0,0,0,10,10
2026-06-16 13:00:00,3585,E5,demand,fvg,fvg:demand:3584,4355.7001953125,4354.10009765625,,1,,0,0,1,7,7
2026-06-17 17:00:00,3592,E5,demand,fvg,fvg:demand:3575,4300.0,4256.7998046875,,17,,0,0,1,6,7
2026-06-17 17:00:00,3592,E5,demand,fvg,fvg:demand:3576,4306.39990234375,4256.2001953125,,16,,0,0,1,6,7
2026-06-18 01:00:00,3594,E5,supply,fvg,fvg:supply:3593,4343.7001953125,4335.0,,1,,0,1,0,3,3
2026-06-18 13:00:00,3597,E4,demand,ob_internal,ob_internal:demand:3575,4247.7001953125,4191.10009765625,,22,,0,0,0,3,10
2026-06-18 13:00:00,3597,E5,supply,fvg,fvg:supply:3596,4326.2998046875,4292.60009765625,,1,,0,0,0,10,10
2026-06-21 21:00:00,3601,E5,supply,fvg,fvg:supply:3600,4220.2998046875,4213.10009765625,,1,,0,1,0,8,8
2026-06-22 01:00:00,3602,E5,supply,fvg,fvg:supply:3599,4233.0,4231.39990234375,,3,,0,0,0,10,10
2026-06-23 13:00:00,3611,E5,supply,fvg,fvg:supply:3609,4196.0,4155.0,,2,,0,1,0,5,5
2026-06-24 01:00:00,3614,E2,demand,sd,sd:demand:2755,4070.60009765625,3983.868107910156,181978.0,859,14.5,1,0,0,2,10
2026-06-24 09:00:00,3616,E2,demand,sd,sd:demand:2690,4013.10009765625,3934.2481005859377,81425.0,926,6.5,1,0,0,10,10
